trip_id,arrival_time,departure_time,stop_id,stop_sequence,pickup_type,drop_off_type
77982,04:59:00,05:00:00,1,1,0,0
77982,05:03:00,05:04:00,386,2,0,0
77982,05:08:00,05:09:00,391,3,0,0
77982,05:10:00,05:11:00,248,4,0,0
77982,05:12:00,05:13:00,392,5,0,0
77982,05:15:00,05:16:00,305,6,0,0
77982,05:18:00,05:19:00,213,7,0,0
77982,05:23:00,05:24:00,358,8,0,0
77982,05:28:00,05:29:00,296,9,0,0
77982,05:31:00,05:32:00,229,10,0,0
77982,05:33:00,05:34:00,255,11,0,0
77982,05:37:00,05:38:00,316,12,0,0
77982,05:52:00,05:53:00,252,13,0,0
77982,05:57:00,05:58:00,336,14,0,0
77982,05:59:00,06:00:00,359,15,0,0
77982,06:01:00,06:02:00,322,16,0,0
77982,06:03:00,06:04:00,207,17,0,0
77982,06:05:00,06:06:00,393,18,0,0
77982,06:12:00,06:13:00,394,19,0,0
77982,06:17:00,06:18:00,275,20,0,0
77982,06:22:00,06:23:00,286,21,0,0
77982,06:29:00,06:30:00,395,22,0,0
77982,06:34:00,06:35:00,328,23,0,0
77982,06:39:00,06:40:00,396,24,0,0
77982,06:43:00,06:44:00,397,25,0,0
79226,05:03:00,05:04:00,1,1,0,0
79226,05:07:00,05:08:00,386,2,0,0
79226,05:11:00,05:12:00,387,3,0,0
79226,05:21:00,05:22:00,340,4,0,0
79226,05:30:00,05:31:00,342,5,0,0
79226,05:34:00,05:35:00,237,6,0,0
79226,05:38:00,05:39:00,349,7,0,0
78392,05:08:00,05:09:00,1,1,0,0
78392,05:13:00,05:14:00,450,2,0,0
78392,05:18:00,05:19:00,331,3,0,0
78392,05:20:00,05:21:00,245,4,0,0
78392,05:22:00,05:23:00,421,5,0,0
78392,05:28:00,05:29:00,250,6,0,0
78392,05:30:00,05:31:00,380,7,0,0
78392,05:35:00,05:36:00,384,8,0,0
78392,05:39:00,05:40:00,299,9,0,0
78392,05:43:00,05:44:00,343,10,0,0
78392,05:46:00,05:47:00,339,11,0,0
78392,05:48:00,05:49:00,354,12,0,0
78392,05:51:00,05:52:00,235,13,0,0
78392,05:56:00,05:57:00,283,14,0,0
78392,06:01:00,06:02:00,298,15,0,0
78392,06:05:00,06:06:00,367,16,0,0
78392,06:10:00,06:11:00,364,17,0,0
78392,06:16:00,06:17:00,412,18,0,0
78392,06:21:00,06:22:00,330,19,0,0
78392,06:26:00,06:27:00,203,20,0,0
78979,05:20:00,05:21:00,1,1,0,0
78979,05:30:00,05:31:00,400,2,0,0
78979,05:32:00,05:33:00,225,3,0,0
78979,05:35:00,05:36:00,382,4,0,0
78979,05:37:00,05:38:00,501,5,0,0
78979,05:39:00,05:40:00,385,6,0,0
78979,05:43:00,05:44:00,452,7,0,0
78979,05:46:00,05:47:00,449,8,0,0
78979,05:49:00,05:50:00,451,9,0,0
78979,05:52:00,05:53:00,258,10,0,0
78979,05:55:00,05:56:00,276,11,0,0
78979,05:58:00,05:59:00,281,12,0,0
78979,06:02:00,06:03:00,230,13,0,0
78979,06:04:00,06:05:00,282,14,0,0
78979,06:09:00,06:10:00,306,15,0,0
78979,06:15:00,06:16:00,310,16,0,0
78979,06:17:00,06:18:00,352,17,0,0
78979,06:22:00,06:23:00,398,18,0,0
78979,06:24:00,06:25:00,287,19,0,0
78979,06:27:00,06:28:00,453,20,0,0
78979,06:30:00,06:31:00,399,21,0,0
78002,05:29:00,05:30:00,1,1,0,0
78002,05:33:00,05:34:00,386,2,0,0
78002,05:38:00,05:39:00,391,3,0,0
78002,05:41:00,05:42:00,248,4,0,0
78002,05:43:00,05:44:00,392,5,0,0
78002,05:46:00,05:47:00,305,6,0,0
78002,05:49:00,05:50:00,213,7,0,0
78002,06:00:00,06:01:00,358,8,0,0
78002,06:06:00,06:07:00,296,9,0,0
78002,06:09:00,06:10:00,229,10,0,0
78002,06:12:00,06:13:00,255,11,0,0
78002,06:15:00,06:16:00,316,12,0,0
78002,06:18:00,06:19:00,252,13,0,0
79228,05:34:00,05:35:00,1,1,0,0
79228,05:38:00,05:39:00,386,2,0,0
79228,05:41:00,05:42:00,500,3,0,0
79228,05:43:00,05:44:00,387,4,0,0
79228,05:46:00,05:47:00,388,5,0,0
79228,05:50:00,05:51:00,520,6,0,0
79228,05:54:00,05:55:00,346,7,0,0
79228,05:59:00,06:00:00,340,8,0,0
79228,06:04:00,06:05:00,239,9,0,0
79228,06:08:00,06:09:00,232,10,0,0
79228,06:11:00,06:12:00,342,11,0,0
79228,06:16:00,06:17:00,237,12,0,0
79228,06:20:00,06:21:00,349,13,0,0
78394,05:38:00,05:39:00,1,1,0,0
78394,05:43:00,05:44:00,450,2,0,0
78394,05:48:00,05:49:00,331,3,0,0
78394,05:50:00,05:51:00,245,4,0,0
78394,05:52:00,05:53:00,421,5,0,0
78394,05:54:00,05:55:00,274,6,0,0
78394,05:56:00,05:57:00,377,7,0,0
78394,05:58:00,05:59:00,241,8,0,0
78394,06:01:00,06:02:00,250,9,0,0
78394,06:04:00,06:05:00,380,10,0,0
78394,06:08:00,06:09:00,384,11,0,0
78394,06:12:00,06:13:00,299,12,0,0
78394,06:17:00,06:18:00,343,13,0,0
78394,06:19:00,06:20:00,339,14,0,0
78981,05:54:00,05:55:00,1,1,0,0
78981,06:04:00,06:05:00,400,2,0,0
78981,06:06:00,06:07:00,225,3,0,0
78981,06:09:00,06:10:00,382,4,0,0
78981,06:11:00,06:12:00,501,5,0,0
78981,06:13:00,06:14:00,385,6,0,0
78981,06:17:00,06:18:00,452,7,0,0
78981,06:20:00,06:21:00,449,8,0,0
78981,06:23:00,06:24:00,451,9,0,0
78981,06:26:00,06:27:00,258,10,0,0
78981,06:29:00,06:30:00,276,11,0,0
78981,06:32:00,06:33:00,281,12,0,0
78981,06:36:00,06:37:00,230,13,0,0
78981,06:38:00,06:39:00,282,14,0,0
78981,06:43:00,06:44:00,306,15,0,0
78981,06:50:00,06:51:00,352,16,0,0
78981,06:53:00,06:54:00,398,17,0,0
79442,05:54:00,05:55:00,1,1,0,0
79442,05:58:00,05:59:00,386,2,0,0
79442,06:01:00,06:02:00,500,3,0,0
79442,06:03:00,06:04:00,387,4,0,0
79442,06:06:00,06:07:00,388,5,0,0
79442,06:10:00,06:11:00,520,6,0,0
79442,06:14:00,06:15:00,346,7,0,0
79442,06:19:00,06:20:00,340,8,0,0
79442,06:28:00,06:29:00,342,9,0,0
79442,06:32:00,06:33:00,237,10,0,0
79442,06:36:00,06:37:00,349,11,0,0
77983,05:59:00,06:00:00,1,1,0,0
77983,06:03:00,06:04:00,386,2,0,0
77983,06:08:00,06:09:00,391,3,0,0
77983,06:10:00,06:11:00,248,4,0,0
77983,06:12:00,06:13:00,392,5,0,0
77983,06:15:00,06:16:00,305,6,0,0
77983,06:18:00,06:19:00,213,7,0,0
77983,06:23:00,06:24:00,358,8,0,0
77983,06:28:00,06:29:00,296,9,0,0
77983,06:31:00,06:32:00,229,10,0,0
77983,06:33:00,06:34:00,255,11,0,0
77983,06:37:00,06:38:00,316,12,0,0
77983,06:52:00,06:53:00,252,13,0,0
77983,06:57:00,06:58:00,336,14,0,0
77983,06:59:00,07:00:00,359,15,0,0
77983,07:01:00,07:02:00,322,16,0,0
77983,07:03:00,07:04:00,207,17,0,0
77983,07:05:00,07:06:00,393,18,0,0
77983,07:12:00,07:13:00,394,19,0,0
77983,07:17:00,07:18:00,275,20,0,0
77983,07:22:00,07:23:00,286,21,0,0
77983,07:29:00,07:30:00,395,22,0,0
77983,07:34:00,07:35:00,328,23,0,0
77983,07:39:00,07:40:00,396,24,0,0
77983,07:43:00,07:44:00,397,25,0,0
78395,06:08:00,06:09:00,1,1,0,0
78395,06:13:00,06:14:00,450,2,0,0
78395,06:18:00,06:19:00,331,3,0,0
78395,06:20:00,06:21:00,245,4,0,0
78395,06:22:00,06:23:00,421,5,0,0
78395,06:24:00,06:25:00,274,6,0,0
78395,06:29:00,06:30:00,250,7,0,0
78395,06:31:00,06:32:00,380,8,0,0
78395,06:36:00,06:37:00,384,9,0,0
78395,06:40:00,06:41:00,299,10,0,0
78395,06:44:00,06:45:00,343,11,0,0
78395,06:47:00,06:48:00,339,12,0,0
78395,06:49:00,06:50:00,354,13,0,0
78395,06:52:00,06:53:00,235,14,0,0
78395,06:57:00,06:58:00,283,15,0,0
78395,07:02:00,07:03:00,298,16,0,0
78395,07:06:00,07:07:00,367,17,0,0
78395,07:11:00,07:12:00,364,18,0,0
78395,07:17:00,07:18:00,412,19,0,0
78395,07:22:00,07:23:00,330,20,0,0
78395,07:27:00,07:28:00,203,21,0,0
78003,06:14:00,06:15:00,1,1,0,0
78003,06:18:00,06:19:00,386,2,0,0
78003,06:23:00,06:24:00,391,3,0,0
78003,06:26:00,06:27:00,248,4,0,0
78003,06:28:00,06:29:00,392,5,0,0
78003,06:31:00,06:32:00,305,6,0,0
78003,06:34:00,06:35:00,213,7,0,0
78003,06:45:00,06:46:00,358,8,0,0
78003,06:51:00,06:52:00,296,9,0,0
78003,06:54:00,06:55:00,229,10,0,0
78003,06:57:00,06:58:00,255,11,0,0
78003,07:00:00,07:01:00,316,12,0,0
78003,07:03:00,07:04:00,252,13,0,0
78397,06:23:00,06:24:00,1,1,0,0
78397,06:28:00,06:29:00,450,2,0,0
78397,06:33:00,06:34:00,331,3,0,0
78397,06:35:00,06:36:00,245,4,0,0
78397,06:37:00,06:38:00,421,5,0,0
78397,06:39:00,06:40:00,274,6,0,0
78397,06:41:00,06:42:00,377,7,0,0
78397,06:44:00,06:45:00,241,8,0,0
78397,06:47:00,06:48:00,250,9,0,0
78397,06:49:00,06:50:00,380,10,0,0
78397,06:54:00,06:55:00,384,11,0,0
78397,06:58:00,06:59:00,299,12,0,0
78397,07:03:00,07:04:00,343,13,0,0
78397,07:05:00,07:06:00,339,14,0,0
79125,06:26:00,06:27:00,1,1,0,0
79125,06:40:00,06:41:00,400,2,0,0
79125,06:44:00,06:45:00,238,3,0,0
79125,06:48:00,06:49:00,540,4,0,0
79125,06:52:00,06:53:00,362,5,0,0
79125,07:02:00,07:03:00,374,6,0,0
79125,07:10:00,07:11:00,271,7,0,0
79125,07:17:00,07:18:00,433,8,0,0
79125,07:24:00,07:25:00,307,9,0,0
79125,07:29:00,07:30:00,256,10,0,0
79125,07:39:00,07:40:00,408,11,0,0
79125,07:50:00,07:51:00,301,12,0,0
79125,07:59:00,08:00:00,297,13,0,0
79125,08:05:00,08:06:00,324,14,0,0
79125,08:11:00,08:12:00,206,15,0,0
79125,08:20:00,08:21:00,233,16,0,0
79125,08:27:00,08:28:00,323,17,0,0
79125,08:35:00,08:36:00,309,18,0,0
79125,08:48:00,08:49:00,432,19,0,0
78004,06:29:00,06:30:00,1,1,0,0
78004,06:33:00,06:34:00,386,2,0,0
78004,06:38:00,06:39:00,391,3,0,0
78004,06:41:00,06:42:00,248,4,0,0
78004,06:43:00,06:44:00,392,5,0,0
78004,06:46:00,06:47:00,305,6,0,0
78004,06:49:00,06:50:00,213,7,0,0
78004,07:00:00,07:01:00,358,8,0,0
78004,07:06:00,07:07:00,296,9,0,0
78004,07:09:00,07:10:00,229,10,0,0
78004,07:12:00,07:13:00,255,11,0,0
78004,07:15:00,07:16:00,316,12,0,0
78004,07:18:00,07:19:00,252,13,0,0
79231,06:34:00,06:35:00,1,1,0,0
79231,06:38:00,06:39:00,386,2,0,0
79231,06:41:00,06:42:00,500,3,0,0
79231,06:43:00,06:44:00,387,4,0,0
79231,06:46:00,06:47:00,388,5,0,0
79231,06:50:00,06:51:00,520,6,0,0
79231,06:54:00,06:55:00,346,7,0,0
79231,06:59:00,07:00:00,340,8,0,0
79231,07:04:00,07:05:00,239,9,0,0
79231,07:08:00,07:09:00,232,10,0,0
79231,07:11:00,07:12:00,342,11,0,0
79231,07:15:00,07:16:00,237,12,0,0
79231,07:19:00,07:20:00,349,13,0,0
78399,06:38:00,06:39:00,1,1,0,0
78399,06:43:00,06:44:00,450,2,0,0
78399,06:48:00,06:49:00,331,3,0,0
78399,06:50:00,06:51:00,245,4,0,0
78399,06:52:00,06:53:00,421,5,0,0
78399,06:54:00,06:55:00,274,6,0,0
78399,06:56:00,06:57:00,377,7,0,0
78399,06:58:00,06:59:00,241,8,0,0
78399,07:01:00,07:02:00,250,9,0,0
78399,07:04:00,07:05:00,380,10,0,0
78399,07:08:00,07:09:00,384,11,0,0
78399,07:12:00,07:13:00,299,12,0,0
78399,07:17:00,07:18:00,343,13,0,0
78399,07:19:00,07:20:00,339,14,0,0
78399,07:21:00,07:22:00,354,15,0,0
78399,07:25:00,07:26:00,235,16,0,0
78399,07:29:00,07:30:00,283,17,0,0
78399,07:34:00,07:35:00,298,18,0,0
78983,06:46:00,06:47:00,1,1,0,0
78983,06:56:00,06:57:00,400,2,0,0
78983,06:58:00,06:59:00,225,3,0,0
78983,07:01:00,07:02:00,382,4,0,0
78983,07:03:00,07:04:00,501,5,0,0
78983,07:05:00,07:06:00,385,6,0,0
78983,07:09:00,07:10:00,452,7,0,0
78983,07:12:00,07:13:00,449,8,0,0
78983,07:15:00,07:16:00,451,9,0,0
78983,07:18:00,07:19:00,258,10,0,0
78983,07:21:00,07:22:00,276,11,0,0
78983,07:24:00,07:25:00,281,12,0,0
78983,07:28:00,07:29:00,230,13,0,0
78983,07:30:00,07:31:00,282,14,0,0
78983,07:35:00,07:36:00,306,15,0,0
78983,07:41:00,07:42:00,310,16,0,0
78983,07:43:00,07:44:00,352,17,0,0
78983,07:48:00,07:49:00,398,18,0,0
78983,07:50:00,07:51:00,287,19,0,0
78983,07:53:00,07:54:00,453,20,0,0
78983,07:56:00,07:57:00,399,21,0,0
79443,06:52:00,06:53:00,1,1,0,0
79443,06:56:00,06:57:00,386,2,0,0
79443,07:00:00,07:01:00,500,3,0,0
79443,07:02:00,07:03:00,387,4,0,0
79443,07:05:00,07:06:00,388,5,0,0
79443,07:08:00,07:09:00,520,6,0,0
79443,07:13:00,07:14:00,346,7,0,0
79443,07:17:00,07:18:00,340,8,0,0
79443,07:31:00,07:32:00,349,9,0,0
77984,06:59:00,07:00:00,1,1,0,0
77984,07:03:00,07:04:00,386,2,0,0
77984,07:08:00,07:09:00,391,3,0,0
77984,07:10:00,07:11:00,248,4,0,0
77984,07:12:00,07:13:00,392,5,0,0
77984,07:15:00,07:16:00,305,6,0,0
77984,07:18:00,07:19:00,213,7,0,0
77984,07:23:00,07:24:00,358,8,0,0
77984,07:28:00,07:29:00,296,9,0,0
77984,07:31:00,07:32:00,229,10,0,0
77984,07:33:00,07:34:00,255,11,0,0
77984,07:37:00,07:38:00,316,12,0,0
77984,07:52:00,07:53:00,252,13,0,0
77984,07:57:00,07:58:00,336,14,0,0
77984,07:59:00,08:00:00,359,15,0,0
77984,08:01:00,08:02:00,322,16,0,0
77984,08:03:00,08:04:00,207,17,0,0
77984,08:05:00,08:06:00,393,18,0,0
77984,08:12:00,08:13:00,394,19,0,0
77984,08:17:00,08:18:00,275,20,0,0
77984,08:22:00,08:23:00,286,21,0,0
77984,08:29:00,08:30:00,395,22,0,0
77984,08:34:00,08:35:00,328,23,0,0
77984,08:39:00,08:40:00,396,24,0,0
77984,08:43:00,08:44:00,397,25,0,0
78265,07:00:00,07:01:00,1,1,0,0
78265,07:10:00,07:11:00,331,2,0,0
78265,07:23:00,07:24:00,380,3,0,0
78265,07:38:00,07:39:00,339,4,0,0
78265,07:52:00,07:53:00,298,5,0,0
78265,08:15:00,08:16:00,203,6,0,0
78265,08:26:00,08:27:00,267,7,0,0
78265,08:35:00,08:36:00,204,8,0,0
78265,08:46:00,08:47:00,357,9,0,0
78265,09:01:00,09:02:00,273,10,0,0
78265,09:15:00,09:16:00,427,11,0,0
78265,09:26:00,09:27:00,308,12,0,0
78265,09:36:00,09:37:00,360,13,0,0
78265,09:49:00,09:50:00,335,14,0,0
78265,10:00:00,10:01:00,430,15,0,0
78265,10:05:00,10:06:00,304,16,0,0
78265,10:18:00,10:19:00,243,17,0,0
78402,07:08:00,07:09:00,1,1,0,0
78402,07:13:00,07:14:00,450,2,0,0
78402,07:18:00,07:19:00,331,3,0,0
78402,07:20:00,07:21:00,245,4,0,0
78402,07:22:00,07:23:00,421,5,0,0
78402,07:24:00,07:25:00,274,6,0,0
78402,07:29:00,07:30:00,250,7,0,0
78402,07:31:00,07:32:00,380,8,0,0
78402,07:36:00,07:37:00,384,9,0,0
78402,07:40:00,07:41:00,299,10,0,0
78402,07:44:00,07:45:00,343,11,0,0
78402,07:47:00,07:48:00,339,12,0,0
78402,07:49:00,07:50:00,354,13,0,0
78402,07:52:00,07:53:00,235,14,0,0
78402,07:57:00,07:58:00,283,15,0,0
78402,08:02:00,08:03:00,298,16,0,0
78402,08:06:00,08:07:00,367,17,0,0
78402,08:11:00,08:12:00,364,18,0,0
78402,08:17:00,08:18:00,412,19,0,0
78402,08:22:00,08:23:00,330,20,0,0
78402,08:27:00,08:28:00,203,21,0,0
78005,07:14:00,07:15:00,1,1,0,0
78005,07:18:00,07:19:00,386,2,0,0
78005,07:23:00,07:24:00,391,3,0,0
78005,07:26:00,07:27:00,248,4,0,0
78005,07:28:00,07:29:00,392,5,0,0
78005,07:31:00,07:32:00,305,6,0,0
78005,07:34:00,07:35:00,213,7,0,0
78005,07:45:00,07:46:00,358,8,0,0
78005,07:51:00,07:52:00,296,9,0,0
78005,07:54:00,07:55:00,229,10,0,0
78005,07:57:00,07:58:00,255,11,0,0
78005,08:00:00,08:01:00,316,12,0,0
78005,08:03:00,08:04:00,252,13,0,0
78006,07:29:00,07:30:00,1,1,0,0
78006,07:33:00,07:34:00,386,2,0,0
78006,07:38:00,07:39:00,391,3,0,0
78006,07:41:00,07:42:00,248,4,0,0
78006,07:43:00,07:44:00,392,5,0,0
78006,07:46:00,07:47:00,305,6,0,0
78006,07:49:00,07:50:00,213,7,0,0
78006,08:00:00,08:01:00,358,8,0,0
78006,08:06:00,08:07:00,296,9,0,0
78006,08:09:00,08:10:00,229,10,0,0
78006,08:12:00,08:13:00,255,11,0,0
78006,08:15:00,08:16:00,316,12,0,0
78006,08:18:00,08:19:00,252,13,0,0
79234,07:34:00,07:35:00,1,1,0,0
79234,07:38:00,07:39:00,386,2,0,0
79234,07:41:00,07:42:00,500,3,0,0
79234,07:43:00,07:44:00,387,4,0,0
79234,07:46:00,07:47:00,388,5,0,0
79234,07:50:00,07:51:00,520,6,0,0
79234,07:54:00,07:55:00,346,7,0,0
79234,07:59:00,08:00:00,340,8,0,0
79234,08:04:00,08:05:00,239,9,0,0
79234,08:08:00,08:09:00,232,10,0,0
79234,08:11:00,08:12:00,342,11,0,0
79234,08:15:00,08:16:00,237,12,0,0
79234,08:19:00,08:20:00,349,13,0,0
78404,07:38:00,07:39:00,1,1,0,0
78404,07:43:00,07:44:00,450,2,0,0
78404,07:48:00,07:49:00,331,3,0,0
78404,07:50:00,07:51:00,245,4,0,0
78404,07:52:00,07:53:00,421,5,0,0
78404,07:54:00,07:55:00,274,6,0,0
78404,07:56:00,07:57:00,377,7,0,0
78404,07:59:00,08:00:00,241,8,0,0
78404,08:02:00,08:03:00,250,9,0,0
78404,08:04:00,08:05:00,380,10,0,0
78404,08:09:00,08:10:00,384,11,0,0
78404,08:14:00,08:15:00,299,12,0,0
78404,08:19:00,08:20:00,343,13,0,0
78404,08:21:00,08:22:00,339,14,0,0
78404,08:24:00,08:25:00,354,15,0,0
78404,08:27:00,08:28:00,235,16,0,0
78404,08:32:00,08:33:00,283,17,0,0
78404,08:37:00,08:38:00,298,18,0,0
79223,07:44:00,07:45:00,1,1,0,0
79223,07:48:00,07:49:00,386,2,0,0
79223,07:53:00,07:54:00,391,3,0,0
79223,07:56:00,07:57:00,248,4,0,0
79223,07:58:00,07:59:00,392,5,0,0
79223,08:01:00,08:02:00,305,6,0,0
79223,08:05:00,08:06:00,213,7,0,0
79223,08:09:00,08:10:00,358,8,0,0
79444,07:54:00,07:55:00,1,1,0,0
79444,07:58:00,07:59:00,386,2,0,0
79444,08:01:00,08:02:00,500,3,0,0
79444,08:03:00,08:04:00,387,4,0,0
79444,08:06:00,08:07:00,388,5,0,0
79444,08:10:00,08:11:00,520,6,0,0
79444,08:14:00,08:15:00,346,7,0,0
79444,08:19:00,08:20:00,340,8,0,0
79444,08:24:00,08:25:00,239,9,0,0
79444,08:29:00,08:30:00,342,10,0,0
79444,08:33:00,08:34:00,237,11,0,0
79444,08:37:00,08:38:00,349,12,0,0
78989,07:55:00,07:56:00,1,1,0,0
78989,08:05:00,08:06:00,400,2,0,0
78989,08:07:00,08:08:00,225,3,0,0
78989,08:10:00,08:11:00,382,4,0,0
78989,08:12:00,08:13:00,501,5,0,0
78989,08:14:00,08:15:00,385,6,0,0
78989,08:18:00,08:19:00,452,7,0,0
78989,08:21:00,08:22:00,449,8,0,0
78989,08:23:00,08:24:00,451,9,0,0
78989,08:26:00,08:27:00,258,10,0,0
78989,08:30:00,08:31:00,276,11,0,0
78989,08:33:00,08:34:00,281,12,0,0
78989,08:36:00,08:37:00,230,13,0,0
78989,08:38:00,08:39:00,282,14,0,0
78989,08:43:00,08:44:00,306,15,0,0
78989,08:49:00,08:50:00,310,16,0,0
78989,08:51:00,08:52:00,352,17,0,0
78989,08:56:00,08:57:00,398,18,0,0
78989,08:58:00,08:59:00,287,19,0,0
78989,09:01:00,09:02:00,453,20,0,0
78989,09:04:00,09:05:00,399,21,0,0
77985,07:59:00,08:00:00,1,1,0,0
77985,08:03:00,08:04:00,386,2,0,0
77985,08:08:00,08:09:00,391,3,0,0
77985,08:10:00,08:11:00,248,4,0,0
77985,08:12:00,08:13:00,392,5,0,0
77985,08:15:00,08:16:00,305,6,0,0
77985,08:18:00,08:19:00,213,7,0,0
77985,08:23:00,08:24:00,358,8,0,0
77985,08:28:00,08:29:00,296,9,0,0
77985,08:31:00,08:32:00,229,10,0,0
77985,08:33:00,08:34:00,255,11,0,0
77985,08:37:00,08:38:00,316,12,0,0
77985,08:52:00,08:53:00,252,13,0,0
77985,08:57:00,08:58:00,336,14,0,0
77985,08:59:00,09:00:00,359,15,0,0
77985,09:01:00,09:02:00,322,16,0,0
77985,09:03:00,09:04:00,207,17,0,0
77985,09:05:00,09:06:00,393,18,0,0
77985,09:12:00,09:13:00,394,19,0,0
77985,09:17:00,09:18:00,275,20,0,0
77985,09:22:00,09:23:00,286,21,0,0
77985,09:29:00,09:30:00,395,22,0,0
77985,09:34:00,09:35:00,328,23,0,0
77985,09:39:00,09:40:00,396,24,0,0
77985,09:43:00,09:44:00,397,25,0,0
78107,08:00:00,08:01:00,1,1,0,0
78107,08:10:00,08:11:00,331,2,0,0
78107,08:34:00,08:35:00,339,3,0,0
78107,08:48:00,08:49:00,298,4,0,0
78107,09:11:00,09:12:00,203,5,0,0
78107,09:22:00,09:23:00,267,6,0,0
78107,09:39:00,09:40:00,357,7,0,0
78107,09:54:00,09:55:00,273,8,0,0
78107,10:07:00,10:08:00,279,9,0,0
78107,10:17:00,10:18:00,326,10,0,0
78107,10:26:00,10:27:00,208,11,0,0
78107,10:39:00,10:40:00,418,12,0,0
78107,10:47:00,10:48:00,434,13,0,0
78107,10:57:00,10:58:00,441,14,0,0
78107,11:09:00,11:10:00,379,15,0,0
78107,11:22:00,11:23:00,372,16,0,0
78107,11:31:00,11:32:00,423,17,0,0
78107,11:37:00,11:38:00,236,18,0,0
78107,11:49:00,11:50:00,311,19,0,0
78107,11:58:00,11:59:00,317,20,0,0
78107,12:09:00,12:10:00,333,21,0,0
78107,12:16:00,12:17:00,227,22,0,0
78107,12:23:00,12:24:00,446,23,0,0
78405,08:08:00,08:09:00,1,1,0,0
78405,08:13:00,08:14:00,450,2,0,0
78405,08:18:00,08:19:00,331,3,0,0
78405,08:20:00,08:21:00,245,4,0,0
78405,08:22:00,08:23:00,421,5,0,0
78405,08:24:00,08:25:00,274,6,0,0
78405,08:29:00,08:30:00,250,7,0,0
78405,08:31:00,08:32:00,380,8,0,0
78405,08:36:00,08:37:00,384,9,0,0
78405,08:40:00,08:41:00,299,10,0,0
78405,08:44:00,08:45:00,343,11,0,0
78405,08:47:00,08:48:00,339,12,0,0
78405,08:49:00,08:50:00,354,13,0,0
78405,08:52:00,08:53:00,235,14,0,0
78405,08:57:00,08:58:00,283,15,0,0
78405,09:02:00,09:03:00,298,16,0,0
78405,09:06:00,09:07:00,367,17,0,0
78405,09:11:00,09:12:00,364,18,0,0
78405,09:17:00,09:18:00,412,19,0,0
78405,09:22:00,09:23:00,330,20,0,0
78405,09:27:00,09:28:00,203,21,0,0
78007,08:14:00,08:15:00,1,1,0,0
78007,08:18:00,08:19:00,386,2,0,0
78007,08:23:00,08:24:00,391,3,0,0
78007,08:26:00,08:27:00,248,4,0,0
78007,08:28:00,08:29:00,392,5,0,0
78007,08:31:00,08:32:00,305,6,0,0
78007,08:34:00,08:35:00,213,7,0,0
78007,08:45:00,08:46:00,358,8,0,0
78007,08:51:00,08:52:00,296,9,0,0
78007,08:54:00,08:55:00,229,10,0,0
78007,08:57:00,08:58:00,255,11,0,0
78007,09:00:00,09:01:00,316,12,0,0
78007,09:03:00,09:04:00,252,13,0,0
78008,08:29:00,08:30:00,1,1,0,0
78008,08:33:00,08:34:00,386,2,0,0
78008,08:38:00,08:39:00,391,3,0,0
78008,08:41:00,08:42:00,248,4,0,0
78008,08:43:00,08:44:00,392,5,0,0
78008,08:46:00,08:47:00,305,6,0,0
78008,08:49:00,08:50:00,213,7,0,0
78008,09:00:00,09:01:00,358,8,0,0
78008,09:06:00,09:07:00,296,9,0,0
78008,09:09:00,09:10:00,229,10,0,0
78008,09:12:00,09:13:00,255,11,0,0
78008,09:15:00,09:16:00,316,12,0,0
78008,09:18:00,09:19:00,252,13,0,0
79237,08:34:00,08:35:00,1,1,0,0
79237,08:38:00,08:39:00,386,2,0,0
79237,08:41:00,08:42:00,500,3,0,0
79237,08:43:00,08:44:00,387,4,0,0
79237,08:46:00,08:47:00,388,5,0,0
79237,08:50:00,08:51:00,520,6,0,0
79237,08:54:00,08:55:00,346,7,0,0
79237,08:59:00,09:00:00,340,8,0,0
79237,09:04:00,09:05:00,239,9,0,0
79237,09:08:00,09:09:00,232,10,0,0
79237,09:11:00,09:12:00,342,11,0,0
79237,09:15:00,09:16:00,237,12,0,0
79237,09:19:00,09:20:00,349,13,0,0
78407,08:38:00,08:39:00,1,1,0,0
78407,08:43:00,08:44:00,450,2,0,0
78407,08:48:00,08:49:00,331,3,0,0
78407,08:50:00,08:51:00,245,4,0,0
78407,08:52:00,08:53:00,421,5,0,0
78407,08:54:00,08:55:00,274,6,0,0
78407,08:56:00,08:57:00,377,7,0,0
78407,08:58:00,08:59:00,241,8,0,0
78407,09:01:00,09:02:00,250,9,0,0
78407,09:04:00,09:05:00,380,10,0,0
78407,09:08:00,09:09:00,384,11,0,0
78407,09:13:00,09:14:00,299,12,0,0
78407,09:17:00,09:18:00,343,13,0,0
78407,09:20:00,09:21:00,339,14,0,0
78407,09:22:00,09:23:00,354,15,0,0
78407,09:25:00,09:26:00,235,16,0,0
78407,09:30:00,09:31:00,283,17,0,0
78407,09:35:00,09:36:00,298,18,0,0
78993,08:55:00,08:56:00,1,1,0,0
78993,09:05:00,09:06:00,400,2,0,0
78993,09:07:00,09:08:00,225,3,0,0
78993,09:10:00,09:11:00,382,4,0,0
78993,09:12:00,09:13:00,501,5,0,0
78993,09:14:00,09:15:00,385,6,0,0
78993,09:18:00,09:19:00,452,7,0,0
78993,09:21:00,09:22:00,449,8,0,0
78993,09:24:00,09:25:00,451,9,0,0
78993,09:27:00,09:28:00,258,10,0,0
78993,09:30:00,09:31:00,276,11,0,0
78993,09:33:00,09:34:00,281,12,0,0
78993,09:37:00,09:38:00,230,13,0,0
78993,09:39:00,09:40:00,282,14,0,0
78993,09:44:00,09:45:00,306,15,0,0
78993,09:50:00,09:51:00,310,16,0,0
78993,09:52:00,09:53:00,352,17,0,0
78993,09:57:00,09:58:00,398,18,0,0
78993,09:59:00,10:00:00,287,19,0,0
78993,10:02:00,10:03:00,453,20,0,0
78993,10:05:00,10:06:00,399,21,0,0
77986,08:59:00,09:00:00,1,1,0,0
77986,09:03:00,09:04:00,386,2,0,0
77986,09:08:00,09:09:00,391,3,0,0
77986,09:10:00,09:11:00,248,4,0,0
77986,09:12:00,09:13:00,392,5,0,0
77986,09:15:00,09:16:00,305,6,0,0
77986,09:18:00,09:19:00,213,7,0,0
77986,09:23:00,09:24:00,358,8,0,0
77986,09:28:00,09:29:00,296,9,0,0
77986,09:31:00,09:32:00,229,10,0,0
77986,09:33:00,09:34:00,255,11,0,0
77986,09:37:00,09:38:00,316,12,0,0
77986,09:52:00,09:53:00,252,13,0,0
77986,09:57:00,09:58:00,336,14,0,0
77986,09:59:00,10:00:00,359,15,0,0
77986,10:01:00,10:02:00,322,16,0,0
77986,10:03:00,10:04:00,207,17,0,0
77986,10:05:00,10:06:00,393,18,0,0
77986,10:12:00,10:13:00,394,19,0,0
77986,10:17:00,10:18:00,275,20,0,0
77986,10:22:00,10:23:00,286,21,0,0
77986,10:29:00,10:30:00,395,22,0,0
77986,10:34:00,10:35:00,328,23,0,0
77986,10:39:00,10:40:00,396,24,0,0
77986,10:43:00,10:44:00,397,25,0,0
78409,09:08:00,09:09:00,1,1,0,0
78409,09:13:00,09:14:00,450,2,0,0
78409,09:18:00,09:19:00,331,3,0,0
78409,09:20:00,09:21:00,245,4,0,0
78409,09:22:00,09:23:00,421,5,0,0
78409,09:24:00,09:25:00,274,6,0,0
78409,09:26:00,09:27:00,377,7,0,0
78409,09:28:00,09:29:00,241,8,0,0
78409,09:31:00,09:32:00,250,9,0,0
78409,09:34:00,09:35:00,380,10,0,0
78409,09:38:00,09:39:00,384,11,0,0
78409,09:42:00,09:43:00,299,12,0,0
78409,09:47:00,09:48:00,343,13,0,0
78409,09:49:00,09:50:00,339,14,0,0
78009,09:14:00,09:15:00,1,1,0,0
78009,09:18:00,09:19:00,386,2,0,0
78009,09:23:00,09:24:00,391,3,0,0
78009,09:26:00,09:27:00,248,4,0,0
78009,09:28:00,09:29:00,392,5,0,0
78009,09:31:00,09:32:00,305,6,0,0
78009,09:34:00,09:35:00,213,7,0,0
78009,09:45:00,09:46:00,358,8,0,0
78009,09:51:00,09:52:00,296,9,0,0
78009,09:54:00,09:55:00,229,10,0,0
78009,09:57:00,09:58:00,255,11,0,0
78009,10:00:00,10:01:00,316,12,0,0
78009,10:03:00,10:04:00,252,13,0,0
78010,09:29:00,09:30:00,1,1,0,0
78010,09:33:00,09:34:00,386,2,0,0
78010,09:38:00,09:39:00,391,3,0,0
78010,09:41:00,09:42:00,248,4,0,0
78010,09:43:00,09:44:00,392,5,0,0
78010,09:46:00,09:47:00,305,6,0,0
78010,09:49:00,09:50:00,213,7,0,0
78010,10:00:00,10:01:00,358,8,0,0
78010,10:06:00,10:07:00,296,9,0,0
78010,10:09:00,10:10:00,229,10,0,0
78010,10:12:00,10:13:00,255,11,0,0
78010,10:15:00,10:16:00,316,12,0,0
78010,10:18:00,10:19:00,252,13,0,0
79140,09:30:00,09:31:00,1,1,0,0
79140,09:44:00,09:45:00,400,2,0,0
79140,09:48:00,09:49:00,238,3,0,0
79140,09:52:00,09:53:00,540,4,0,0
79140,09:56:00,09:57:00,362,5,0,0
79140,10:06:00,10:07:00,374,6,0,0
79140,10:14:00,10:15:00,271,7,0,0
79140,10:21:00,10:22:00,433,8,0,0
79140,10:28:00,10:29:00,307,9,0,0
79140,10:32:00,10:33:00,256,10,0,0
79140,10:42:00,10:43:00,408,11,0,0
79445,09:34:00,09:35:00,1,1,0,0
79445,09:38:00,09:39:00,386,2,0,0
79445,09:41:00,09:42:00,500,3,0,0
79445,09:43:00,09:44:00,387,4,0,0
79445,09:46:00,09:47:00,388,5,0,0
79445,09:50:00,09:51:00,520,6,0,0
79445,09:54:00,09:55:00,346,7,0,0
79445,10:00:00,10:01:00,340,8,0,0
79445,10:05:00,10:06:00,239,9,0,0
79445,10:09:00,10:10:00,232,10,0,0
79445,10:12:00,10:13:00,342,11,0,0
79445,10:16:00,10:17:00,237,12,0,0
79445,10:20:00,10:21:00,349,13,0,0
78411,09:38:00,09:39:00,1,1,0,0
78411,09:43:00,09:44:00,450,2,0,0
78411,09:48:00,09:49:00,331,3,0,0
78411,09:50:00,09:51:00,245,4,0,0
78411,09:52:00,09:53:00,421,5,0,0
78411,09:58:00,09:59:00,250,6,0,0
78411,10:00:00,10:01:00,380,7,0,0
78411,10:05:00,10:06:00,384,8,0,0
78411,10:09:00,10:10:00,299,9,0,0
78411,10:13:00,10:14:00,343,10,0,0
78411,10:16:00,10:17:00,339,11,0,0
78411,10:18:00,10:19:00,354,12,0,0
78411,10:21:00,10:22:00,235,13,0,0
78411,10:26:00,10:27:00,283,14,0,0
78411,10:31:00,10:32:00,298,15,0,0
78411,10:35:00,10:36:00,367,16,0,0
78411,10:40:00,10:41:00,364,17,0,0
78411,10:46:00,10:47:00,412,18,0,0
78411,10:51:00,10:52:00,330,19,0,0
78411,10:56:00,10:57:00,203,20,0,0
78996,09:55:00,09:56:00,1,1,0,0
78996,10:05:00,10:06:00,400,2,0,0
78996,10:07:00,10:08:00,225,3,0,0
78996,10:10:00,10:11:00,382,4,0,0
78996,10:12:00,10:13:00,501,5,0,0
78996,10:14:00,10:15:00,385,6,0,0
78996,10:18:00,10:19:00,452,7,0,0
78996,10:21:00,10:22:00,449,8,0,0
78996,10:24:00,10:25:00,451,9,0,0
78996,10:27:00,10:28:00,258,10,0,0
78996,10:30:00,10:31:00,276,11,0,0
78996,10:33:00,10:34:00,281,12,0,0
78996,10:37:00,10:38:00,230,13,0,0
78996,10:39:00,10:40:00,282,14,0,0
78996,10:44:00,10:45:00,306,15,0,0
78996,10:50:00,10:51:00,310,16,0,0
78996,10:52:00,10:53:00,352,17,0,0
78996,10:56:00,10:57:00,398,18,0,0
77987,09:59:00,10:00:00,1,1,0,0
77987,10:03:00,10:04:00,386,2,0,0
77987,10:08:00,10:09:00,391,3,0,0
77987,10:10:00,10:11:00,248,4,0,0
77987,10:12:00,10:13:00,392,5,0,0
77987,10:15:00,10:16:00,305,6,0,0
77987,10:18:00,10:19:00,213,7,0,0
77987,10:23:00,10:24:00,358,8,0,0
77987,10:28:00,10:29:00,296,9,0,0
77987,10:31:00,10:32:00,229,10,0,0
77987,10:33:00,10:34:00,255,11,0,0
77987,10:37:00,10:38:00,316,12,0,0
77987,10:52:00,10:53:00,252,13,0,0
77987,10:57:00,10:58:00,336,14,0,0
77987,10:59:00,11:00:00,359,15,0,0
77987,11:01:00,11:02:00,322,16,0,0
77987,11:03:00,11:04:00,207,17,0,0
77987,11:05:00,11:06:00,393,18,0,0
77987,11:12:00,11:13:00,394,19,0,0
77987,11:17:00,11:18:00,275,20,0,0
77987,11:22:00,11:23:00,286,21,0,0
77987,11:29:00,11:30:00,395,22,0,0
77987,11:34:00,11:35:00,328,23,0,0
77987,11:38:00,11:39:00,396,24,0,0
79363,10:00:00,10:01:00,1,1,0,0
79363,10:31:00,10:32:00,339,2,0,0
79363,11:04:00,11:05:00,203,3,0,0
79363,11:15:00,11:16:00,267,4,0,0
79363,11:32:00,11:33:00,357,5,0,0
79363,11:47:00,11:48:00,273,6,0,0
79363,12:09:00,12:10:00,308,7,0,0
79363,12:31:00,12:32:00,335,8,0,0
79363,12:54:00,12:55:00,243,9,0,0
78011,10:14:00,10:15:00,1,1,0,0
78011,10:18:00,10:19:00,386,2,0,0
78011,10:23:00,10:24:00,391,3,0,0
78011,10:26:00,10:27:00,248,4,0,0
78011,10:28:00,10:29:00,392,5,0,0
78011,10:31:00,10:32:00,305,6,0,0
78011,10:34:00,10:35:00,213,7,0,0
78011,10:45:00,10:46:00,358,8,0,0
78011,10:51:00,10:52:00,296,9,0,0
78011,10:54:00,10:55:00,229,10,0,0
78011,10:57:00,10:58:00,255,11,0,0
78011,11:00:00,11:01:00,316,12,0,0
78011,11:03:00,11:04:00,252,13,0,0
78012,10:29:00,10:30:00,1,1,0,0
78012,10:33:00,10:34:00,386,2,0,0
78012,10:38:00,10:39:00,391,3,0,0
78012,10:41:00,10:42:00,248,4,0,0
78012,10:43:00,10:44:00,392,5,0,0
78012,10:46:00,10:47:00,305,6,0,0
78012,10:49:00,10:50:00,213,7,0,0
78012,11:00:00,11:01:00,358,8,0,0
78012,11:06:00,11:07:00,296,9,0,0
78012,11:09:00,11:10:00,229,10,0,0
78012,11:12:00,11:13:00,255,11,0,0
78012,11:15:00,11:16:00,316,12,0,0
78012,11:18:00,11:19:00,252,13,0,0
79446,10:34:00,10:35:00,1,1,0,0
79446,10:38:00,10:39:00,386,2,0,0
79446,10:41:00,10:42:00,500,3,0,0
79446,10:43:00,10:44:00,387,4,0,0
79446,10:46:00,10:47:00,388,5,0,0
79446,10:50:00,10:51:00,520,6,0,0
79446,10:54:00,10:55:00,346,7,0,0
79446,10:59:00,11:00:00,340,8,0,0
79446,11:04:00,11:05:00,239,9,0,0
79446,11:11:00,11:12:00,232,10,0,0
79446,11:14:00,11:15:00,342,11,0,0
79446,11:19:00,11:20:00,237,12,0,0
79446,11:23:00,11:24:00,349,13,0,0
78413,10:38:00,10:39:00,1,1,0,0
78413,10:43:00,10:44:00,450,2,0,0
78413,10:48:00,10:49:00,331,3,0,0
78413,10:50:00,10:51:00,245,4,0,0
78413,10:52:00,10:53:00,421,5,0,0
78413,10:54:00,10:55:00,274,6,0,0
78413,10:56:00,10:57:00,377,7,0,0
78413,10:58:00,10:59:00,241,8,0,0
78413,11:01:00,11:02:00,250,9,0,0
78413,11:04:00,11:05:00,380,10,0,0
78413,11:08:00,11:09:00,384,11,0,0
78413,11:12:00,11:13:00,299,12,0,0
78413,11:17:00,11:18:00,343,13,0,0
78413,11:19:00,11:20:00,339,14,0,0
78413,11:21:00,11:22:00,354,15,0,0
78413,11:25:00,11:26:00,235,16,0,0
78413,11:29:00,11:30:00,283,17,0,0
78413,11:34:00,11:35:00,298,18,0,0
78999,10:55:00,10:56:00,1,1,0,0
78999,11:05:00,11:06:00,400,2,0,0
78999,11:07:00,11:08:00,225,3,0,0
78999,11:10:00,11:11:00,382,4,0,0
78999,11:12:00,11:13:00,501,5,0,0
78999,11:14:00,11:15:00,385,6,0,0
78999,11:18:00,11:19:00,452,7,0,0
78999,11:21:00,11:22:00,449,8,0,0
78999,11:24:00,11:25:00,451,9,0,0
78999,11:27:00,11:28:00,258,10,0,0
78999,11:30:00,11:31:00,276,11,0,0
78999,11:33:00,11:34:00,281,12,0,0
78999,11:37:00,11:38:00,230,13,0,0
78999,11:39:00,11:40:00,282,14,0,0
78999,11:44:00,11:45:00,306,15,0,0
78999,11:50:00,11:51:00,310,16,0,0
78999,11:52:00,11:53:00,352,17,0,0
78999,11:57:00,11:58:00,398,18,0,0
78999,11:59:00,12:00:00,287,19,0,0
78999,12:02:00,12:03:00,453,20,0,0
78999,12:05:00,12:06:00,399,21,0,0
77988,10:59:00,11:00:00,1,1,0,0
77988,11:03:00,11:04:00,386,2,0,0
77988,11:08:00,11:09:00,391,3,0,0
77988,11:10:00,11:11:00,248,4,0,0
77988,11:12:00,11:13:00,392,5,0,0
77988,11:15:00,11:16:00,305,6,0,0
77988,11:18:00,11:19:00,213,7,0,0
77988,11:23:00,11:24:00,358,8,0,0
77988,11:28:00,11:29:00,296,9,0,0
77988,11:31:00,11:32:00,229,10,0,0
77988,11:33:00,11:34:00,255,11,0,0
77988,11:37:00,11:38:00,316,12,0,0
77988,11:52:00,11:53:00,252,13,0,0
77988,11:57:00,11:58:00,336,14,0,0
77988,11:59:00,12:00:00,359,15,0,0
77988,12:01:00,12:02:00,322,16,0,0
77988,12:03:00,12:04:00,207,17,0,0
77988,12:05:00,12:06:00,393,18,0,0
77988,12:18:00,12:19:00,394,19,0,0
77988,12:23:00,12:24:00,275,20,0,0
77988,12:27:00,12:28:00,286,21,0,0
78013,11:14:00,11:15:00,1,1,0,0
78013,11:18:00,11:19:00,386,2,0,0
78013,11:23:00,11:24:00,391,3,0,0
78013,11:26:00,11:27:00,248,4,0,0
78013,11:28:00,11:29:00,392,5,0,0
78013,11:31:00,11:32:00,305,6,0,0
78013,11:34:00,11:35:00,213,7,0,0
78013,11:45:00,11:46:00,358,8,0,0
78013,11:51:00,11:52:00,296,9,0,0
78013,11:54:00,11:55:00,229,10,0,0
78013,11:57:00,11:58:00,255,11,0,0
78013,12:00:00,12:01:00,316,12,0,0
78013,12:03:00,12:04:00,252,13,0,0
79447,11:34:00,11:35:00,1,1,0,0
79447,11:38:00,11:39:00,386,2,0,0
79447,11:41:00,11:42:00,500,3,0,0
79447,11:43:00,11:44:00,387,4,0,0
79447,11:46:00,11:47:00,388,5,0,0
79447,11:50:00,11:51:00,520,6,0,0
79447,11:54:00,11:55:00,346,7,0,0
79447,12:00:00,12:01:00,340,8,0,0
79447,12:05:00,12:06:00,239,9,0,0
79447,12:09:00,12:10:00,232,10,0,0
79447,12:12:00,12:13:00,342,11,0,0
79447,12:16:00,12:17:00,237,12,0,0
79447,12:20:00,12:21:00,349,13,0,0
78416,11:38:00,11:39:00,1,1,0,0
78416,11:43:00,11:44:00,450,2,0,0
78416,11:48:00,11:49:00,331,3,0,0
78416,11:50:00,11:51:00,245,4,0,0
78416,11:52:00,11:53:00,421,5,0,0
78416,11:58:00,11:59:00,250,6,0,0
78416,12:00:00,12:01:00,380,7,0,0
78416,12:05:00,12:06:00,384,8,0,0
78416,12:09:00,12:10:00,299,9,0,0
78416,12:13:00,12:14:00,343,10,0,0
78416,12:16:00,12:17:00,339,11,0,0
78416,12:18:00,12:19:00,354,12,0,0
78416,12:21:00,12:22:00,235,13,0,0
78416,12:26:00,12:27:00,283,14,0,0
78416,12:31:00,12:32:00,298,15,0,0
78416,12:35:00,12:36:00,367,16,0,0
78416,12:40:00,12:41:00,364,17,0,0
78416,12:46:00,12:47:00,412,18,0,0
78416,12:51:00,12:52:00,330,19,0,0
78416,12:56:00,12:57:00,203,20,0,0
79145,11:39:00,11:40:00,1,1,0,0
79145,11:53:00,11:54:00,400,2,0,0
79145,12:00:00,12:01:00,362,3,0,0
79145,12:21:00,12:22:00,307,4,0,0
79145,12:31:00,12:32:00,408,5,0,0
79145,12:41:00,12:42:00,301,6,0,0
79145,13:02:00,13:03:00,233,7,0,0
79145,13:15:00,13:16:00,309,8,0,0
79145,13:27:00,13:28:00,432,9,0,0
79145,13:42:00,13:43:00,419,10,0,0
79145,13:58:00,13:59:00,312,11,0,0
79145,14:04:00,14:05:00,460,12,0,0
77989,11:44:00,11:45:00,1,1,0,0
77989,11:48:00,11:49:00,386,2,0,0
77989,11:53:00,11:54:00,391,3,0,0
77989,11:55:00,11:56:00,248,4,0,0
77989,11:57:00,11:58:00,392,5,0,0
77989,12:00:00,12:01:00,305,6,0,0
77989,12:03:00,12:04:00,213,7,0,0
77989,12:08:00,12:09:00,358,8,0,0
77989,12:13:00,12:14:00,296,9,0,0
77989,12:16:00,12:17:00,229,10,0,0
77989,12:19:00,12:20:00,255,11,0,0
77989,12:22:00,12:23:00,316,12,0,0
77989,12:38:00,12:39:00,252,13,0,0
77989,12:43:00,12:44:00,336,14,0,0
77989,12:45:00,12:46:00,359,15,0,0
77989,12:47:00,12:48:00,322,16,0,0
77989,12:49:00,12:50:00,207,17,0,0
77989,12:51:00,12:52:00,393,18,0,0
77989,12:58:00,12:59:00,394,19,0,0
77989,13:03:00,13:04:00,275,20,0,0
77989,13:08:00,13:09:00,286,21,0,0
77989,13:15:00,13:16:00,395,22,0,0
77989,13:20:00,13:21:00,328,23,0,0
77989,13:25:00,13:26:00,396,24,0,0
77989,13:29:00,13:30:00,397,25,0,0
79001,11:57:00,11:58:00,1,1,0,0
79001,12:07:00,12:08:00,400,2,0,0
79001,12:09:00,12:10:00,225,3,0,0
79001,12:12:00,12:13:00,382,4,0,0
79001,12:14:00,12:15:00,501,5,0,0
79001,12:16:00,12:17:00,385,6,0,0
79001,12:20:00,12:21:00,452,7,0,0
79001,12:23:00,12:24:00,449,8,0,0
79001,12:26:00,12:27:00,451,9,0,0
79001,12:29:00,12:30:00,258,10,0,0
79001,12:32:00,12:33:00,276,11,0,0
79001,12:35:00,12:36:00,281,12,0,0
79001,12:39:00,12:40:00,230,13,0,0
79001,12:41:00,12:42:00,282,14,0,0
79001,12:46:00,12:47:00,306,15,0,0
79001,12:52:00,12:53:00,310,16,0,0
79001,12:54:00,12:55:00,352,17,0,0
79001,12:58:00,12:59:00,398,18,0,0
78014,11:59:00,12:00:00,1,1,0,0
78014,12:03:00,12:04:00,386,2,0,0
78014,12:08:00,12:09:00,391,3,0,0
78014,12:11:00,12:12:00,248,4,0,0
78014,12:13:00,12:14:00,392,5,0,0
78014,12:16:00,12:17:00,305,6,0,0
78014,12:19:00,12:20:00,213,7,0,0
78014,12:30:00,12:31:00,358,8,0,0
78014,12:36:00,12:37:00,296,9,0,0
78014,12:39:00,12:40:00,229,10,0,0
78014,12:42:00,12:43:00,255,11,0,0
78014,12:45:00,12:46:00,316,12,0,0
78014,12:48:00,12:49:00,252,13,0,0
78345,12:00:00,12:01:00,1,1,0,0
78345,12:31:00,12:32:00,339,2,0,0
78345,13:04:00,13:05:00,203,3,0,0
78345,13:27:00,13:28:00,357,4,0,0
78345,13:43:00,13:44:00,273,5,0,0
78345,14:28:00,14:29:00,441,6,0,0
78345,14:49:00,14:50:00,372,7,0,0
78345,15:09:00,15:10:00,311,8,0,0
78015,12:14:00,12:15:00,1,1,0,0
78015,12:18:00,12:19:00,386,2,0,0
78015,12:23:00,12:24:00,391,3,0,0
78015,12:26:00,12:27:00,248,4,0,0
78015,12:28:00,12:29:00,392,5,0,0
78015,12:31:00,12:32:00,305,6,0,0
78015,12:34:00,12:35:00,213,7,0,0
78015,12:45:00,12:46:00,358,8,0,0
78015,12:51:00,12:52:00,296,9,0,0
78015,12:54:00,12:55:00,229,10,0,0
78015,12:57:00,12:58:00,255,11,0,0
78015,13:00:00,13:01:00,316,12,0,0
78015,13:03:00,13:04:00,252,13,0,0
78267,12:30:00,12:31:00,1,1,0,0
78267,12:40:00,12:41:00,331,2,0,0
78267,13:04:00,13:05:00,339,3,0,0
78267,13:18:00,13:19:00,298,4,0,0
78267,13:41:00,13:42:00,203,5,0,0
78267,13:52:00,13:53:00,267,6,0,0
78267,14:01:00,14:02:00,204,7,0,0
78267,14:12:00,14:13:00,357,8,0,0
78267,14:27:00,14:28:00,273,9,0,0
78267,14:41:00,14:42:00,427,10,0,0
78267,14:52:00,14:53:00,308,11,0,0
78267,15:02:00,15:03:00,360,12,0,0
78267,15:15:00,15:16:00,335,13,0,0
78267,15:26:00,15:27:00,430,14,0,0
78267,15:31:00,15:32:00,304,15,0,0
78267,15:44:00,15:45:00,243,16,0,0
79244,12:34:00,12:35:00,1,1,0,0
79244,12:38:00,12:39:00,386,2,0,0
79244,12:41:00,12:42:00,500,3,0,0
79244,12:43:00,12:44:00,387,4,0,0
79244,12:46:00,12:47:00,388,5,0,0
79244,12:50:00,12:51:00,520,6,0,0
79244,12:54:00,12:55:00,346,7,0,0
79244,13:00:00,13:01:00,340,8,0,0
79244,13:05:00,13:06:00,239,9,0,0
79244,13:09:00,13:10:00,232,10,0,0
79244,13:12:00,13:13:00,342,11,0,0
79244,13:16:00,13:17:00,237,12,0,0
79244,13:20:00,13:21:00,349,13,0,0
79147,12:34:00,12:35:00,1,1,0,0
79147,12:48:00,12:49:00,400,2,0,0
79147,12:52:00,12:53:00,238,3,0,0
79147,12:56:00,12:57:00,540,4,0,0
79147,13:00:00,13:01:00,362,5,0,0
79147,13:10:00,13:11:00,374,6,0,0
79147,13:18:00,13:19:00,271,7,0,0
79147,13:25:00,13:26:00,433,8,0,0
79147,13:32:00,13:33:00,307,9,0,0
79147,13:36:00,13:37:00,256,10,0,0
79147,13:46:00,13:47:00,408,11,0,0
78419,12:38:00,12:39:00,1,1,0,0
78419,12:43:00,12:44:00,450,2,0,0
78419,12:48:00,12:49:00,331,3,0,0
78419,12:50:00,12:51:00,245,4,0,0
78419,12:52:00,12:53:00,421,5,0,0
78419,12:54:00,12:55:00,274,6,0,0
78419,12:56:00,12:57:00,377,7,0,0
78419,12:58:00,12:59:00,241,8,0,0
78419,13:01:00,13:02:00,250,9,0,0
78419,13:04:00,13:05:00,380,10,0,0
78419,13:08:00,13:09:00,384,11,0,0
78419,13:12:00,13:13:00,299,12,0,0
78419,13:17:00,13:18:00,343,13,0,0
78419,13:19:00,13:20:00,339,14,0,0
78419,13:21:00,13:22:00,354,15,0,0
78419,13:25:00,13:26:00,235,16,0,0
78419,13:29:00,13:30:00,283,17,0,0
78419,13:34:00,13:35:00,298,18,0,0
78419,13:39:00,13:40:00,367,19,0,0
78419,13:43:00,13:44:00,364,20,0,0
78419,13:50:00,13:51:00,412,21,0,0
78419,13:55:00,13:56:00,330,22,0,0
78419,14:00:00,14:01:00,203,23,0,0
77990,12:44:00,12:45:00,1,1,0,0
77990,12:48:00,12:49:00,386,2,0,0
77990,12:53:00,12:54:00,391,3,0,0
77990,12:55:00,12:56:00,248,4,0,0
77990,12:57:00,12:58:00,392,5,0,0
77990,13:00:00,13:01:00,305,6,0,0
77990,13:03:00,13:04:00,213,7,0,0
77990,13:08:00,13:09:00,358,8,0,0
77990,13:13:00,13:14:00,296,9,0,0
77990,13:16:00,13:17:00,229,10,0,0
77990,13:19:00,13:20:00,255,11,0,0
77990,13:22:00,13:23:00,316,12,0,0
77990,13:38:00,13:39:00,252,13,0,0
77990,13:43:00,13:44:00,336,14,0,0
77990,13:45:00,13:46:00,359,15,0,0
77990,13:47:00,13:48:00,322,16,0,0
77990,13:49:00,13:50:00,207,17,0,0
77990,13:51:00,13:52:00,393,18,0,0
77990,13:58:00,13:59:00,394,19,0,0
77990,14:03:00,14:04:00,275,20,0,0
77990,14:08:00,14:09:00,286,21,0,0
77990,14:15:00,14:16:00,395,22,0,0
77990,14:20:00,14:21:00,328,23,0,0
77990,14:25:00,14:26:00,396,24,0,0
77990,14:29:00,14:30:00,397,25,0,0
79002,12:55:00,12:56:00,1,1,0,0
79002,13:05:00,13:06:00,400,2,0,0
79002,13:07:00,13:08:00,225,3,0,0
79002,13:10:00,13:11:00,382,4,0,0
79002,13:12:00,13:13:00,501,5,0,0
79002,13:14:00,13:15:00,385,6,0,0
79002,13:18:00,13:19:00,452,7,0,0
79002,13:21:00,13:22:00,449,8,0,0
79002,13:24:00,13:25:00,451,9,0,0
79002,13:27:00,13:28:00,258,10,0,0
79002,13:30:00,13:31:00,276,11,0,0
79002,13:33:00,13:34:00,281,12,0,0
79002,13:37:00,13:38:00,230,13,0,0
79002,13:39:00,13:40:00,282,14,0,0
79002,13:44:00,13:45:00,306,15,0,0
79002,13:50:00,13:51:00,310,16,0,0
79002,13:52:00,13:53:00,352,17,0,0
79002,13:57:00,13:58:00,398,18,0,0
79002,13:59:00,14:00:00,287,19,0,0
79002,14:02:00,14:03:00,453,20,0,0
79002,14:05:00,14:06:00,399,21,0,0
78420,13:08:00,13:09:00,1,1,0,0
78420,13:13:00,13:14:00,450,2,0,0
78420,13:18:00,13:19:00,331,3,0,0
78420,13:20:00,13:21:00,245,4,0,0
78420,13:22:00,13:23:00,421,5,0,0
78420,13:24:00,13:25:00,274,6,0,0
78420,13:26:00,13:27:00,377,7,0,0
78420,13:28:00,13:29:00,241,8,0,0
78420,13:31:00,13:32:00,250,9,0,0
78420,13:34:00,13:35:00,380,10,0,0
78420,13:39:00,13:40:00,384,11,0,0
78420,13:42:00,13:43:00,299,12,0,0
78420,13:47:00,13:48:00,343,13,0,0
78420,13:49:00,13:50:00,339,14,0,0
78016,13:14:00,13:15:00,1,1,0,0
78016,13:18:00,13:19:00,386,2,0,0
78016,13:23:00,13:24:00,391,3,0,0
78016,13:26:00,13:27:00,248,4,0,0
78016,13:28:00,13:29:00,392,5,0,0
78016,13:31:00,13:32:00,305,6,0,0
78016,13:34:00,13:35:00,213,7,0,0
78016,13:45:00,13:46:00,358,8,0,0
78016,13:51:00,13:52:00,296,9,0,0
78016,13:54:00,13:55:00,229,10,0,0
78016,13:57:00,13:58:00,255,11,0,0
78016,14:00:00,14:01:00,316,12,0,0
78016,14:03:00,14:04:00,252,13,0,0
79448,13:34:00,13:35:00,1,1,0,0
79448,13:38:00,13:39:00,386,2,0,0
79448,13:41:00,13:42:00,500,3,0,0
79448,13:43:00,13:44:00,387,4,0,0
79448,13:46:00,13:47:00,388,5,0,0
79448,13:50:00,13:51:00,520,6,0,0
79448,13:54:00,13:55:00,346,7,0,0
79448,14:00:00,14:01:00,340,8,0,0
79448,14:05:00,14:06:00,239,9,0,0
79448,14:09:00,14:10:00,232,10,0,0
79448,14:12:00,14:13:00,342,11,0,0
79448,14:16:00,14:17:00,237,12,0,0
79448,14:20:00,14:21:00,349,13,0,0
78421,13:38:00,13:39:00,1,1,0,0
78421,13:43:00,13:44:00,450,2,0,0
78421,13:48:00,13:49:00,331,3,0,0
78421,13:50:00,13:51:00,245,4,0,0
78421,13:52:00,13:53:00,421,5,0,0
78421,13:58:00,13:59:00,250,6,0,0
78421,14:00:00,14:01:00,380,7,0,0
78421,14:05:00,14:06:00,384,8,0,0
78421,14:09:00,14:10:00,299,9,0,0
78421,14:13:00,14:14:00,343,10,0,0
78421,14:16:00,14:17:00,339,11,0,0
78421,14:18:00,14:19:00,354,12,0,0
78421,14:21:00,14:22:00,235,13,0,0
78421,14:26:00,14:27:00,283,14,0,0
78421,14:31:00,14:32:00,298,15,0,0
78421,14:35:00,14:36:00,367,16,0,0
78421,14:40:00,14:41:00,364,17,0,0
78421,14:46:00,14:47:00,412,18,0,0
78421,14:51:00,14:52:00,330,19,0,0
78421,14:56:00,14:57:00,203,20,0,0
77991,13:44:00,13:45:00,1,1,0,0
77991,13:48:00,13:49:00,386,2,0,0
77991,13:53:00,13:54:00,391,3,0,0
77991,13:55:00,13:56:00,248,4,0,0
77991,13:57:00,13:58:00,392,5,0,0
77991,14:00:00,14:01:00,305,6,0,0
77991,14:03:00,14:04:00,213,7,0,0
77991,14:08:00,14:09:00,358,8,0,0
77991,14:13:00,14:14:00,296,9,0,0
77991,14:16:00,14:17:00,229,10,0,0
77991,14:19:00,14:20:00,255,11,0,0
77991,14:22:00,14:23:00,316,12,0,0
77991,14:38:00,14:39:00,252,13,0,0
77991,14:43:00,14:44:00,336,14,0,0
77991,14:45:00,14:46:00,359,15,0,0
77991,14:47:00,14:48:00,322,16,0,0
77991,14:49:00,14:50:00,207,17,0,0
77991,14:51:00,14:52:00,393,18,0,0
77991,14:58:00,14:59:00,394,19,0,0
77991,15:03:00,15:04:00,275,20,0,0
77991,15:08:00,15:09:00,286,21,0,0
77991,15:15:00,15:16:00,395,22,0,0
77991,15:20:00,15:21:00,328,23,0,0
77991,15:25:00,15:26:00,396,24,0,0
77991,15:29:00,15:30:00,397,25,0,0
79007,13:55:00,13:56:00,1,1,0,0
79007,14:05:00,14:06:00,400,2,0,0
79007,14:07:00,14:08:00,225,3,0,0
79007,14:10:00,14:11:00,382,4,0,0
79007,14:12:00,14:13:00,501,5,0,0
79007,14:14:00,14:15:00,385,6,0,0
79007,14:18:00,14:19:00,452,7,0,0
79007,14:21:00,14:22:00,449,8,0,0
79007,14:24:00,14:25:00,451,9,0,0
79007,14:27:00,14:28:00,258,10,0,0
79007,14:30:00,14:31:00,276,11,0,0
79007,14:33:00,14:34:00,281,12,0,0
79007,14:37:00,14:38:00,230,13,0,0
79007,14:39:00,14:40:00,282,14,0,0
79007,14:44:00,14:45:00,306,15,0,0
79007,14:50:00,14:51:00,310,16,0,0
79007,14:52:00,14:53:00,352,17,0,0
79007,14:56:00,14:57:00,398,18,0,0
78017,13:59:00,14:00:00,1,1,0,0
78017,14:03:00,14:04:00,386,2,0,0
78017,14:08:00,14:09:00,391,3,0,0
78017,14:11:00,14:12:00,248,4,0,0
78017,14:13:00,14:14:00,392,5,0,0
78017,14:16:00,14:17:00,305,6,0,0
78017,14:19:00,14:20:00,213,7,0,0
78017,14:30:00,14:31:00,358,8,0,0
78017,14:36:00,14:37:00,296,9,0,0
78017,14:39:00,14:40:00,229,10,0,0
78017,14:42:00,14:43:00,255,11,0,0
78017,14:45:00,14:46:00,316,12,0,0
78017,14:48:00,14:49:00,252,13,0,0
78423,14:08:00,14:09:00,1,1,0,0
78423,14:13:00,14:14:00,450,2,0,0
78423,14:18:00,14:19:00,331,3,0,0
78423,14:20:00,14:21:00,245,4,0,0
78423,14:22:00,14:23:00,421,5,0,0
78423,14:24:00,14:25:00,274,6,0,0
78423,14:26:00,14:27:00,377,7,0,0
78423,14:28:00,14:29:00,241,8,0,0
78423,14:31:00,14:32:00,250,9,0,0
78423,14:34:00,14:35:00,380,10,0,0
78423,14:38:00,14:39:00,384,11,0,0
78423,14:42:00,14:43:00,299,12,0,0
78423,14:47:00,14:48:00,343,13,0,0
78423,14:49:00,14:50:00,339,14,0,0
78423,14:51:00,14:52:00,354,15,0,0
78423,14:55:00,14:56:00,235,16,0,0
78423,14:59:00,15:00:00,283,17,0,0
78423,15:04:00,15:05:00,298,18,0,0
78018,14:14:00,14:15:00,1,1,0,0
78018,14:18:00,14:19:00,386,2,0,0
78018,14:23:00,14:24:00,391,3,0,0
78018,14:26:00,14:27:00,248,4,0,0
78018,14:28:00,14:29:00,392,5,0,0
78018,14:31:00,14:32:00,305,6,0,0
78018,14:34:00,14:35:00,213,7,0,0
78018,14:45:00,14:46:00,358,8,0,0
78018,14:51:00,14:52:00,296,9,0,0
78018,14:54:00,14:55:00,229,10,0,0
78018,14:57:00,14:58:00,255,11,0,0
78018,15:00:00,15:01:00,316,12,0,0
78018,15:03:00,15:04:00,252,13,0,0
79247,14:34:00,14:35:00,1,1,0,0
79247,14:38:00,14:39:00,386,2,0,0
79247,14:41:00,14:42:00,500,3,0,0
79247,14:43:00,14:44:00,387,4,0,0
79247,14:46:00,14:47:00,388,5,0,0
79247,14:50:00,14:51:00,520,6,0,0
79247,14:54:00,14:55:00,346,7,0,0
79247,15:00:00,15:01:00,340,8,0,0
79247,15:05:00,15:06:00,239,9,0,0
79247,15:09:00,15:10:00,232,10,0,0
79247,15:12:00,15:13:00,342,11,0,0
79247,15:16:00,15:17:00,237,12,0,0
79247,15:20:00,15:21:00,349,13,0,0
79152,14:34:00,14:35:00,1,1,0,0
79152,14:48:00,14:49:00,400,2,0,0
79152,14:52:00,14:53:00,238,3,0,0
79152,14:56:00,14:57:00,540,4,0,0
79152,15:00:00,15:01:00,362,5,0,0
79152,15:10:00,15:11:00,374,6,0,0
79152,15:18:00,15:19:00,271,7,0,0
79152,15:25:00,15:26:00,433,8,0,0
79152,15:32:00,15:33:00,307,9,0,0
79152,15:36:00,15:37:00,256,10,0,0
79152,15:46:00,15:47:00,408,11,0,0
78274,14:38:00,14:39:00,1,1,0,0
78274,14:43:00,14:44:00,450,2,0,0
78274,14:48:00,14:49:00,331,3,0,0
78274,14:51:00,14:52:00,421,4,0,0
78274,14:57:00,14:58:00,250,5,0,0
78274,14:59:00,15:00:00,380,6,0,0
78274,15:06:00,15:07:00,299,7,0,0
78274,15:10:00,15:11:00,343,8,0,0
78274,15:13:00,15:14:00,339,9,0,0
78274,15:15:00,15:16:00,354,10,0,0
78274,15:21:00,15:22:00,283,11,0,0
78274,15:26:00,15:27:00,298,12,0,0
78274,15:33:00,15:34:00,364,13,0,0
78274,15:40:00,15:41:00,412,14,0,0
78274,15:53:00,15:54:00,203,15,0,0
78274,16:04:00,16:05:00,267,16,0,0
78274,16:20:00,16:21:00,357,17,0,0
78274,16:35:00,16:36:00,273,18,0,0
78274,16:57:00,16:58:00,308,19,0,0
78274,17:20:00,17:21:00,335,20,0,0
78274,17:43:00,17:44:00,243,21,0,0
77992,14:44:00,14:45:00,1,1,0,0
77992,14:48:00,14:49:00,386,2,0,0
77992,14:53:00,14:54:00,391,3,0,0
77992,14:55:00,14:56:00,248,4,0,0
77992,14:57:00,14:58:00,392,5,0,0
77992,15:00:00,15:01:00,305,6,0,0
77992,15:03:00,15:04:00,213,7,0,0
77992,15:08:00,15:09:00,358,8,0,0
77992,15:13:00,15:14:00,296,9,0,0
77992,15:16:00,15:17:00,229,10,0,0
77992,15:19:00,15:20:00,255,11,0,0
77992,15:22:00,15:23:00,316,12,0,0
77992,15:38:00,15:39:00,252,13,0,0
77992,15:43:00,15:44:00,336,14,0,0
77992,15:45:00,15:46:00,359,15,0,0
77992,15:47:00,15:48:00,322,16,0,0
77992,15:49:00,15:50:00,207,17,0,0
77992,15:51:00,15:52:00,393,18,0,0
77992,15:58:00,15:59:00,394,19,0,0
77992,16:03:00,16:04:00,275,20,0,0
77992,16:08:00,16:09:00,286,21,0,0
77992,16:15:00,16:16:00,395,22,0,0
77992,16:20:00,16:21:00,328,23,0,0
77992,16:25:00,16:26:00,396,24,0,0
77992,16:29:00,16:30:00,397,25,0,0
79008,14:55:00,14:56:00,1,1,0,0
79008,15:05:00,15:06:00,400,2,0,0
79008,15:07:00,15:08:00,225,3,0,0
79008,15:10:00,15:11:00,382,4,0,0
79008,15:12:00,15:13:00,501,5,0,0
79008,15:14:00,15:15:00,385,6,0,0
79008,15:18:00,15:19:00,452,7,0,0
79008,15:21:00,15:22:00,449,8,0,0
79008,15:24:00,15:25:00,451,9,0,0
79008,15:27:00,15:28:00,258,10,0,0
79008,15:30:00,15:31:00,276,11,0,0
79008,15:33:00,15:34:00,281,12,0,0
79008,15:37:00,15:38:00,230,13,0,0
79008,15:39:00,15:40:00,282,14,0,0
79008,15:44:00,15:45:00,306,15,0,0
79008,15:50:00,15:51:00,310,16,0,0
79008,15:52:00,15:53:00,352,17,0,0
79008,15:57:00,15:58:00,398,18,0,0
79008,15:59:00,16:00:00,287,19,0,0
79008,16:02:00,16:03:00,453,20,0,0
79008,16:05:00,16:06:00,399,21,0,0
78019,14:59:00,15:00:00,1,1,0,0
78019,15:03:00,15:04:00,386,2,0,0
78019,15:08:00,15:09:00,391,3,0,0
78019,15:11:00,15:12:00,248,4,0,0
78019,15:13:00,15:14:00,392,5,0,0
78019,15:16:00,15:17:00,305,6,0,0
78019,15:19:00,15:20:00,213,7,0,0
78019,15:30:00,15:31:00,358,8,0,0
78019,15:36:00,15:37:00,296,9,0,0
78019,15:39:00,15:40:00,229,10,0,0
78019,15:42:00,15:43:00,255,11,0,0
78019,15:45:00,15:46:00,316,12,0,0
78019,15:48:00,15:49:00,252,13,0,0
78424,15:08:00,15:09:00,1,1,0,0
78424,15:13:00,15:14:00,450,2,0,0
78424,15:18:00,15:19:00,331,3,0,0
78424,15:20:00,15:21:00,245,4,0,0
78424,15:22:00,15:23:00,421,5,0,0
78424,15:24:00,15:25:00,274,6,0,0
78424,15:26:00,15:27:00,377,7,0,0
78424,15:28:00,15:29:00,241,8,0,0
78424,15:31:00,15:32:00,250,9,0,0
78424,15:34:00,15:35:00,380,10,0,0
78424,15:38:00,15:39:00,384,11,0,0
78424,15:43:00,15:44:00,299,12,0,0
78424,15:47:00,15:48:00,343,13,0,0
78424,15:50:00,15:51:00,339,14,0,0
78424,15:52:00,15:53:00,354,15,0,0
78424,15:55:00,15:56:00,235,16,0,0
78424,16:00:00,16:01:00,283,17,0,0
78424,16:05:00,16:06:00,298,18,0,0
78020,15:14:00,15:15:00,1,1,0,0
78020,15:18:00,15:19:00,386,2,0,0
78020,15:23:00,15:24:00,391,3,0,0
78020,15:26:00,15:27:00,248,4,0,0
78020,15:28:00,15:29:00,392,5,0,0
78020,15:31:00,15:32:00,305,6,0,0
78020,15:34:00,15:35:00,213,7,0,0
78020,15:45:00,15:46:00,358,8,0,0
78020,15:51:00,15:52:00,296,9,0,0
78020,15:54:00,15:55:00,229,10,0,0
78020,15:57:00,15:58:00,255,11,0,0
78020,16:00:00,16:01:00,316,12,0,0
78020,16:03:00,16:04:00,252,13,0,0
79265,15:34:00,15:35:00,1,1,0,0
79265,15:38:00,15:39:00,386,2,0,0
79265,15:41:00,15:42:00,500,3,0,0
79265,15:43:00,15:44:00,387,4,0,0
79265,15:46:00,15:47:00,388,5,0,0
79265,15:50:00,15:51:00,520,6,0,0
79265,15:54:00,15:55:00,346,7,0,0
79265,16:00:00,16:01:00,340,8,0,0
79265,16:05:00,16:06:00,239,9,0,0
79265,16:09:00,16:10:00,232,10,0,0
79265,16:12:00,16:13:00,342,11,0,0
79265,16:16:00,16:17:00,237,12,0,0
79265,16:20:00,16:21:00,349,13,0,0
79161,15:34:00,15:35:00,1,1,0,0
79161,15:48:00,15:49:00,400,2,0,0
79161,15:52:00,15:53:00,238,3,0,0
79161,15:56:00,15:57:00,540,4,0,0
79161,16:00:00,16:01:00,362,5,0,0
79161,16:10:00,16:11:00,374,6,0,0
79161,16:18:00,16:19:00,271,7,0,0
79161,16:25:00,16:26:00,433,8,0,0
79161,16:32:00,16:33:00,307,9,0,0
79161,16:36:00,16:37:00,256,10,0,0
79161,16:47:00,16:48:00,408,11,0,0
79161,16:57:00,16:58:00,301,12,0,0
79161,17:06:00,17:07:00,297,13,0,0
79161,17:16:00,17:17:00,206,14,0,0
79161,17:25:00,17:26:00,233,15,0,0
78426,15:38:00,15:39:00,1,1,0,0
78426,15:43:00,15:44:00,450,2,0,0
78426,15:48:00,15:49:00,331,3,0,0
78426,15:50:00,15:51:00,245,4,0,0
78426,15:52:00,15:53:00,421,5,0,0
78426,15:54:00,15:55:00,274,6,0,0
78426,15:59:00,16:00:00,250,7,0,0
78426,16:01:00,16:02:00,380,8,0,0
78426,16:06:00,16:07:00,384,9,0,0
78426,16:10:00,16:11:00,299,10,0,0
78426,16:14:00,16:15:00,343,11,0,0
78426,16:17:00,16:18:00,339,12,0,0
78426,16:19:00,16:20:00,354,13,0,0
78426,16:22:00,16:23:00,235,14,0,0
78426,16:27:00,16:28:00,283,15,0,0
78426,16:32:00,16:33:00,298,16,0,0
78426,16:36:00,16:37:00,367,17,0,0
78426,16:41:00,16:42:00,364,18,0,0
78426,16:47:00,16:48:00,412,19,0,0
78426,16:52:00,16:53:00,330,20,0,0
78426,16:57:00,16:58:00,203,21,0,0
77993,15:44:00,15:45:00,1,1,0,0
77993,15:48:00,15:49:00,386,2,0,0
77993,15:53:00,15:54:00,391,3,0,0
77993,15:55:00,15:56:00,248,4,0,0
77993,15:57:00,15:58:00,392,5,0,0
77993,16:00:00,16:01:00,305,6,0,0
77993,16:03:00,16:04:00,213,7,0,0
77993,16:08:00,16:09:00,358,8,0,0
77993,16:13:00,16:14:00,296,9,0,0
77993,16:16:00,16:17:00,229,10,0,0
77993,16:19:00,16:20:00,255,11,0,0
77993,16:22:00,16:23:00,316,12,0,0
77993,16:38:00,16:39:00,252,13,0,0
77993,16:43:00,16:44:00,336,14,0,0
77993,16:45:00,16:46:00,359,15,0,0
77993,16:47:00,16:48:00,322,16,0,0
77993,16:49:00,16:50:00,207,17,0,0
77993,16:51:00,16:52:00,393,18,0,0
77993,16:58:00,16:59:00,394,19,0,0
77993,17:03:00,17:04:00,275,20,0,0
77993,17:08:00,17:09:00,286,21,0,0
77993,17:15:00,17:16:00,395,22,0,0
77993,17:20:00,17:21:00,328,23,0,0
77993,17:25:00,17:26:00,396,24,0,0
77993,17:29:00,17:30:00,397,25,0,0
79449,15:54:00,15:55:00,1,1,0,0
79449,15:58:00,15:59:00,386,2,0,0
79449,16:01:00,16:02:00,500,3,0,0
79449,16:03:00,16:04:00,387,4,0,0
79449,16:06:00,16:07:00,388,5,0,0
79449,16:10:00,16:11:00,520,6,0,0
79449,16:14:00,16:15:00,346,7,0,0
79449,16:19:00,16:20:00,340,8,0,0
79449,16:24:00,16:25:00,239,9,0,0
79449,16:29:00,16:30:00,342,10,0,0
79449,16:33:00,16:34:00,237,11,0,0
79449,16:37:00,16:38:00,349,12,0,0
79011,15:55:00,15:56:00,1,1,0,0
79011,16:05:00,16:06:00,400,2,0,0
79011,16:07:00,16:08:00,225,3,0,0
79011,16:10:00,16:11:00,382,4,0,0
79011,16:12:00,16:13:00,501,5,0,0
79011,16:14:00,16:15:00,385,6,0,0
79011,16:18:00,16:19:00,452,7,0,0
79011,16:21:00,16:22:00,449,8,0,0
79011,16:24:00,16:25:00,451,9,0,0
79011,16:27:00,16:28:00,258,10,0,0
79011,16:30:00,16:31:00,276,11,0,0
79011,16:33:00,16:34:00,281,12,0,0
79011,16:37:00,16:38:00,230,13,0,0
79011,16:39:00,16:40:00,282,14,0,0
79011,16:44:00,16:45:00,306,15,0,0
79011,16:50:00,16:51:00,310,16,0,0
79011,16:52:00,16:53:00,352,17,0,0
79011,16:57:00,16:58:00,398,18,0,0
79011,16:59:00,17:00:00,287,19,0,0
79011,17:02:00,17:03:00,453,20,0,0
79011,17:05:00,17:06:00,399,21,0,0
78021,15:59:00,16:00:00,1,1,0,0
78021,16:03:00,16:04:00,386,2,0,0
78021,16:08:00,16:09:00,391,3,0,0
78021,16:11:00,16:12:00,248,4,0,0
78021,16:13:00,16:14:00,392,5,0,0
78021,16:16:00,16:17:00,305,6,0,0
78021,16:19:00,16:20:00,213,7,0,0
78021,16:30:00,16:31:00,358,8,0,0
78021,16:36:00,16:37:00,296,9,0,0
78021,16:39:00,16:40:00,229,10,0,0
78021,16:42:00,16:43:00,255,11,0,0
78021,16:45:00,16:46:00,316,12,0,0
78021,16:48:00,16:49:00,252,13,0,0
79163,16:00:00,16:01:00,1,1,0,0
79163,16:27:00,16:28:00,400,2,0,0
79163,16:31:00,16:32:00,238,3,0,0
79163,16:35:00,16:36:00,540,4,0,0
79163,16:39:00,16:40:00,362,5,0,0
79163,16:49:00,16:50:00,374,6,0,0
79163,16:57:00,16:58:00,271,7,0,0
79163,17:04:00,17:05:00,433,8,0,0
79163,17:11:00,17:12:00,307,9,0,0
79163,17:15:00,17:16:00,256,10,0,0
79163,17:25:00,17:26:00,408,11,0,0
78427,16:08:00,16:09:00,1,1,0,0
78427,16:13:00,16:14:00,450,2,0,0
78427,16:18:00,16:19:00,331,3,0,0
78427,16:20:00,16:21:00,245,4,0,0
78427,16:22:00,16:23:00,421,5,0,0
78427,16:24:00,16:25:00,274,6,0,0
78427,16:26:00,16:27:00,377,7,0,0
78427,16:28:00,16:29:00,241,8,0,0
78427,16:31:00,16:32:00,250,9,0,0
78427,16:34:00,16:35:00,380,10,0,0
78427,16:38:00,16:39:00,384,11,0,0
78427,16:42:00,16:43:00,299,12,0,0
78427,16:47:00,16:48:00,343,13,0,0
78427,16:49:00,16:50:00,339,14,0,0
78427,16:51:00,16:52:00,354,15,0,0
78427,16:55:00,16:56:00,235,16,0,0
78427,16:59:00,17:00:00,283,17,0,0
78427,17:04:00,17:05:00,298,18,0,0
78022,16:14:00,16:15:00,1,1,0,0
78022,16:18:00,16:19:00,386,2,0,0
78022,16:23:00,16:24:00,391,3,0,0
78022,16:26:00,16:27:00,248,4,0,0
78022,16:28:00,16:29:00,392,5,0,0
78022,16:31:00,16:32:00,305,6,0,0
78022,16:34:00,16:35:00,213,7,0,0
78022,16:45:00,16:46:00,358,8,0,0
78022,16:51:00,16:52:00,296,9,0,0
78022,16:54:00,16:55:00,229,10,0,0
78022,16:57:00,16:58:00,255,11,0,0
78022,17:00:00,17:01:00,316,12,0,0
78022,17:03:00,17:04:00,252,13,0,0
78314,16:30:00,16:31:00,1,1,0,0
78314,17:01:00,17:02:00,339,2,0,0
78314,17:34:00,17:35:00,203,3,0,0
78314,17:57:00,17:58:00,357,4,0,0
78314,18:12:00,18:13:00,273,5,0,0
78314,18:34:00,18:35:00,308,6,0,0
78314,19:18:00,19:19:00,243,7,0,0
78314,19:48:00,19:49:00,269,8,0,0
79450,16:34:00,16:35:00,1,1,0,0
79450,16:38:00,16:39:00,386,2,0,0
79450,16:41:00,16:42:00,500,3,0,0
79450,16:43:00,16:44:00,387,4,0,0
79450,16:46:00,16:47:00,388,5,0,0
79450,16:50:00,16:51:00,520,6,0,0
79450,16:54:00,16:55:00,346,7,0,0
79450,17:00:00,17:01:00,340,8,0,0
79450,17:05:00,17:06:00,239,9,0,0
79450,17:09:00,17:10:00,232,10,0,0
79450,17:12:00,17:13:00,342,11,0,0
79450,17:16:00,17:17:00,237,12,0,0
79450,17:20:00,17:21:00,349,13,0,0
78428,16:38:00,16:39:00,1,1,0,0
78428,16:43:00,16:44:00,450,2,0,0
78428,16:48:00,16:49:00,331,3,0,0
78428,16:50:00,16:51:00,245,4,0,0
78428,16:52:00,16:53:00,421,5,0,0
78428,16:54:00,16:55:00,274,6,0,0
78428,16:59:00,17:00:00,250,7,0,0
78428,17:01:00,17:02:00,380,8,0,0
78428,17:06:00,17:07:00,384,9,0,0
78428,17:10:00,17:11:00,299,10,0,0
78428,17:14:00,17:15:00,343,11,0,0
78428,17:17:00,17:18:00,339,12,0,0
78428,17:19:00,17:20:00,354,13,0,0
78428,17:22:00,17:23:00,235,14,0,0
78428,17:27:00,17:28:00,283,15,0,0
78428,17:32:00,17:33:00,298,16,0,0
78428,17:36:00,17:37:00,367,17,0,0
78428,17:41:00,17:42:00,364,18,0,0
78428,17:47:00,17:48:00,412,19,0,0
78428,17:52:00,17:53:00,330,20,0,0
78428,17:57:00,17:58:00,203,21,0,0
77994,16:44:00,16:45:00,1,1,0,0
77994,16:48:00,16:49:00,386,2,0,0
77994,16:53:00,16:54:00,391,3,0,0
77994,16:55:00,16:56:00,248,4,0,0
77994,16:57:00,16:58:00,392,5,0,0
77994,17:00:00,17:01:00,305,6,0,0
77994,17:03:00,17:04:00,213,7,0,0
77994,17:08:00,17:09:00,358,8,0,0
77994,17:13:00,17:14:00,296,9,0,0
77994,17:16:00,17:17:00,229,10,0,0
77994,17:19:00,17:20:00,255,11,0,0
77994,17:22:00,17:23:00,316,12,0,0
77994,17:38:00,17:39:00,252,13,0,0
77994,17:43:00,17:44:00,336,14,0,0
77994,17:45:00,17:46:00,359,15,0,0
77994,17:47:00,17:48:00,322,16,0,0
77994,17:49:00,17:50:00,207,17,0,0
77994,17:51:00,17:52:00,393,18,0,0
77994,17:58:00,17:59:00,394,19,0,0
77994,18:03:00,18:04:00,275,20,0,0
77994,18:08:00,18:09:00,286,21,0,0
77994,18:15:00,18:16:00,395,22,0,0
77994,18:20:00,18:21:00,328,23,0,0
77994,18:25:00,18:26:00,396,24,0,0
77994,18:29:00,18:30:00,397,25,0,0
79015,16:53:00,16:54:00,1,1,0,0
79015,17:03:00,17:04:00,400,2,0,0
79015,17:05:00,17:06:00,225,3,0,0
79015,17:08:00,17:09:00,382,4,0,0
79015,17:10:00,17:11:00,501,5,0,0
79015,17:12:00,17:13:00,385,6,0,0
79015,17:16:00,17:17:00,452,7,0,0
79015,17:19:00,17:20:00,449,8,0,0
79015,17:22:00,17:23:00,451,9,0,0
79015,17:25:00,17:26:00,258,10,0,0
79015,17:28:00,17:29:00,276,11,0,0
79015,17:31:00,17:32:00,281,12,0,0
79015,17:35:00,17:36:00,230,13,0,0
79015,17:37:00,17:38:00,282,14,0,0
79015,17:42:00,17:43:00,306,15,0,0
79015,17:48:00,17:49:00,310,16,0,0
79015,17:50:00,17:51:00,352,17,0,0
79015,17:55:00,17:56:00,398,18,0,0
79015,17:57:00,17:58:00,287,19,0,0
79015,18:00:00,18:01:00,453,20,0,0
79015,18:03:00,18:04:00,399,21,0,0
78023,16:59:00,17:00:00,1,1,0,0
78023,17:03:00,17:04:00,386,2,0,0
78023,17:08:00,17:09:00,391,3,0,0
78023,17:11:00,17:12:00,248,4,0,0
78023,17:13:00,17:14:00,392,5,0,0
78023,17:16:00,17:17:00,305,6,0,0
78023,17:19:00,17:20:00,213,7,0,0
78023,17:30:00,17:31:00,358,8,0,0
78023,17:36:00,17:37:00,296,9,0,0
78023,17:39:00,17:40:00,229,10,0,0
78023,17:42:00,17:43:00,255,11,0,0
78023,17:45:00,17:46:00,316,12,0,0
78023,17:48:00,17:49:00,252,13,0,0
78123,17:00:00,17:01:00,1,1,0,0
78123,17:10:00,17:11:00,331,2,0,0
78123,17:23:00,17:24:00,380,3,0,0
78123,17:38:00,17:39:00,339,4,0,0
78123,17:52:00,17:53:00,298,5,0,0
78123,18:15:00,18:16:00,203,6,0,0
78123,18:26:00,18:27:00,267,7,0,0
78123,18:43:00,18:44:00,357,8,0,0
78123,18:58:00,18:59:00,273,9,0,0
78123,19:11:00,19:12:00,279,10,0,0
78123,19:21:00,19:22:00,326,11,0,0
78123,19:30:00,19:31:00,208,12,0,0
78123,19:43:00,19:44:00,418,13,0,0
78123,19:51:00,19:52:00,434,14,0,0
78123,20:01:00,20:02:00,441,15,0,0
78123,20:13:00,20:14:00,379,16,0,0
78123,20:26:00,20:27:00,372,17,0,0
78123,20:35:00,20:36:00,423,18,0,0
78123,20:41:00,20:42:00,236,19,0,0
78123,20:53:00,20:54:00,311,20,0,0
78123,21:02:00,21:03:00,317,21,0,0
78123,21:13:00,21:14:00,333,22,0,0
78123,21:20:00,21:21:00,227,23,0,0
78123,21:27:00,21:28:00,446,24,0,0
78429,17:08:00,17:09:00,1,1,0,0
78429,17:13:00,17:14:00,450,2,0,0
78429,17:18:00,17:19:00,331,3,0,0
78429,17:20:00,17:21:00,245,4,0,0
78429,17:22:00,17:23:00,421,5,0,0
78429,17:24:00,17:25:00,274,6,0,0
78429,17:26:00,17:27:00,377,7,0,0
78429,17:28:00,17:29:00,241,8,0,0
78429,17:31:00,17:32:00,250,9,0,0
78429,17:34:00,17:35:00,380,10,0,0
78429,17:38:00,17:39:00,384,11,0,0
78429,17:42:00,17:43:00,299,12,0,0
78429,17:47:00,17:48:00,343,13,0,0
78429,17:49:00,17:50:00,339,14,0,0
78429,17:51:00,17:52:00,354,15,0,0
78429,17:55:00,17:56:00,235,16,0,0
78429,17:59:00,18:00:00,283,17,0,0
78429,18:04:00,18:05:00,298,18,0,0
79451,17:09:00,17:10:00,1,1,0,0
79451,17:13:00,17:14:00,386,2,0,0
79451,17:16:00,17:17:00,500,3,0,0
79451,17:18:00,17:19:00,387,4,0,0
79451,17:21:00,17:22:00,388,5,0,0
79451,17:25:00,17:26:00,520,6,0,0
79451,17:29:00,17:30:00,346,7,0,0
79451,17:34:00,17:35:00,340,8,0,0
79451,17:39:00,17:40:00,239,9,0,0
79451,17:48:00,17:49:00,232,10,0,0
79451,17:51:00,17:52:00,342,11,0,0
79451,17:55:00,17:56:00,237,12,0,0
79451,17:59:00,18:00:00,349,13,0,0
78024,17:14:00,17:15:00,1,1,0,0
78024,17:18:00,17:19:00,386,2,0,0
78024,17:23:00,17:24:00,391,3,0,0
78024,17:26:00,17:27:00,248,4,0,0
78024,17:28:00,17:29:00,392,5,0,0
78024,17:31:00,17:32:00,305,6,0,0
78024,17:34:00,17:35:00,213,7,0,0
78024,17:45:00,17:46:00,358,8,0,0
78024,17:51:00,17:52:00,296,9,0,0
78024,17:54:00,17:55:00,229,10,0,0
78024,17:57:00,17:58:00,255,11,0,0
78024,18:00:00,18:01:00,316,12,0,0
78024,18:03:00,18:04:00,252,13,0,0
78430,17:23:00,17:24:00,1,1,0,0
78430,17:28:00,17:29:00,450,2,0,0
78430,17:33:00,17:34:00,331,3,0,0
78430,17:35:00,17:36:00,245,4,0,0
78430,17:37:00,17:38:00,421,5,0,0
78430,17:39:00,17:40:00,274,6,0,0
78430,17:41:00,17:42:00,377,7,0,0
78430,17:43:00,17:44:00,241,8,0,0
78430,17:46:00,17:47:00,250,9,0,0
78430,17:49:00,17:50:00,380,10,0,0
78430,17:53:00,17:54:00,384,11,0,0
78430,17:57:00,17:58:00,299,12,0,0
78430,18:02:00,18:03:00,343,13,0,0
78430,18:04:00,18:05:00,339,14,0,0
79274,17:34:00,17:35:00,1,1,0,0
79274,17:38:00,17:39:00,386,2,0,0
79274,17:41:00,17:42:00,500,3,0,0
79274,17:43:00,17:44:00,387,4,0,0
79274,17:46:00,17:47:00,388,5,0,0
79274,17:50:00,17:51:00,520,6,0,0
79274,17:54:00,17:55:00,346,7,0,0
79274,18:00:00,18:01:00,340,8,0,0
79274,18:05:00,18:06:00,239,9,0,0
79274,18:09:00,18:10:00,232,10,0,0
79274,18:12:00,18:13:00,342,11,0,0
79274,18:16:00,18:17:00,237,12,0,0
79274,18:20:00,18:21:00,349,13,0,0
78431,17:38:00,17:39:00,1,1,0,0
78431,17:43:00,17:44:00,450,2,0,0
78431,17:48:00,17:49:00,331,3,0,0
78431,17:50:00,17:51:00,245,4,0,0
78431,17:52:00,17:53:00,421,5,0,0
78431,17:54:00,17:55:00,274,6,0,0
78431,17:59:00,18:00:00,250,7,0,0
78431,18:01:00,18:02:00,380,8,0,0
78431,18:06:00,18:07:00,384,9,0,0
78431,18:10:00,18:11:00,299,10,0,0
78431,18:14:00,18:15:00,343,11,0,0
78431,18:17:00,18:18:00,339,12,0,0
78431,18:19:00,18:20:00,354,13,0,0
78431,18:22:00,18:23:00,235,14,0,0
78431,18:27:00,18:28:00,283,15,0,0
78431,18:32:00,18:33:00,298,16,0,0
78431,18:36:00,18:37:00,367,17,0,0
78431,18:41:00,18:42:00,364,18,0,0
78431,18:47:00,18:48:00,412,19,0,0
78431,18:52:00,18:53:00,330,20,0,0
78431,18:57:00,18:58:00,203,21,0,0
79165,17:38:00,17:39:00,1,1,0,0
79165,17:53:00,17:54:00,400,2,0,0
79165,18:21:00,18:22:00,307,3,0,0
79165,18:34:00,18:35:00,408,4,0,0
79165,19:03:00,19:04:00,233,5,0,0
79165,19:18:00,19:19:00,309,6,0,0
79165,19:31:00,19:32:00,432,7,0,0
77995,17:44:00,17:45:00,1,1,0,0
77995,17:48:00,17:49:00,386,2,0,0
77995,17:53:00,17:54:00,391,3,0,0
77995,17:55:00,17:56:00,248,4,0,0
77995,17:57:00,17:58:00,392,5,0,0
77995,18:00:00,18:01:00,305,6,0,0
77995,18:03:00,18:04:00,213,7,0,0
77995,18:08:00,18:09:00,358,8,0,0
77995,18:13:00,18:14:00,296,9,0,0
77995,18:16:00,18:17:00,229,10,0,0
77995,18:19:00,18:20:00,255,11,0,0
77995,18:22:00,18:23:00,316,12,0,0
77995,18:38:00,18:39:00,252,13,0,0
77995,18:43:00,18:44:00,336,14,0,0
77995,18:45:00,18:46:00,359,15,0,0
77995,18:47:00,18:48:00,322,16,0,0
77995,18:49:00,18:50:00,207,17,0,0
77995,18:51:00,18:52:00,393,18,0,0
77995,18:58:00,18:59:00,394,19,0,0
77995,19:03:00,19:04:00,275,20,0,0
77995,19:08:00,19:09:00,286,21,0,0
77995,19:15:00,19:16:00,395,22,0,0
77995,19:20:00,19:21:00,328,23,0,0
77995,19:25:00,19:26:00,396,24,0,0
77995,19:29:00,19:30:00,397,25,0,0
79167,17:51:00,17:52:00,1,1,0,0
79167,18:18:00,18:19:00,400,2,0,0
79167,18:26:00,18:27:00,238,3,0,0
79167,18:30:00,18:31:00,540,4,0,0
79167,18:34:00,18:35:00,362,5,0,0
79167,18:44:00,18:45:00,374,6,0,0
79167,18:52:00,18:53:00,271,7,0,0
79167,18:59:00,19:00:00,433,8,0,0
79167,19:06:00,19:07:00,307,9,0,0
79167,19:10:00,19:11:00,256,10,0,0
79167,19:20:00,19:21:00,408,11,0,0
79457,17:54:00,17:55:00,1,1,0,0
79457,17:58:00,17:59:00,386,2,0,0
79457,18:01:00,18:02:00,500,3,0,0
79457,18:03:00,18:04:00,387,4,0,0
79457,18:06:00,18:07:00,388,5,0,0
79457,18:10:00,18:11:00,520,6,0,0
79457,18:14:00,18:15:00,346,7,0,0
79457,18:19:00,18:20:00,340,8,0,0
79457,18:28:00,18:29:00,342,9,0,0
79457,18:32:00,18:33:00,237,10,0,0
79457,18:36:00,18:37:00,349,11,0,0
79019,17:56:00,17:57:00,1,1,0,0
79019,18:06:00,18:07:00,400,2,0,0
79019,18:08:00,18:09:00,225,3,0,0
79019,18:11:00,18:12:00,382,4,0,0
79019,18:13:00,18:14:00,501,5,0,0
79019,18:15:00,18:16:00,385,6,0,0
79019,18:19:00,18:20:00,452,7,0,0
79019,18:22:00,18:23:00,449,8,0,0
79019,18:25:00,18:26:00,451,9,0,0
79019,18:28:00,18:29:00,258,10,0,0
79019,18:31:00,18:32:00,276,11,0,0
79019,18:34:00,18:35:00,281,12,0,0
79019,18:38:00,18:39:00,230,13,0,0
79019,18:40:00,18:41:00,282,14,0,0
79019,18:45:00,18:46:00,306,15,0,0
79019,18:51:00,18:52:00,310,16,0,0
79019,18:53:00,18:54:00,352,17,0,0
79019,18:58:00,18:59:00,398,18,0,0
79019,19:00:00,19:01:00,287,19,0,0
79019,19:03:00,19:04:00,453,20,0,0
79019,19:06:00,19:07:00,399,21,0,0
78025,17:59:00,18:00:00,1,1,0,0
78025,18:03:00,18:04:00,386,2,0,0
78025,18:08:00,18:09:00,391,3,0,0
78025,18:11:00,18:12:00,248,4,0,0
78025,18:13:00,18:14:00,392,5,0,0
78025,18:16:00,18:17:00,305,6,0,0
78025,18:19:00,18:20:00,213,7,0,0
78025,18:30:00,18:31:00,358,8,0,0
78025,18:36:00,18:37:00,296,9,0,0
78025,18:39:00,18:40:00,229,10,0,0
78025,18:42:00,18:43:00,255,11,0,0
78025,18:45:00,18:46:00,316,12,0,0
78025,18:48:00,18:49:00,252,13,0,0
78269,18:00:00,18:01:00,1,1,0,0
78269,18:10:00,18:11:00,331,2,0,0
78269,18:34:00,18:35:00,339,3,0,0
78269,18:48:00,18:49:00,298,4,0,0
78269,19:11:00,19:12:00,203,5,0,0
78269,19:22:00,19:23:00,267,6,0,0
78269,19:31:00,19:32:00,204,7,0,0
78269,19:42:00,19:43:00,357,8,0,0
78269,19:57:00,19:58:00,273,9,0,0
78269,20:11:00,20:12:00,427,10,0,0
78269,20:22:00,20:23:00,308,11,0,0
78269,20:32:00,20:33:00,360,12,0,0
78269,20:45:00,20:46:00,335,13,0,0
78269,20:56:00,20:57:00,430,14,0,0
78269,21:01:00,21:02:00,304,15,0,0
78269,21:14:00,21:15:00,243,16,0,0
78432,18:08:00,18:09:00,1,1,0,0
78432,18:13:00,18:14:00,450,2,0,0
78432,18:18:00,18:19:00,331,3,0,0
78432,18:20:00,18:21:00,245,4,0,0
78432,18:22:00,18:23:00,421,5,0,0
78432,18:24:00,18:25:00,274,6,0,0
78432,18:26:00,18:27:00,377,7,0,0
78432,18:28:00,18:29:00,241,8,0,0
78432,18:31:00,18:32:00,250,9,0,0
78432,18:34:00,18:35:00,380,10,0,0
78432,18:38:00,18:39:00,384,11,0,0
78432,18:43:00,18:44:00,299,12,0,0
78432,18:47:00,18:48:00,343,13,0,0
78432,18:50:00,18:51:00,339,14,0,0
78432,18:52:00,18:53:00,354,15,0,0
78432,18:55:00,18:56:00,235,16,0,0
78432,19:00:00,19:01:00,283,17,0,0
78432,19:05:00,19:06:00,298,18,0,0
78026,18:14:00,18:15:00,1,1,0,0
78026,18:18:00,18:19:00,386,2,0,0
78026,18:23:00,18:24:00,391,3,0,0
78026,18:26:00,18:27:00,248,4,0,0
78026,18:28:00,18:29:00,392,5,0,0
78026,18:31:00,18:32:00,305,6,0,0
78026,18:34:00,18:35:00,213,7,0,0
78026,18:45:00,18:46:00,358,8,0,0
78026,18:51:00,18:52:00,296,9,0,0
78026,18:54:00,18:55:00,229,10,0,0
78026,18:57:00,18:58:00,255,11,0,0
78026,19:00:00,19:01:00,316,12,0,0
78026,19:03:00,19:04:00,252,13,0,0
79384,18:19:00,18:20:00,1,1,0,0
79384,18:25:00,18:26:00,386,2,0,0
79384,18:41:00,18:42:00,340,3,0,0
79384,19:04:00,19:05:00,349,4,0,0
79384,19:26:00,19:27:00,249,5,0,0
79384,19:46:00,19:47:00,222,6,0,0
79384,20:14:00,20:15:00,381,7,0,0
79384,20:38:00,20:39:00,413,8,0,0
79384,21:34:00,21:35:00,300,9,0,0
79277,18:34:00,18:35:00,1,1,0,0
79277,18:38:00,18:39:00,386,2,0,0
79277,18:41:00,18:42:00,500,3,0,0
79277,18:43:00,18:44:00,387,4,0,0
79277,18:46:00,18:47:00,388,5,0,0
79277,18:50:00,18:51:00,520,6,0,0
79277,18:54:00,18:55:00,346,7,0,0
79277,19:00:00,19:01:00,340,8,0,0
79277,19:05:00,19:06:00,239,9,0,0
79277,19:11:00,19:12:00,232,10,0,0
79277,19:14:00,19:15:00,342,11,0,0
79277,19:18:00,19:19:00,237,12,0,0
79277,19:22:00,19:23:00,349,13,0,0
79169,18:35:00,18:36:00,1,1,0,0
79169,18:49:00,18:50:00,400,2,0,0
79169,18:56:00,18:57:00,362,3,0,0
79169,19:07:00,19:08:00,374,4,0,0
79169,19:24:00,19:25:00,307,5,0,0
79169,19:37:00,19:38:00,408,6,0,0
79169,19:50:00,19:51:00,301,7,0,0
79169,20:11:00,20:12:00,233,8,0,0
79169,20:25:00,20:26:00,309,9,0,0
79169,20:38:00,20:39:00,432,10,0,0
79169,20:55:00,20:56:00,419,11,0,0
79169,21:12:00,21:13:00,312,12,0,0
79169,21:18:00,21:19:00,460,13,0,0
78433,18:38:00,18:39:00,1,1,0,0
78433,18:43:00,18:44:00,450,2,0,0
78433,18:48:00,18:49:00,331,3,0,0
78433,18:50:00,18:51:00,245,4,0,0
78433,18:52:00,18:53:00,421,5,0,0
78433,18:54:00,18:55:00,274,6,0,0
78433,18:59:00,19:00:00,250,7,0,0
78433,19:01:00,19:02:00,380,8,0,0
78433,19:06:00,19:07:00,384,9,0,0
78433,19:10:00,19:11:00,299,10,0,0
78433,19:14:00,19:15:00,343,11,0,0
78433,19:17:00,19:18:00,339,12,0,0
78433,19:19:00,19:20:00,354,13,0,0
78433,19:22:00,19:23:00,235,14,0,0
78433,19:27:00,19:28:00,283,15,0,0
78433,19:32:00,19:33:00,298,16,0,0
78433,19:36:00,19:37:00,367,17,0,0
78433,19:41:00,19:42:00,364,18,0,0
78433,19:47:00,19:48:00,412,19,0,0
78433,19:52:00,19:53:00,330,20,0,0
78433,19:57:00,19:58:00,203,21,0,0
77996,18:44:00,18:45:00,1,1,0,0
77996,18:48:00,18:49:00,386,2,0,0
77996,18:53:00,18:54:00,391,3,0,0
77996,18:55:00,18:56:00,248,4,0,0
77996,18:57:00,18:58:00,392,5,0,0
77996,19:00:00,19:01:00,305,6,0,0
77996,19:03:00,19:04:00,213,7,0,0
77996,19:08:00,19:09:00,358,8,0,0
77996,19:13:00,19:14:00,296,9,0,0
77996,19:16:00,19:17:00,229,10,0,0
77996,19:19:00,19:20:00,255,11,0,0
77996,19:22:00,19:23:00,316,12,0,0
77996,19:38:00,19:39:00,252,13,0,0
77996,19:43:00,19:44:00,336,14,0,0
77996,19:45:00,19:46:00,359,15,0,0
77996,19:47:00,19:48:00,322,16,0,0
77996,19:49:00,19:50:00,207,17,0,0
77996,19:51:00,19:52:00,393,18,0,0
77996,19:58:00,19:59:00,394,19,0,0
77996,20:03:00,20:04:00,275,20,0,0
77996,20:08:00,20:09:00,286,21,0,0
77996,20:15:00,20:16:00,395,22,0,0
77996,20:20:00,20:21:00,328,23,0,0
77996,20:25:00,20:26:00,396,24,0,0
77996,20:29:00,20:30:00,397,25,0,0
79023,18:55:00,18:56:00,1,1,0,0
79023,19:05:00,19:06:00,400,2,0,0
79023,19:07:00,19:08:00,225,3,0,0
79023,19:10:00,19:11:00,382,4,0,0
79023,19:12:00,19:13:00,501,5,0,0
79023,19:14:00,19:15:00,385,6,0,0
79023,19:18:00,19:19:00,452,7,0,0
79023,19:21:00,19:22:00,449,8,0,0
79023,19:23:00,19:24:00,451,9,0,0
79023,19:26:00,19:27:00,258,10,0,0
79023,19:30:00,19:31:00,276,11,0,0
79023,19:33:00,19:34:00,281,12,0,0
79023,19:36:00,19:37:00,230,13,0,0
79023,19:38:00,19:39:00,282,14,0,0
79023,19:43:00,19:44:00,306,15,0,0
79023,19:49:00,19:50:00,310,16,0,0
79023,19:51:00,19:52:00,352,17,0,0
79023,19:56:00,19:57:00,398,18,0,0
79023,19:58:00,19:59:00,287,19,0,0
79023,20:01:00,20:02:00,453,20,0,0
79023,20:04:00,20:05:00,399,21,0,0
78027,18:59:00,19:00:00,1,1,0,0
78027,19:03:00,19:04:00,386,2,0,0
78027,19:08:00,19:09:00,391,3,0,0
78027,19:11:00,19:12:00,248,4,0,0
78027,19:13:00,19:14:00,392,5,0,0
78027,19:16:00,19:17:00,305,6,0,0
78027,19:19:00,19:20:00,213,7,0,0
78027,19:30:00,19:31:00,358,8,0,0
78027,19:36:00,19:37:00,296,9,0,0
78027,19:39:00,19:40:00,229,10,0,0
78027,19:42:00,19:43:00,255,11,0,0
78027,19:45:00,19:46:00,316,12,0,0
78027,19:48:00,19:49:00,252,13,0,0
78202,19:00:00,19:01:00,1,1,0,0
78202,19:10:00,19:11:00,331,2,0,0
78202,19:34:00,19:35:00,339,3,0,0
78202,19:48:00,19:49:00,298,4,0,0
78202,20:04:00,20:05:00,412,5,0,0
78202,20:13:00,20:14:00,203,6,0,0
78202,20:24:00,20:25:00,267,7,0,0
78202,20:41:00,20:42:00,357,8,0,0
78202,20:58:00,20:59:00,341,9,0,0
78202,21:05:00,21:06:00,260,10,0,0
78202,21:12:00,21:13:00,319,11,0,0
78202,21:25:00,21:26:00,315,12,0,0
78434,19:08:00,19:09:00,1,1,0,0
78434,19:13:00,19:14:00,450,2,0,0
78434,19:18:00,19:19:00,331,3,0,0
78434,19:20:00,19:21:00,245,4,0,0
78434,19:22:00,19:23:00,421,5,0,0
78434,19:24:00,19:25:00,274,6,0,0
78434,19:26:00,19:27:00,377,7,0,0
78434,19:28:00,19:29:00,241,8,0,0
78434,19:31:00,19:32:00,250,9,0,0
78434,19:34:00,19:35:00,380,10,0,0
78434,19:38:00,19:39:00,384,11,0,0
78434,19:43:00,19:44:00,299,12,0,0
78434,19:47:00,19:48:00,343,13,0,0
78434,19:50:00,19:51:00,339,14,0,0
78434,19:52:00,19:53:00,354,15,0,0
78434,19:56:00,19:57:00,235,16,0,0
78434,20:00:00,20:01:00,283,17,0,0
78434,20:05:00,20:06:00,298,18,0,0
78028,19:14:00,19:15:00,1,1,0,0
78028,19:18:00,19:19:00,386,2,0,0
78028,19:23:00,19:24:00,391,3,0,0
78028,19:26:00,19:27:00,248,4,0,0
78028,19:28:00,19:29:00,392,5,0,0
78028,19:31:00,19:32:00,305,6,0,0
78028,19:34:00,19:35:00,213,7,0,0
78028,19:45:00,19:46:00,358,8,0,0
78028,19:51:00,19:52:00,296,9,0,0
78028,19:54:00,19:55:00,229,10,0,0
78028,19:57:00,19:58:00,255,11,0,0
78028,20:00:00,20:01:00,316,12,0,0
78028,20:03:00,20:04:00,252,13,0,0
79279,19:34:00,19:35:00,1,1,0,0
79279,19:38:00,19:39:00,386,2,0,0
79279,19:41:00,19:42:00,500,3,0,0
79279,19:43:00,19:44:00,387,4,0,0
79279,19:46:00,19:47:00,388,5,0,0
79279,19:50:00,19:51:00,520,6,0,0
79279,19:54:00,19:55:00,346,7,0,0
79279,19:59:00,20:00:00,340,8,0,0
79279,20:04:00,20:05:00,239,9,0,0
79279,20:08:00,20:09:00,232,10,0,0
79279,20:11:00,20:12:00,342,11,0,0
79279,20:15:00,20:16:00,237,12,0,0
79279,20:19:00,20:20:00,349,13,0,0
79171,19:34:00,19:35:00,1,1,0,0
79171,19:48:00,19:49:00,400,2,0,0
79171,19:52:00,19:53:00,238,3,0,0
79171,19:56:00,19:57:00,540,4,0,0
79171,20:00:00,20:01:00,362,5,0,0
79171,20:10:00,20:11:00,374,6,0,0
79171,20:18:00,20:19:00,271,7,0,0
79171,20:25:00,20:26:00,433,8,0,0
79171,20:32:00,20:33:00,307,9,0,0
79171,20:37:00,20:38:00,256,10,0,0
79171,20:47:00,20:48:00,408,11,0,0
79171,20:57:00,20:58:00,301,12,0,0
79171,21:06:00,21:07:00,297,13,0,0
79171,21:12:00,21:13:00,324,14,0,0
79171,21:19:00,21:20:00,206,15,0,0
79171,21:28:00,21:29:00,233,16,0,0
79171,21:34:00,21:35:00,323,17,0,0
79171,21:42:00,21:43:00,309,18,0,0
79171,21:55:00,21:56:00,432,19,0,0
78435,19:38:00,19:39:00,1,1,0,0
78435,19:43:00,19:44:00,450,2,0,0
78435,19:48:00,19:49:00,331,3,0,0
78435,19:50:00,19:51:00,245,4,0,0
78435,19:52:00,19:53:00,421,5,0,0
78435,19:54:00,19:55:00,274,6,0,0
78435,19:56:00,19:57:00,377,7,0,0
78435,19:58:00,19:59:00,241,8,0,0
78435,20:01:00,20:02:00,250,9,0,0
78435,20:04:00,20:05:00,380,10,0,0
78435,20:08:00,20:09:00,384,11,0,0
78435,20:12:00,20:13:00,299,12,0,0
78435,20:17:00,20:18:00,343,13,0,0
78435,20:19:00,20:20:00,339,14,0,0
78435,20:21:00,20:22:00,354,15,0,0
78435,20:25:00,20:26:00,235,16,0,0
78435,20:29:00,20:30:00,283,17,0,0
78435,20:34:00,20:35:00,298,18,0,0
77997,19:44:00,19:45:00,1,1,0,0
77997,19:48:00,19:49:00,386,2,0,0
77997,19:53:00,19:54:00,391,3,0,0
77997,19:55:00,19:56:00,248,4,0,0
77997,19:57:00,19:58:00,392,5,0,0
77997,20:00:00,20:01:00,305,6,0,0
77997,20:03:00,20:04:00,213,7,0,0
77997,20:08:00,20:09:00,358,8,0,0
77997,20:13:00,20:14:00,296,9,0,0
77997,20:16:00,20:17:00,229,10,0,0
77997,20:19:00,20:20:00,255,11,0,0
77997,20:22:00,20:23:00,316,12,0,0
77997,20:38:00,20:39:00,252,13,0,0
77997,20:43:00,20:44:00,336,14,0,0
77997,20:45:00,20:46:00,359,15,0,0
77997,20:47:00,20:48:00,322,16,0,0
77997,20:49:00,20:50:00,207,17,0,0
77997,20:51:00,20:52:00,393,18,0,0
77997,20:58:00,20:59:00,394,19,0,0
77997,21:03:00,21:04:00,275,20,0,0
77997,21:08:00,21:09:00,286,21,0,0
77997,21:15:00,21:16:00,395,22,0,0
77997,21:20:00,21:21:00,328,23,0,0
77997,21:25:00,21:26:00,396,24,0,0
77997,21:29:00,21:30:00,397,25,0,0
79028,19:55:00,19:56:00,1,1,0,0
79028,20:05:00,20:06:00,400,2,0,0
79028,20:07:00,20:08:00,225,3,0,0
79028,20:10:00,20:11:00,382,4,0,0
79028,20:12:00,20:13:00,501,5,0,0
79028,20:14:00,20:15:00,385,6,0,0
79028,20:18:00,20:19:00,452,7,0,0
79028,20:21:00,20:22:00,449,8,0,0
79028,20:24:00,20:25:00,451,9,0,0
79028,20:27:00,20:28:00,258,10,0,0
79028,20:30:00,20:31:00,276,11,0,0
79028,20:33:00,20:34:00,281,12,0,0
79028,20:37:00,20:38:00,230,13,0,0
79028,20:39:00,20:40:00,282,14,0,0
79028,20:44:00,20:45:00,306,15,0,0
79028,20:50:00,20:51:00,310,16,0,0
79028,20:52:00,20:53:00,352,17,0,0
79028,20:57:00,20:58:00,398,18,0,0
79028,20:59:00,21:00:00,287,19,0,0
79028,21:02:00,21:03:00,453,20,0,0
79028,21:05:00,21:06:00,399,21,0,0
78029,19:59:00,20:00:00,1,1,0,0
78029,20:03:00,20:04:00,386,2,0,0
78029,20:08:00,20:09:00,391,3,0,0
78029,20:11:00,20:12:00,248,4,0,0
78029,20:13:00,20:14:00,392,5,0,0
78029,20:16:00,20:17:00,305,6,0,0
78029,20:19:00,20:20:00,213,7,0,0
78029,20:30:00,20:31:00,358,8,0,0
78029,20:36:00,20:37:00,296,9,0,0
78029,20:39:00,20:40:00,229,10,0,0
78029,20:42:00,20:43:00,255,11,0,0
78029,20:45:00,20:46:00,316,12,0,0
78029,20:48:00,20:49:00,252,13,0,0
78436,20:08:00,20:09:00,1,1,0,0
78436,20:13:00,20:14:00,450,2,0,0
78436,20:18:00,20:19:00,331,3,0,0
78436,20:20:00,20:21:00,245,4,0,0
78436,20:22:00,20:23:00,421,5,0,0
78436,20:28:00,20:29:00,250,6,0,0
78436,20:30:00,20:31:00,380,7,0,0
78436,20:35:00,20:36:00,384,8,0,0
78436,20:39:00,20:40:00,299,9,0,0
78436,20:43:00,20:44:00,343,10,0,0
78436,20:46:00,20:47:00,339,11,0,0
78436,20:48:00,20:49:00,354,12,0,0
78436,20:51:00,20:52:00,235,13,0,0
78436,20:56:00,20:57:00,283,14,0,0
78436,21:01:00,21:02:00,298,15,0,0
78436,21:05:00,21:06:00,367,16,0,0
78436,21:10:00,21:11:00,364,17,0,0
78436,21:16:00,21:17:00,412,18,0,0
78436,21:21:00,21:22:00,330,19,0,0
78436,21:26:00,21:27:00,203,20,0,0
78030,20:14:00,20:15:00,1,1,0,0
78030,20:18:00,20:19:00,386,2,0,0
78030,20:23:00,20:24:00,391,3,0,0
78030,20:26:00,20:27:00,248,4,0,0
78030,20:28:00,20:29:00,392,5,0,0
78030,20:31:00,20:32:00,305,6,0,0
78030,20:34:00,20:35:00,213,7,0,0
78030,20:45:00,20:46:00,358,8,0,0
78030,20:51:00,20:52:00,296,9,0,0
78030,20:54:00,20:55:00,229,10,0,0
78030,20:57:00,20:58:00,255,11,0,0
78030,21:00:00,21:01:00,316,12,0,0
78030,21:03:00,21:04:00,252,13,0,0
79173,20:30:00,20:31:00,1,1,0,0
79173,20:57:00,20:58:00,400,2,0,0
79173,21:01:00,21:02:00,238,3,0,0
79173,21:05:00,21:06:00,540,4,0,0
79173,21:09:00,21:10:00,362,5,0,0
79173,21:19:00,21:20:00,374,6,0,0
79173,21:27:00,21:28:00,271,7,0,0
79173,21:34:00,21:35:00,433,8,0,0
79173,21:41:00,21:42:00,307,9,0,0
79173,21:45:00,21:46:00,256,10,0,0
79173,21:55:00,21:56:00,408,11,0,0
79280,20:34:00,20:35:00,1,1,0,0
79280,20:38:00,20:39:00,386,2,0,0
79280,20:41:00,20:42:00,500,3,0,0
79280,20:43:00,20:44:00,387,4,0,0
79280,20:46:00,20:47:00,388,5,0,0
79280,20:50:00,20:51:00,520,6,0,0
79280,20:54:00,20:55:00,346,7,0,0
79280,21:00:00,21:01:00,340,8,0,0
79280,21:05:00,21:06:00,239,9,0,0
79280,21:09:00,21:10:00,232,10,0,0
79280,21:12:00,21:13:00,342,11,0,0
79280,21:16:00,21:17:00,237,12,0,0
79280,21:20:00,21:21:00,349,13,0,0
78440,20:38:00,20:39:00,1,1,0,0
78440,20:43:00,20:44:00,450,2,0,0
78440,20:48:00,20:49:00,331,3,0,0
78440,20:50:00,20:51:00,245,4,0,0
78440,20:52:00,20:53:00,421,5,0,0
78440,20:54:00,20:55:00,274,6,0,0
78440,20:56:00,20:57:00,377,7,0,0
78440,20:58:00,20:59:00,241,8,0,0
78440,21:01:00,21:02:00,250,9,0,0
78440,21:03:00,21:04:00,380,10,0,0
78440,21:08:00,21:09:00,384,11,0,0
78440,21:12:00,21:13:00,299,12,0,0
78440,21:17:00,21:18:00,343,13,0,0
78440,21:19:00,21:20:00,339,14,0,0
78440,21:21:00,21:22:00,354,15,0,0
78440,21:25:00,21:26:00,235,16,0,0
78440,21:30:00,21:31:00,283,17,0,0
78440,21:35:00,21:36:00,298,18,0,0
77998,20:44:00,20:45:00,1,1,0,0
77998,20:48:00,20:49:00,386,2,0,0
77998,20:53:00,20:54:00,391,3,0,0
77998,20:55:00,20:56:00,248,4,0,0
77998,20:57:00,20:58:00,392,5,0,0
77998,21:00:00,21:01:00,305,6,0,0
77998,21:03:00,21:04:00,213,7,0,0
77998,21:08:00,21:09:00,358,8,0,0
77998,21:13:00,21:14:00,296,9,0,0
77998,21:16:00,21:17:00,229,10,0,0
77998,21:19:00,21:20:00,255,11,0,0
77998,21:22:00,21:23:00,316,12,0,0
77998,21:38:00,21:39:00,252,13,0,0
77998,21:43:00,21:44:00,336,14,0,0
77998,21:45:00,21:46:00,359,15,0,0
77998,21:47:00,21:48:00,322,16,0,0
77998,21:49:00,21:50:00,207,17,0,0
77998,21:51:00,21:52:00,393,18,0,0
77998,21:58:00,21:59:00,394,19,0,0
77998,22:03:00,22:04:00,275,20,0,0
77998,22:08:00,22:09:00,286,21,0,0
77998,22:15:00,22:16:00,395,22,0,0
77998,22:20:00,22:21:00,328,23,0,0
77998,22:25:00,22:26:00,396,24,0,0
77998,22:29:00,22:30:00,397,25,0,0
79031,20:55:00,20:56:00,1,1,0,0
79031,21:05:00,21:06:00,400,2,0,0
79031,21:07:00,21:08:00,225,3,0,0
79031,21:10:00,21:11:00,382,4,0,0
79031,21:12:00,21:13:00,501,5,0,0
79031,21:14:00,21:15:00,385,6,0,0
79031,21:18:00,21:19:00,452,7,0,0
79031,21:21:00,21:22:00,449,8,0,0
79031,21:24:00,21:25:00,451,9,0,0
79031,21:27:00,21:28:00,258,10,0,0
79031,21:30:00,21:31:00,276,11,0,0
79031,21:33:00,21:34:00,281,12,0,0
79031,21:37:00,21:38:00,230,13,0,0
79031,21:39:00,21:40:00,282,14,0,0
79031,21:44:00,21:45:00,306,15,0,0
79031,21:50:00,21:51:00,310,16,0,0
79031,21:52:00,21:53:00,352,17,0,0
79031,21:57:00,21:58:00,398,18,0,0
79031,21:59:00,22:00:00,287,19,0,0
79031,22:02:00,22:03:00,453,20,0,0
79031,22:05:00,22:06:00,399,21,0,0
78031,20:59:00,21:00:00,1,1,0,0
78031,21:03:00,21:04:00,386,2,0,0
78031,21:08:00,21:09:00,391,3,0,0
78031,21:11:00,21:12:00,248,4,0,0
78031,21:13:00,21:14:00,392,5,0,0
78031,21:16:00,21:17:00,305,6,0,0
78031,21:19:00,21:20:00,213,7,0,0
78031,21:30:00,21:31:00,358,8,0,0
78031,21:36:00,21:37:00,296,9,0,0
78031,21:39:00,21:40:00,229,10,0,0
78031,21:42:00,21:43:00,255,11,0,0
78031,21:45:00,21:46:00,316,12,0,0
78031,21:48:00,21:49:00,252,13,0,0
78272,21:00:00,21:01:00,1,1,0,0
78272,21:10:00,21:11:00,331,2,0,0
78272,21:34:00,21:35:00,339,3,0,0
78272,21:48:00,21:49:00,298,4,0,0
78272,22:04:00,22:05:00,412,5,0,0
78272,22:13:00,22:14:00,203,6,0,0
78272,22:24:00,22:25:00,267,7,0,0
78272,22:41:00,22:42:00,357,8,0,0
78272,22:56:00,22:57:00,273,9,0,0
78272,23:18:00,23:19:00,308,10,0,0
78272,23:28:00,23:29:00,360,11,0,0
78272,23:41:00,23:42:00,335,12,0,0
78272,23:52:00,23:53:00,430,13,0,0
78272,23:58:00,23:59:00,304,14,0,0
78272,24:11:00,24:12:00,243,15,0,0
78441,21:08:00,21:09:00,1,1,0,0
78441,21:13:00,21:14:00,450,2,0,0
78441,21:18:00,21:19:00,331,3,0,0
78441,21:20:00,21:21:00,245,4,0,0
78441,21:22:00,21:23:00,421,5,0,0
78441,21:24:00,21:25:00,274,6,0,0
78441,21:26:00,21:27:00,377,7,0,0
78441,21:28:00,21:29:00,241,8,0,0
78441,21:31:00,21:32:00,250,9,0,0
78441,21:34:00,21:35:00,380,10,0,0
78441,21:38:00,21:39:00,384,11,0,0
78441,21:42:00,21:43:00,299,12,0,0
78441,21:47:00,21:48:00,343,13,0,0
78441,21:49:00,21:50:00,339,14,0,0
78441,21:51:00,21:52:00,354,15,0,0
78441,21:55:00,21:56:00,235,16,0,0
78441,21:59:00,22:00:00,283,17,0,0
78441,22:04:00,22:05:00,298,18,0,0
78032,21:14:00,21:15:00,1,1,0,0
78032,21:18:00,21:19:00,386,2,0,0
78032,21:23:00,21:24:00,391,3,0,0
78032,21:26:00,21:27:00,248,4,0,0
78032,21:28:00,21:29:00,392,5,0,0
78032,21:31:00,21:32:00,305,6,0,0
78032,21:34:00,21:35:00,213,7,0,0
78032,21:45:00,21:46:00,358,8,0,0
78032,21:51:00,21:52:00,296,9,0,0
78032,21:54:00,21:55:00,229,10,0,0
78032,21:57:00,21:58:00,255,11,0,0
78032,22:00:00,22:01:00,316,12,0,0
78032,22:03:00,22:04:00,252,13,0,0
79175,21:33:00,21:34:00,1,1,0,0
79175,21:47:00,21:48:00,400,2,0,0
79175,21:51:00,21:52:00,238,3,0,0
79175,21:55:00,21:56:00,540,4,0,0
79175,21:59:00,22:00:00,362,5,0,0
79175,22:09:00,22:10:00,374,6,0,0
79175,22:17:00,22:18:00,271,7,0,0
79175,22:24:00,22:25:00,433,8,0,0
79175,22:31:00,22:32:00,307,9,0,0
79175,22:35:00,22:36:00,256,10,0,0
79175,22:46:00,22:47:00,408,11,0,0
79175,22:56:00,22:57:00,301,12,0,0
79175,23:17:00,23:18:00,233,13,0,0
79282,21:34:00,21:35:00,1,1,0,0
79282,21:38:00,21:39:00,386,2,0,0
79282,21:41:00,21:42:00,500,3,0,0
79282,21:43:00,21:44:00,387,4,0,0
79282,21:46:00,21:47:00,388,5,0,0
79282,21:50:00,21:51:00,520,6,0,0
79282,21:54:00,21:55:00,346,7,0,0
79282,22:00:00,22:01:00,340,8,0,0
79282,22:05:00,22:06:00,239,9,0,0
79282,22:09:00,22:10:00,232,10,0,0
79282,22:12:00,22:13:00,342,11,0,0
79282,22:16:00,22:17:00,237,12,0,0
79282,22:20:00,22:21:00,349,13,0,0
78443,21:38:00,21:39:00,1,1,0,0
78443,21:43:00,21:44:00,450,2,0,0
78443,21:48:00,21:49:00,331,3,0,0
78443,21:50:00,21:51:00,245,4,0,0
78443,21:52:00,21:53:00,421,5,0,0
78443,21:58:00,21:59:00,250,6,0,0
78443,22:00:00,22:01:00,380,7,0,0
78443,22:05:00,22:06:00,384,8,0,0
78443,22:09:00,22:10:00,299,9,0,0
78443,22:13:00,22:14:00,343,10,0,0
78443,22:16:00,22:17:00,339,11,0,0
78443,22:18:00,22:19:00,354,12,0,0
78443,22:21:00,22:22:00,235,13,0,0
78443,22:26:00,22:27:00,283,14,0,0
78443,22:31:00,22:32:00,298,15,0,0
78443,22:35:00,22:36:00,367,16,0,0
78443,22:40:00,22:41:00,364,17,0,0
78443,22:46:00,22:47:00,412,18,0,0
78443,22:51:00,22:52:00,330,19,0,0
78443,22:56:00,22:57:00,203,20,0,0
77999,21:44:00,21:45:00,1,1,0,0
77999,21:48:00,21:49:00,386,2,0,0
77999,21:53:00,21:54:00,391,3,0,0
77999,21:55:00,21:56:00,248,4,0,0
77999,21:57:00,21:58:00,392,5,0,0
77999,22:00:00,22:01:00,305,6,0,0
77999,22:03:00,22:04:00,213,7,0,0
77999,22:08:00,22:09:00,358,8,0,0
77999,22:13:00,22:14:00,296,9,0,0
77999,22:16:00,22:17:00,229,10,0,0
77999,22:19:00,22:20:00,255,11,0,0
77999,22:22:00,22:23:00,316,12,0,0
77999,22:38:00,22:39:00,252,13,0,0
77999,22:43:00,22:44:00,336,14,0,0
77999,22:45:00,22:46:00,359,15,0,0
77999,22:47:00,22:48:00,322,16,0,0
77999,22:49:00,22:50:00,207,17,0,0
77999,22:51:00,22:52:00,393,18,0,0
77999,22:58:00,22:59:00,394,19,0,0
77999,23:03:00,23:04:00,275,20,0,0
77999,23:08:00,23:09:00,286,21,0,0
77999,23:15:00,23:16:00,395,22,0,0
77999,23:20:00,23:21:00,328,23,0,0
77999,23:25:00,23:26:00,396,24,0,0
77999,23:29:00,23:30:00,397,25,0,0
79033,21:55:00,21:56:00,1,1,0,0
79033,22:05:00,22:06:00,400,2,0,0
79033,22:07:00,22:08:00,225,3,0,0
79033,22:10:00,22:11:00,382,4,0,0
79033,22:12:00,22:13:00,501,5,0,0
79033,22:14:00,22:15:00,385,6,0,0
79033,22:18:00,22:19:00,452,7,0,0
79033,22:21:00,22:22:00,449,8,0,0
79033,22:24:00,22:25:00,451,9,0,0
79033,22:27:00,22:28:00,258,10,0,0
79033,22:30:00,22:31:00,276,11,0,0
79033,22:33:00,22:34:00,281,12,0,0
79033,22:37:00,22:38:00,230,13,0,0
79033,22:39:00,22:40:00,282,14,0,0
79033,22:44:00,22:45:00,306,15,0,0
79033,22:50:00,22:51:00,310,16,0,0
79033,22:52:00,22:53:00,352,17,0,0
79033,22:57:00,22:58:00,398,18,0,0
79033,22:59:00,23:00:00,287,19,0,0
79033,23:02:00,23:03:00,453,20,0,0
79033,23:05:00,23:06:00,399,21,0,0
78583,22:14:00,22:15:00,1,1,0,0
78583,22:18:00,22:19:00,386,2,0,0
78583,22:23:00,22:24:00,391,3,0,0
78583,22:26:00,22:27:00,248,4,0,0
78583,22:28:00,22:29:00,392,5,0,0
78583,22:31:00,22:32:00,305,6,0,0
78583,22:34:00,22:35:00,213,7,0,0
78583,22:45:00,22:46:00,358,8,0,0
78583,22:51:00,22:52:00,296,9,0,0
78583,22:54:00,22:55:00,229,10,0,0
78583,22:57:00,22:58:00,255,11,0,0
78583,23:00:00,23:01:00,316,12,0,0
78583,23:03:00,23:04:00,252,13,0,0
79283,22:34:00,22:35:00,1,1,0,0
79283,22:38:00,22:39:00,386,2,0,0
79283,22:41:00,22:42:00,500,3,0,0
79283,22:43:00,22:44:00,387,4,0,0
79283,22:46:00,22:47:00,388,5,0,0
79283,22:50:00,22:51:00,520,6,0,0
79283,22:54:00,22:55:00,346,7,0,0
79283,23:00:00,23:01:00,340,8,0,0
79283,23:05:00,23:06:00,239,9,0,0
79283,23:09:00,23:10:00,232,10,0,0
79283,23:12:00,23:13:00,342,11,0,0
79283,23:16:00,23:17:00,237,12,0,0
79283,23:20:00,23:21:00,349,13,0,0
79179,22:34:00,22:35:00,1,1,0,0
79179,22:49:00,22:50:00,400,2,0,0
79179,22:53:00,22:54:00,238,3,0,0
79179,22:57:00,22:58:00,540,4,0,0
79179,23:01:00,23:02:00,362,5,0,0
79179,23:11:00,23:12:00,374,6,0,0
79179,23:19:00,23:20:00,271,7,0,0
79179,23:26:00,23:27:00,433,8,0,0
79179,23:33:00,23:34:00,307,9,0,0
79179,23:37:00,23:38:00,256,10,0,0
79179,23:47:00,23:48:00,408,11,0,0
78444,22:38:00,22:39:00,1,1,0,0
78444,22:43:00,22:44:00,450,2,0,0
78444,22:48:00,22:49:00,331,3,0,0
78444,22:50:00,22:51:00,245,4,0,0
78444,22:52:00,22:53:00,421,5,0,0
78444,22:58:00,22:59:00,250,6,0,0
78444,23:00:00,23:01:00,380,7,0,0
78444,23:05:00,23:06:00,384,8,0,0
78444,23:09:00,23:10:00,299,9,0,0
78444,23:13:00,23:14:00,343,10,0,0
78444,23:16:00,23:17:00,339,11,0,0
78444,23:18:00,23:19:00,354,12,0,0
78444,23:21:00,23:22:00,235,13,0,0
78444,23:26:00,23:27:00,283,14,0,0
78444,23:31:00,23:32:00,298,15,0,0
78444,23:35:00,23:36:00,367,16,0,0
78444,23:40:00,23:41:00,364,17,0,0
78444,23:46:00,23:47:00,412,18,0,0
78444,23:55:00,23:56:00,203,19,0,0
78000,22:44:00,22:45:00,1,1,0,0
78000,22:48:00,22:49:00,386,2,0,0
78000,22:53:00,22:54:00,391,3,0,0
78000,22:55:00,22:56:00,248,4,0,0
78000,22:57:00,22:58:00,392,5,0,0
78000,23:00:00,23:01:00,305,6,0,0
78000,23:03:00,23:04:00,213,7,0,0
78000,23:08:00,23:09:00,358,8,0,0
78000,23:13:00,23:14:00,296,9,0,0
78000,23:16:00,23:17:00,229,10,0,0
78000,23:19:00,23:20:00,255,11,0,0
78000,23:22:00,23:23:00,316,12,0,0
78000,23:38:00,23:39:00,252,13,0,0
78000,23:43:00,23:44:00,336,14,0,0
78000,23:45:00,23:46:00,359,15,0,0
78000,23:47:00,23:48:00,322,16,0,0
78000,23:49:00,23:50:00,207,17,0,0
78000,23:51:00,23:52:00,393,18,0,0
78000,23:58:00,23:59:00,394,19,0,0
78000,24:03:00,24:04:00,275,20,0,0
78000,24:08:00,24:09:00,286,21,0,0
78000,24:15:00,24:16:00,395,22,0,0
78000,24:20:00,24:21:00,328,23,0,0
78000,24:25:00,24:26:00,396,24,0,0
78000,24:29:00,24:30:00,397,25,0,0
79036,22:55:00,22:56:00,1,1,0,0
79036,23:05:00,23:06:00,400,2,0,0
79036,23:07:00,23:08:00,225,3,0,0
79036,23:10:00,23:11:00,382,4,0,0
79036,23:12:00,23:13:00,501,5,0,0
79036,23:14:00,23:15:00,385,6,0,0
79036,23:18:00,23:19:00,452,7,0,0
79036,23:21:00,23:22:00,449,8,0,0
79036,23:24:00,23:25:00,451,9,0,0
79036,23:27:00,23:28:00,258,10,0,0
79036,23:30:00,23:31:00,276,11,0,0
79036,23:33:00,23:34:00,281,12,0,0
79036,23:37:00,23:38:00,230,13,0,0
79036,23:39:00,23:40:00,282,14,0,0
79036,23:44:00,23:45:00,306,15,0,0
79036,23:50:00,23:51:00,310,16,0,0
79036,23:52:00,23:53:00,352,17,0,0
79036,23:57:00,23:58:00,398,18,0,0
79036,23:59:00,24:00:00,287,19,0,0
79036,24:02:00,24:03:00,453,20,0,0
79036,24:05:00,24:06:00,399,21,0,0
79285,23:34:00,23:35:00,1,1,0,0
79285,23:38:00,23:39:00,386,2,0,0
79285,23:41:00,23:42:00,500,3,0,0
79285,23:43:00,23:44:00,387,4,0,0
79285,23:46:00,23:47:00,388,5,0,0
79285,23:50:00,23:51:00,520,6,0,0
79285,23:54:00,23:55:00,346,7,0,0
79285,23:59:00,24:00:00,340,8,0,0
79285,24:04:00,24:05:00,239,9,0,0
79285,24:08:00,24:09:00,232,10,0,0
79285,24:11:00,24:12:00,342,11,0,0
79285,24:15:00,24:16:00,237,12,0,0
79285,24:19:00,24:20:00,349,13,0,0
78445,23:38:00,23:39:00,1,1,0,0
78445,23:43:00,23:44:00,450,2,0,0
78445,23:48:00,23:49:00,331,3,0,0
78445,23:50:00,23:51:00,245,4,0,0
78445,23:52:00,23:53:00,421,5,0,0
78445,23:58:00,23:59:00,250,6,0,0
78445,24:00:00,24:01:00,380,7,0,0
78445,24:05:00,24:06:00,384,8,0,0
78445,24:09:00,24:10:00,299,9,0,0
78445,24:13:00,24:14:00,343,10,0,0
78445,24:16:00,24:17:00,339,11,0,0
78445,24:18:00,24:19:00,354,12,0,0
78445,24:21:00,24:22:00,235,13,0,0
78445,24:26:00,24:27:00,283,14,0,0
78445,24:30:00,24:31:00,298,15,0,0
78001,23:44:00,23:45:00,1,1,0,0
78001,23:48:00,23:49:00,386,2,0,0
78001,23:53:00,23:54:00,391,3,0,0
78001,23:55:00,23:56:00,248,4,0,0
78001,23:57:00,23:58:00,392,5,0,0
78001,24:00:00,24:01:00,305,6,0,0
78001,24:03:00,24:04:00,213,7,0,0
78001,24:08:00,24:09:00,358,8,0,0
78001,24:13:00,24:14:00,296,9,0,0
78001,24:16:00,24:17:00,229,10,0,0
78001,24:19:00,24:20:00,255,11,0,0
78001,24:22:00,24:23:00,316,12,0,0
78001,24:28:00,24:29:00,252,13,0,0
78001,24:33:00,24:34:00,336,14,0,0
78001,24:35:00,24:36:00,359,15,0,0
78001,24:37:00,24:38:00,322,16,0,0
78001,24:39:00,24:40:00,207,17,0,0
78001,24:41:00,24:42:00,393,18,0,0
78001,24:48:00,24:49:00,394,19,0,0
78001,24:53:00,24:54:00,275,20,0,0
78001,24:58:00,24:59:00,286,21,0,0
78001,25:05:00,25:06:00,395,22,0,0
78001,25:10:00,25:11:00,328,23,0,0
78001,25:15:00,25:16:00,396,24,0,0
78001,25:19:00,25:20:00,397,25,0,0
79038,23:55:00,23:56:00,1,1,0,0
79038,24:05:00,24:06:00,400,2,0,0
79038,24:07:00,24:08:00,225,3,0,0
79038,24:10:00,24:11:00,382,4,0,0
79038,24:12:00,24:13:00,501,5,0,0
79038,24:14:00,24:15:00,385,6,0,0
79038,24:18:00,24:19:00,452,7,0,0
79038,24:21:00,24:22:00,449,8,0,0
79038,24:24:00,24:25:00,451,9,0,0
79038,24:27:00,24:28:00,258,10,0,0
79038,24:30:00,24:31:00,276,11,0,0
79038,24:33:00,24:34:00,281,12,0,0
79038,24:37:00,24:38:00,230,13,0,0
79038,24:39:00,24:40:00,282,14,0,0
79038,24:44:00,24:45:00,306,15,0,0
79038,24:50:00,24:51:00,310,16,0,0
79038,24:52:00,24:53:00,352,17,0,0
79038,24:57:00,24:58:00,398,18,0,0
79038,24:59:00,25:00:00,287,19,0,0
79038,25:02:00,25:03:00,453,20,0,0
79038,25:05:00,25:06:00,399,21,0,0
78320,16:30:00,16:31:00,1,1,0,0
78320,17:01:00,17:02:00,339,2,0,0
78320,17:34:00,17:35:00,203,3,0,0
78320,17:57:00,17:58:00,357,4,0,0
78320,18:12:00,18:13:00,273,5,0,0
78320,18:34:00,18:35:00,308,6,0,0
78320,19:18:00,19:19:00,243,7,0,0
78320,19:49:00,19:50:00,269,8,0,0
78320,20:08:00,20:09:00,313,9,0,0
79139,09:30:00,09:31:00,1,1,0,0
79139,09:44:00,09:45:00,400,2,0,0
79139,09:48:00,09:49:00,238,3,0,0
79139,09:52:00,09:53:00,540,4,0,0
79139,09:56:00,09:57:00,362,5,0,0
79139,10:06:00,10:07:00,374,6,0,0
79139,10:14:00,10:15:00,271,7,0,0
79139,10:21:00,10:22:00,433,8,0,0
79139,10:28:00,10:29:00,307,9,0,0
79139,10:32:00,10:33:00,256,10,0,0
79139,10:43:00,10:44:00,408,11,0,0
79139,10:53:00,10:54:00,301,12,0,0
79139,11:02:00,11:03:00,297,13,0,0
79139,11:12:00,11:13:00,206,14,0,0
79139,11:21:00,11:22:00,233,15,0,0
79139,11:28:00,11:29:00,323,16,0,0
79139,11:36:00,11:37:00,309,17,0,0
79139,11:49:00,11:50:00,432,18,0,0
79139,12:05:00,12:06:00,419,19,0,0
79139,12:23:00,12:24:00,312,20,0,0
79139,12:29:00,12:30:00,460,21,0,0
79143,10:30:00,10:31:00,1,1,0,0
79143,10:57:00,10:58:00,400,2,0,0
79143,11:01:00,11:02:00,238,3,0,0
79143,11:05:00,11:06:00,540,4,0,0
79143,11:09:00,11:10:00,362,5,0,0
79143,11:19:00,11:20:00,374,6,0,0
79143,11:27:00,11:28:00,271,7,0,0
79143,11:34:00,11:35:00,433,8,0,0
79143,11:41:00,11:42:00,307,9,0,0
79143,11:45:00,11:46:00,256,10,0,0
79143,11:55:00,11:56:00,408,11,0,0
78208,19:00:00,19:01:00,1,1,0,0
78208,19:10:00,19:11:00,331,2,0,0
78208,19:34:00,19:35:00,339,3,0,0
78208,19:48:00,19:49:00,298,4,0,0
78208,20:04:00,20:05:00,412,5,0,0
78208,20:13:00,20:14:00,203,6,0,0
78208,20:24:00,20:25:00,267,7,0,0
78208,20:41:00,20:42:00,357,8,0,0
78208,20:58:00,20:59:00,341,9,0,0
78208,21:05:00,21:06:00,260,10,0,0
78208,21:12:00,21:13:00,319,11,0,0
78208,21:26:00,21:27:00,315,12,0,0
78208,21:39:00,21:40:00,234,13,0,0
78208,21:58:00,21:59:00,338,14,0,0
78208,22:13:00,22:14:00,291,15,0,0
78183,08:30:00,08:31:00,1,1,0,0
78183,08:40:00,08:41:00,331,2,0,0
78183,09:04:00,09:05:00,339,3,0,0
78183,09:18:00,09:19:00,298,4,0,0
78183,09:41:00,09:42:00,203,5,0,0
78183,09:52:00,09:53:00,267,6,0,0
78183,10:09:00,10:10:00,357,7,0,0
78183,10:26:00,10:27:00,341,8,0,0
78183,10:33:00,10:34:00,260,9,0,0
78183,10:40:00,10:41:00,319,10,0,0
78183,10:54:00,10:55:00,315,11,0,0
78183,11:07:00,11:08:00,234,12,0,0
78183,11:26:00,11:27:00,338,13,0,0
78183,11:41:00,11:42:00,291,14,0,0
78141,13:54:00,13:55:00,1,1,0,0
78141,14:00:00,14:01:00,386,2,0,0
78141,14:16:00,14:17:00,340,3,0,0
78141,14:34:00,14:35:00,349,4,0,0
78141,14:56:00,14:57:00,249,5,0,0
78141,15:15:00,15:16:00,222,6,0,0
78141,15:43:00,15:44:00,381,7,0,0
78141,16:07:00,16:08:00,413,8,0,0
78141,17:03:00,17:04:00,300,9,0,0
79177,20:30:00,20:31:00,1,1,0,0
79177,20:57:00,20:58:00,400,2,0,0
79177,21:01:00,21:02:00,238,3,0,0
79177,21:05:00,21:06:00,540,4,0,0
79177,21:09:00,21:10:00,362,5,0,0
79177,21:19:00,21:20:00,374,6,0,0
79177,21:27:00,21:28:00,271,7,0,0
79177,21:34:00,21:35:00,433,8,0,0
79177,21:41:00,21:42:00,307,9,0,0
79177,21:45:00,21:46:00,256,10,0,0
79177,21:56:00,21:57:00,408,11,0,0
79177,22:06:00,22:07:00,301,12,0,0
79177,22:27:00,22:28:00,233,13,0,0
79177,22:40:00,22:41:00,309,14,0,0
79177,22:53:00,22:54:00,432,15,0,0
79851,19:46:00,19:47:00,1,1,0,0
79851,19:56:00,19:57:00,400,2,0,0
79851,20:00:00,20:01:00,225,3,0,0
79851,20:05:00,20:06:00,382,4,0,0
79851,20:07:00,20:08:00,501,5,0,0
79851,20:09:00,20:10:00,385,6,0,0
79851,20:13:00,20:14:00,452,7,0,0
79851,20:16:00,20:17:00,449,8,0,0
79851,20:19:00,20:20:00,451,9,0,0
79851,20:22:00,20:23:00,258,10,0,0
79851,20:25:00,20:26:00,276,11,0,0
79851,20:28:00,20:29:00,281,12,0,0
79851,20:32:00,20:33:00,230,13,0,0
79851,20:34:00,20:35:00,282,14,0,0
79851,20:39:00,20:40:00,306,15,0,0
79851,20:45:00,20:46:00,310,16,0,0
79851,20:47:00,20:48:00,352,17,0,0
79851,20:52:00,20:53:00,398,18,0,0
79851,20:54:00,20:55:00,287,19,0,0
79851,20:57:00,20:58:00,453,20,0,0
79851,21:00:00,21:01:00,399,21,0,0
79852,20:18:00,20:19:00,1,1,0,0
79852,20:28:00,20:29:00,400,2,0,0
79852,20:32:00,20:33:00,225,3,0,0
79852,20:37:00,20:38:00,382,4,0,0
79852,20:39:00,20:40:00,501,5,0,0
79852,20:41:00,20:42:00,385,6,0,0
79852,20:45:00,20:46:00,452,7,0,0
79852,20:48:00,20:49:00,449,8,0,0
79852,20:51:00,20:52:00,451,9,0,0
79852,20:54:00,20:55:00,258,10,0,0
79852,20:57:00,20:58:00,276,11,0,0
79852,21:00:00,21:01:00,281,12,0,0
79852,21:04:00,21:05:00,230,13,0,0
79852,21:06:00,21:07:00,282,14,0,0
79852,21:11:00,21:12:00,306,15,0,0
79852,21:18:00,21:19:00,352,16,0,0
79852,21:21:00,21:22:00,398,17,0,0
79854,20:46:00,20:47:00,1,1,0,0
79854,20:56:00,20:57:00,400,2,0,0
79854,21:00:00,21:01:00,225,3,0,0
79854,21:05:00,21:06:00,382,4,0,0
79854,21:07:00,21:08:00,501,5,0,0
79854,21:09:00,21:10:00,385,6,0,0
79854,21:13:00,21:14:00,452,7,0,0
79854,21:16:00,21:17:00,449,8,0,0
79854,21:19:00,21:20:00,451,9,0,0
79854,21:22:00,21:23:00,258,10,0,0
79854,21:25:00,21:26:00,276,11,0,0
79854,21:28:00,21:29:00,281,12,0,0
79854,21:32:00,21:33:00,230,13,0,0
79854,21:34:00,21:35:00,282,14,0,0
79854,21:39:00,21:40:00,306,15,0,0
79854,21:45:00,21:46:00,310,16,0,0
79854,21:47:00,21:48:00,352,17,0,0
79854,21:52:00,21:53:00,398,18,0,0
79854,21:54:00,21:55:00,287,19,0,0
79854,21:57:00,21:58:00,453,20,0,0
79854,22:00:00,22:01:00,399,21,0,0
79855,21:46:00,21:47:00,1,1,0,0
79855,21:56:00,21:57:00,400,2,0,0
79855,22:00:00,22:01:00,225,3,0,0
79855,22:05:00,22:06:00,382,4,0,0
79855,22:07:00,22:08:00,501,5,0,0
79855,22:09:00,22:10:00,385,6,0,0
79855,22:13:00,22:14:00,452,7,0,0
79855,22:16:00,22:17:00,449,8,0,0
79855,22:19:00,22:20:00,451,9,0,0
79855,22:22:00,22:23:00,258,10,0,0
79855,22:25:00,22:26:00,276,11,0,0
79855,22:28:00,22:29:00,281,12,0,0
79855,22:32:00,22:33:00,230,13,0,0
79855,22:34:00,22:35:00,282,14,0,0
79855,22:39:00,22:40:00,306,15,0,0
79855,22:45:00,22:46:00,310,16,0,0
79855,22:47:00,22:48:00,352,17,0,0
79855,22:52:00,22:53:00,398,18,0,0
79855,22:54:00,22:55:00,287,19,0,0
79855,22:57:00,22:58:00,453,20,0,0
79855,23:00:00,23:01:00,399,21,0,0
79856,22:46:00,22:47:00,1,1,0,0
79856,22:56:00,22:57:00,400,2,0,0
79856,23:00:00,23:01:00,225,3,0,0
79856,23:05:00,23:06:00,382,4,0,0
79856,23:07:00,23:08:00,501,5,0,0
79856,23:09:00,23:10:00,385,6,0,0
79856,23:13:00,23:14:00,452,7,0,0
79856,23:16:00,23:17:00,449,8,0,0
79856,23:19:00,23:20:00,451,9,0,0
79856,23:22:00,23:23:00,258,10,0,0
79856,23:25:00,23:26:00,276,11,0,0
79856,23:28:00,23:29:00,281,12,0,0
79856,23:32:00,23:33:00,230,13,0,0
79856,23:34:00,23:35:00,282,14,0,0
79856,23:39:00,23:40:00,306,15,0,0
79856,23:45:00,23:46:00,310,16,0,0
79856,23:47:00,23:48:00,352,17,0,0
79856,23:52:00,23:53:00,398,18,0,0
79856,23:54:00,23:55:00,287,19,0,0
79856,23:57:00,23:58:00,453,20,0,0
79856,24:00:00,24:01:00,399,21,0,0
79857,23:46:00,23:47:00,1,1,0,0
79857,23:56:00,23:57:00,400,2,0,0
79857,24:00:00,24:01:00,225,3,0,0
79857,24:05:00,24:06:00,382,4,0,0
79857,24:07:00,24:08:00,501,5,0,0
79857,24:09:00,24:10:00,385,6,0,0
79857,24:13:00,24:14:00,452,7,0,0
79857,24:16:00,24:17:00,449,8,0,0
79857,24:19:00,24:20:00,451,9,0,0
79857,24:22:00,24:23:00,258,10,0,0
79857,24:25:00,24:26:00,276,11,0,0
79857,24:28:00,24:29:00,281,12,0,0
79857,24:32:00,24:33:00,230,13,0,0
79857,24:34:00,24:35:00,282,14,0,0
79857,24:39:00,24:40:00,306,15,0,0
79857,24:45:00,24:46:00,310,16,0,0
79857,24:47:00,24:48:00,352,17,0,0
79857,24:52:00,24:53:00,398,18,0,0
79857,24:54:00,24:55:00,287,19,0,0
79857,24:57:00,24:58:00,453,20,0,0
79857,25:00:00,25:01:00,399,21,0,0
78447,05:02:00,05:03:00,203,1,0,0
78447,05:06:00,05:07:00,330,2,0,0
78447,05:11:00,05:12:00,412,3,0,0
78447,05:17:00,05:18:00,364,4,0,0
78447,05:22:00,05:23:00,367,5,0,0
78447,05:27:00,05:28:00,298,6,0,0
78447,05:31:00,05:32:00,283,7,0,0
78447,05:36:00,05:37:00,235,8,0,0
78447,05:40:00,05:41:00,354,9,0,0
78447,05:42:00,05:43:00,339,10,0,0
78447,05:44:00,05:45:00,343,11,0,0
78447,05:49:00,05:50:00,299,12,0,0
78447,05:53:00,05:54:00,384,13,0,0
78447,05:58:00,05:59:00,380,14,0,0
78447,06:00:00,06:01:00,250,15,0,0
78447,06:06:00,06:07:00,421,16,0,0
78447,06:08:00,06:09:00,245,17,0,0
78447,06:10:00,06:11:00,331,18,0,0
78447,06:15:00,06:16:00,450,19,0,0
78447,06:20:00,06:21:00,1,20,0,0
78449,06:01:00,06:02:00,203,1,0,0
78449,06:05:00,06:06:00,330,2,0,0
78449,06:10:00,06:11:00,412,3,0,0
78449,06:16:00,06:17:00,364,4,0,0
78449,06:21:00,06:22:00,367,5,0,0
78449,06:26:00,06:27:00,298,6,0,0
78449,06:30:00,06:31:00,283,7,0,0
78449,06:35:00,06:36:00,235,8,0,0
78449,06:39:00,06:40:00,354,9,0,0
78449,06:41:00,06:42:00,339,10,0,0
78449,06:43:00,06:44:00,343,11,0,0
78449,06:48:00,06:49:00,299,12,0,0
78449,06:52:00,06:53:00,384,13,0,0
78449,06:57:00,06:58:00,380,14,0,0
78449,06:59:00,07:00:00,250,15,0,0
78449,07:03:00,07:04:00,274,16,0,0
78449,07:06:00,07:07:00,421,17,0,0
78449,07:08:00,07:09:00,245,18,0,0
78449,07:10:00,07:11:00,331,19,0,0
78449,07:15:00,07:16:00,450,20,0,0
78449,07:20:00,07:21:00,1,21,0,0
79116,07:01:00,07:02:00,203,1,0,0
79116,07:05:00,07:06:00,330,2,0,0
79116,07:10:00,07:11:00,412,3,0,0
79116,07:16:00,07:17:00,364,4,0,0
79116,07:21:00,07:22:00,367,5,0,0
79116,07:26:00,07:27:00,298,6,0,0
79116,07:31:00,07:32:00,283,7,0,0
79116,07:35:00,07:36:00,235,8,0,0
79116,07:39:00,07:40:00,354,9,0,0
79116,07:42:00,07:43:00,339,10,0,0
79116,07:45:00,07:46:00,343,11,0,0
79116,07:50:00,07:51:00,299,12,0,0
79116,07:54:00,07:55:00,384,13,0,0
79116,07:59:00,08:00:00,380,14,0,0
79116,08:02:00,08:03:00,250,15,0,0
79116,08:06:00,08:07:00,274,16,0,0
79116,08:09:00,08:10:00,421,17,0,0
79116,08:11:00,08:12:00,245,18,0,0
79116,08:14:00,08:15:00,331,19,0,0
79116,08:18:00,08:19:00,450,20,0,0
79116,08:24:00,08:25:00,1,21,0,0
78456,08:06:00,08:07:00,203,1,0,0
78456,08:13:00,08:14:00,412,2,0,0
78456,08:20:00,08:21:00,364,3,0,0
78456,08:24:00,08:25:00,367,4,0,0
78456,08:29:00,08:30:00,298,5,0,0
78456,08:33:00,08:34:00,283,6,0,0
78456,08:40:00,08:41:00,354,7,0,0
78456,08:43:00,08:44:00,339,8,0,0
78456,08:45:00,08:46:00,343,9,0,0
78456,08:49:00,08:50:00,299,10,0,0
78456,08:53:00,08:54:00,384,11,0,0
78456,08:58:00,08:59:00,380,12,0,0
78456,09:00:00,09:01:00,250,13,0,0
78456,09:06:00,09:07:00,421,14,0,0
78456,09:08:00,09:09:00,245,15,0,0
78456,09:10:00,09:11:00,331,16,0,0
78456,09:15:00,09:16:00,450,17,0,0
78456,09:20:00,09:21:00,1,18,0,0
78458,09:02:00,09:03:00,203,1,0,0
78458,09:06:00,09:07:00,330,2,0,0
78458,09:11:00,09:12:00,412,3,0,0
78458,09:17:00,09:18:00,364,4,0,0
78458,09:22:00,09:23:00,367,5,0,0
78458,09:27:00,09:28:00,298,6,0,0
78458,09:31:00,09:32:00,283,7,0,0
78458,09:36:00,09:37:00,235,8,0,0
78458,09:40:00,09:41:00,354,9,0,0
78458,09:42:00,09:43:00,339,10,0,0
78458,09:44:00,09:45:00,343,11,0,0
78458,09:49:00,09:50:00,299,12,0,0
78458,09:53:00,09:54:00,384,13,0,0
78458,09:58:00,09:59:00,380,14,0,0
78458,10:00:00,10:01:00,250,15,0,0
78458,10:06:00,10:07:00,421,16,0,0
78458,10:08:00,10:09:00,245,17,0,0
78458,10:10:00,10:11:00,331,18,0,0
78458,10:15:00,10:16:00,450,19,0,0
78458,10:20:00,10:21:00,1,20,0,0
78461,10:29:00,10:30:00,203,1,0,0
78461,10:33:00,10:34:00,330,2,0,0
78461,10:38:00,10:39:00,412,3,0,0
78461,10:44:00,10:45:00,364,4,0,0
78461,10:49:00,10:50:00,367,5,0,0
78461,10:54:00,10:55:00,298,6,0,0
78461,10:58:00,10:59:00,283,7,0,0
78461,11:03:00,11:04:00,235,8,0,0
78461,11:07:00,11:08:00,354,9,0,0
78461,11:09:00,11:10:00,339,10,0,0
78461,11:11:00,11:12:00,343,11,0,0
78461,11:16:00,11:17:00,299,12,0,0
78461,11:20:00,11:21:00,384,13,0,0
78461,11:25:00,11:26:00,380,14,0,0
78461,11:27:00,11:28:00,250,15,0,0
78461,11:30:00,11:31:00,241,16,0,0
78461,11:32:00,11:33:00,377,17,0,0
78461,11:34:00,11:35:00,274,18,0,0
78461,11:36:00,11:37:00,421,19,0,0
78461,11:38:00,11:39:00,245,20,0,0
78461,11:40:00,11:41:00,331,21,0,0
78461,11:45:00,11:46:00,450,22,0,0
78461,11:50:00,11:51:00,1,23,0,0
78462,11:29:00,11:30:00,203,1,0,0
78462,11:33:00,11:34:00,330,2,0,0
78462,11:38:00,11:39:00,412,3,0,0
78462,11:44:00,11:45:00,364,4,0,0
78462,11:49:00,11:50:00,367,5,0,0
78462,11:54:00,11:55:00,298,6,0,0
78462,11:58:00,11:59:00,283,7,0,0
78462,12:03:00,12:04:00,235,8,0,0
78462,12:07:00,12:08:00,354,9,0,0
78462,12:09:00,12:10:00,339,10,0,0
78462,12:11:00,12:12:00,343,11,0,0
78462,12:16:00,12:17:00,299,12,0,0
78462,12:20:00,12:21:00,384,13,0,0
78462,12:25:00,12:26:00,380,14,0,0
78462,12:27:00,12:28:00,250,15,0,0
78462,12:30:00,12:31:00,241,16,0,0
78462,12:32:00,12:33:00,377,17,0,0
78462,12:34:00,12:35:00,274,18,0,0
78462,12:36:00,12:37:00,421,19,0,0
78462,12:38:00,12:39:00,245,20,0,0
78462,12:40:00,12:41:00,331,21,0,0
78462,12:45:00,12:46:00,450,22,0,0
78462,12:50:00,12:51:00,1,23,0,0
78464,13:29:00,13:30:00,203,1,0,0
78464,13:33:00,13:34:00,330,2,0,0
78464,13:38:00,13:39:00,412,3,0,0
78464,13:44:00,13:45:00,364,4,0,0
78464,13:49:00,13:50:00,367,5,0,0
78464,13:54:00,13:55:00,298,6,0,0
78464,13:58:00,13:59:00,283,7,0,0
78464,14:03:00,14:04:00,235,8,0,0
78464,14:07:00,14:08:00,354,9,0,0
78464,14:09:00,14:10:00,339,10,0,0
78464,14:11:00,14:12:00,343,11,0,0
78464,14:16:00,14:17:00,299,12,0,0
78464,14:20:00,14:21:00,384,13,0,0
78464,14:25:00,14:26:00,380,14,0,0
78464,14:27:00,14:28:00,250,15,0,0
78464,14:30:00,14:31:00,241,16,0,0
78464,14:32:00,14:33:00,377,17,0,0
78464,14:34:00,14:35:00,274,18,0,0
78464,14:36:00,14:37:00,421,19,0,0
78464,14:38:00,14:39:00,245,20,0,0
78464,14:40:00,14:41:00,331,21,0,0
78464,14:45:00,14:46:00,450,22,0,0
78464,14:50:00,14:51:00,1,23,0,0
78468,14:31:00,14:32:00,203,1,0,0
78468,14:35:00,14:36:00,330,2,0,0
78468,14:40:00,14:41:00,412,3,0,0
78468,14:46:00,14:47:00,364,4,0,0
78468,14:51:00,14:52:00,367,5,0,0
78468,14:56:00,14:57:00,298,6,0,0
78468,15:00:00,15:01:00,283,7,0,0
78468,15:05:00,15:06:00,235,8,0,0
78468,15:09:00,15:10:00,354,9,0,0
78468,15:11:00,15:12:00,339,10,0,0
78468,15:13:00,15:14:00,343,11,0,0
78468,15:18:00,15:19:00,299,12,0,0
78468,15:22:00,15:23:00,384,13,0,0
78468,15:27:00,15:28:00,380,14,0,0
78468,15:29:00,15:30:00,250,15,0,0
78468,15:33:00,15:34:00,274,16,0,0
78468,15:36:00,15:37:00,421,17,0,0
78468,15:38:00,15:39:00,245,18,0,0
78468,15:40:00,15:41:00,331,19,0,0
78468,15:45:00,15:46:00,450,20,0,0
78468,15:50:00,15:51:00,1,21,0,0
78471,16:31:00,16:32:00,203,1,0,0
78471,16:35:00,16:36:00,330,2,0,0
78471,16:40:00,16:41:00,412,3,0,0
78471,16:46:00,16:47:00,364,4,0,0
78471,16:51:00,16:52:00,367,5,0,0
78471,16:56:00,16:57:00,298,6,0,0
78471,17:00:00,17:01:00,283,7,0,0
78471,17:05:00,17:06:00,235,8,0,0
78471,17:09:00,17:10:00,354,9,0,0
78471,17:11:00,17:12:00,339,10,0,0
78471,17:13:00,17:14:00,343,11,0,0
78471,17:18:00,17:19:00,299,12,0,0
78471,17:22:00,17:23:00,384,13,0,0
78471,17:27:00,17:28:00,380,14,0,0
78471,17:29:00,17:30:00,250,15,0,0
78471,17:33:00,17:34:00,274,16,0,0
78471,17:36:00,17:37:00,421,17,0,0
78471,17:38:00,17:39:00,245,18,0,0
78471,17:40:00,17:41:00,331,19,0,0
78471,17:45:00,17:46:00,450,20,0,0
78471,17:50:00,17:51:00,1,21,0,0
78473,17:31:00,17:32:00,203,1,0,0
78473,17:35:00,17:36:00,330,2,0,0
78473,17:40:00,17:41:00,412,3,0,0
78473,17:46:00,17:47:00,364,4,0,0
78473,17:51:00,17:52:00,367,5,0,0
78473,17:56:00,17:57:00,298,6,0,0
78473,18:00:00,18:01:00,283,7,0,0
78473,18:05:00,18:06:00,235,8,0,0
78473,18:09:00,18:10:00,354,9,0,0
78473,18:11:00,18:12:00,339,10,0,0
78473,18:13:00,18:14:00,343,11,0,0
78473,18:18:00,18:19:00,299,12,0,0
78473,18:22:00,18:23:00,384,13,0,0
78473,18:27:00,18:28:00,380,14,0,0
78473,18:29:00,18:30:00,250,15,0,0
78473,18:33:00,18:34:00,274,16,0,0
78473,18:36:00,18:37:00,421,17,0,0
78473,18:38:00,18:39:00,245,18,0,0
78473,18:40:00,18:41:00,331,19,0,0
78473,18:45:00,18:46:00,450,20,0,0
78473,18:50:00,18:51:00,1,21,0,0
78476,18:32:00,18:33:00,203,1,0,0
78476,18:36:00,18:37:00,330,2,0,0
78476,18:41:00,18:42:00,412,3,0,0
78476,18:47:00,18:48:00,364,4,0,0
78476,18:52:00,18:53:00,367,5,0,0
78476,18:57:00,18:58:00,298,6,0,0
78476,19:01:00,19:02:00,283,7,0,0
78476,19:06:00,19:07:00,235,8,0,0
78476,19:10:00,19:11:00,354,9,0,0
78476,19:12:00,19:13:00,339,10,0,0
78476,19:14:00,19:15:00,343,11,0,0
78476,19:19:00,19:20:00,299,12,0,0
78476,19:23:00,19:24:00,384,13,0,0
78476,19:28:00,19:29:00,380,14,0,0
78476,19:30:00,19:31:00,250,15,0,0
78476,19:36:00,19:37:00,421,16,0,0
78476,19:38:00,19:39:00,245,17,0,0
78476,19:40:00,19:41:00,331,18,0,0
78476,19:45:00,19:46:00,450,19,0,0
78476,19:50:00,19:51:00,1,20,0,0
78478,19:32:00,19:33:00,203,1,0,0
78478,19:36:00,19:37:00,330,2,0,0
78478,19:41:00,19:42:00,412,3,0,0
78478,19:47:00,19:48:00,364,4,0,0
78478,19:52:00,19:53:00,367,5,0,0
78478,19:57:00,19:58:00,298,6,0,0
78478,20:01:00,20:02:00,283,7,0,0
78478,20:06:00,20:07:00,235,8,0,0
78478,20:10:00,20:11:00,354,9,0,0
78478,20:12:00,20:13:00,339,10,0,0
78478,20:14:00,20:15:00,343,11,0,0
78478,20:19:00,20:20:00,299,12,0,0
78478,20:23:00,20:24:00,384,13,0,0
78478,20:28:00,20:29:00,380,14,0,0
78478,20:30:00,20:31:00,250,15,0,0
78478,20:36:00,20:37:00,421,16,0,0
78478,20:38:00,20:39:00,245,17,0,0
78478,20:40:00,20:41:00,331,18,0,0
78478,20:45:00,20:46:00,450,19,0,0
78478,20:50:00,20:51:00,1,20,0,0
78480,20:32:00,20:33:00,203,1,0,0
78480,20:36:00,20:37:00,330,2,0,0
78480,20:41:00,20:42:00,412,3,0,0
78480,20:47:00,20:48:00,364,4,0,0
78480,20:52:00,20:53:00,367,5,0,0
78480,20:57:00,20:58:00,298,6,0,0
78480,21:01:00,21:02:00,283,7,0,0
78480,21:06:00,21:07:00,235,8,0,0
78480,21:10:00,21:11:00,354,9,0,0
78480,21:12:00,21:13:00,339,10,0,0
78480,21:14:00,21:15:00,343,11,0,0
78480,21:19:00,21:20:00,299,12,0,0
78480,21:23:00,21:24:00,384,13,0,0
78480,21:28:00,21:29:00,380,14,0,0
78480,21:30:00,21:31:00,250,15,0,0
78480,21:36:00,21:37:00,421,16,0,0
78480,21:38:00,21:39:00,245,17,0,0
78480,21:40:00,21:41:00,331,18,0,0
78480,21:45:00,21:46:00,450,19,0,0
78480,21:50:00,21:51:00,1,20,0,0
78482,22:04:00,22:05:00,203,1,0,0
78482,22:11:00,22:12:00,412,2,0,0
78482,22:18:00,22:19:00,364,3,0,0
78482,22:22:00,22:23:00,367,4,0,0
78482,22:27:00,22:28:00,298,5,0,0
78482,22:32:00,22:33:00,283,6,0,0
78482,22:36:00,22:37:00,235,7,0,0
78482,22:40:00,22:41:00,354,8,0,0
78482,22:43:00,22:44:00,339,9,0,0
78482,22:45:00,22:46:00,343,10,0,0
78482,22:49:00,22:50:00,299,11,0,0
78482,22:53:00,22:54:00,384,12,0,0
78482,22:58:00,22:59:00,380,13,0,0
78482,23:00:00,23:01:00,250,14,0,0
78482,23:06:00,23:07:00,421,15,0,0
78482,23:08:00,23:09:00,245,16,0,0
78482,23:10:00,23:11:00,331,17,0,0
78482,23:15:00,23:16:00,450,18,0,0
78482,23:20:00,23:21:00,1,19,0,0
79083,16:19:00,16:20:00,230,1,0,0
79083,16:22:00,16:23:00,281,2,0,0
79083,16:25:00,16:26:00,276,3,0,0
79083,16:28:00,16:29:00,258,4,0,0
79083,16:31:00,16:32:00,451,5,0,0
79083,16:34:00,16:35:00,449,6,0,0
79083,16:37:00,16:38:00,452,7,0,0
79083,16:41:00,16:42:00,385,8,0,0
79083,16:43:00,16:44:00,501,9,0,0
79083,16:45:00,16:46:00,382,10,0,0
79083,16:48:00,16:49:00,225,11,0,0
79083,16:50:00,16:51:00,400,12,0,0
79086,17:18:00,17:19:00,230,1,0,0
79086,17:21:00,17:22:00,281,2,0,0
79086,17:24:00,17:25:00,276,3,0,0
79086,17:27:00,17:28:00,258,4,0,0
79086,17:30:00,17:31:00,451,5,0,0
79086,17:33:00,17:34:00,449,6,0,0
79086,17:36:00,17:37:00,452,7,0,0
79086,17:40:00,17:41:00,385,8,0,0
79086,17:42:00,17:43:00,501,9,0,0
79086,17:44:00,17:45:00,382,10,0,0
79086,17:47:00,17:48:00,225,11,0,0
79086,17:49:00,17:50:00,400,12,0,0
79195,07:04:00,07:05:00,233,1,0,0
79195,07:27:00,07:28:00,301,2,0,0
79195,07:37:00,07:38:00,408,3,0,0
79195,07:45:00,07:46:00,256,4,0,0
79195,07:50:00,07:51:00,307,5,0,0
79195,07:56:00,07:57:00,433,6,0,0
79195,08:02:00,08:03:00,271,7,0,0
79195,08:09:00,08:10:00,374,8,0,0
79195,08:19:00,08:20:00,362,9,0,0
79195,08:22:00,08:23:00,540,10,0,0
79195,08:26:00,08:27:00,238,11,0,0
79195,08:34:00,08:35:00,400,12,0,0
79195,08:47:00,08:48:00,1,13,0,0
79211,17:40:00,17:41:00,233,1,0,0
79211,17:50:00,17:51:00,206,2,0,0
79211,18:00:00,18:01:00,297,3,0,0
79211,18:10:00,18:11:00,301,4,0,0
79211,18:20:00,18:21:00,408,5,0,0
79211,18:28:00,18:29:00,256,6,0,0
79211,18:33:00,18:34:00,307,7,0,0
79211,18:39:00,18:40:00,433,8,0,0
79211,18:49:00,18:50:00,374,9,0,0
79211,18:59:00,19:00:00,362,10,0,0
79211,19:02:00,19:03:00,540,11,0,0
79211,19:06:00,19:07:00,238,12,0,0
79211,19:13:00,19:14:00,400,13,0,0
79211,19:39:00,19:40:00,1,14,0,0
78281,03:47:00,03:48:00,243,1,0,0
78281,04:01:00,04:02:00,304,2,0,0
78281,04:06:00,04:07:00,430,3,0,0
78281,04:17:00,04:18:00,335,4,0,0
78281,04:29:00,04:30:00,360,5,0,0
78281,04:41:00,04:42:00,308,6,0,0
78281,05:03:00,05:04:00,273,7,0,0
78281,05:18:00,05:19:00,357,8,0,0
78281,05:28:00,05:29:00,204,9,0,0
78281,05:37:00,05:38:00,267,10,0,0
78281,05:48:00,05:49:00,203,11,0,0
78281,05:58:00,05:59:00,412,12,0,0
78281,06:14:00,06:15:00,298,13,0,0
78281,06:27:00,06:28:00,339,14,0,0
78281,06:49:00,06:50:00,331,15,0,0
78281,06:58:00,06:59:00,1,16,0,0
78279,07:41:00,07:42:00,243,1,0,0
78279,07:55:00,07:56:00,304,2,0,0
78279,08:00:00,08:01:00,430,3,0,0
78279,08:11:00,08:12:00,335,4,0,0
78279,08:24:00,08:25:00,360,5,0,0
78279,08:35:00,08:36:00,308,6,0,0
78279,08:46:00,08:47:00,427,7,0,0
78279,09:01:00,09:02:00,273,8,0,0
78279,09:16:00,09:17:00,357,9,0,0
78279,09:26:00,09:27:00,204,10,0,0
78279,09:35:00,09:36:00,267,11,0,0
78279,09:46:00,09:47:00,203,12,0,0
78279,10:10:00,10:11:00,298,13,0,0
78279,10:23:00,10:24:00,339,14,0,0
78279,10:37:00,10:38:00,380,15,0,0
78279,10:49:00,10:50:00,331,16,0,0
78279,10:58:00,10:59:00,1,17,0,0
78275,10:51:00,10:52:00,243,1,0,0
78275,11:14:00,11:15:00,335,2,0,0
78275,11:35:00,11:36:00,308,3,0,0
78275,12:05:00,12:06:00,273,4,0,0
78275,12:20:00,12:21:00,357,5,0,0
78275,12:36:00,12:37:00,267,6,0,0
78275,12:47:00,12:48:00,203,7,0,0
78275,12:57:00,12:58:00,412,8,0,0
78275,13:13:00,13:14:00,298,9,0,0
78275,13:26:00,13:27:00,339,10,0,0
78275,13:49:00,13:50:00,331,11,0,0
78275,13:58:00,13:59:00,1,12,0,0
78283,13:18:00,13:19:00,243,1,0,0
78283,13:32:00,13:33:00,304,2,0,0
78283,13:37:00,13:38:00,430,3,0,0
78283,13:48:00,13:49:00,335,4,0,0
78283,14:01:00,14:02:00,360,5,0,0
78283,14:12:00,14:13:00,308,6,0,0
78283,14:23:00,14:24:00,427,7,0,0
78283,14:45:00,14:46:00,273,8,0,0
78283,15:00:00,15:01:00,357,9,0,0
78283,15:10:00,15:11:00,204,10,0,0
78283,15:19:00,15:20:00,267,11,0,0
78283,15:35:00,15:36:00,203,12,0,0
78283,15:42:00,15:43:00,412,13,0,0
78283,15:49:00,15:50:00,364,14,0,0
78283,15:57:00,15:58:00,298,15,0,0
78283,16:01:00,16:02:00,283,16,0,0
78283,16:06:00,16:07:00,235,17,0,0
78283,16:10:00,16:11:00,354,18,0,0
78283,16:12:00,16:13:00,339,19,0,0
78283,16:14:00,16:15:00,343,20,0,0
78283,16:19:00,16:20:00,299,21,0,0
78283,16:23:00,16:24:00,384,22,0,0
78283,16:28:00,16:29:00,380,23,0,0
78283,16:30:00,16:31:00,250,24,0,0
78283,16:36:00,16:37:00,421,25,0,0
78283,16:38:00,16:39:00,245,26,0,0
78283,16:40:00,16:41:00,331,27,0,0
78283,16:45:00,16:46:00,450,28,0,0
78283,16:50:00,16:51:00,1,29,0,0
78277,16:28:00,16:29:00,243,1,0,0
78277,16:51:00,16:52:00,335,2,0,0
78277,17:08:00,17:09:00,360,3,0,0
78277,17:19:00,17:20:00,308,4,0,0
78277,17:41:00,17:42:00,273,5,0,0
78277,17:55:00,17:56:00,357,6,0,0
78277,18:11:00,18:12:00,267,7,0,0
78277,18:21:00,18:22:00,203,8,0,0
78277,18:45:00,18:46:00,298,9,0,0
78277,18:58:00,18:59:00,339,10,0,0
78277,19:20:00,19:21:00,331,11,0,0
78277,19:29:00,19:30:00,1,12,0,0
78284,18:09:00,18:10:00,243,1,0,0
78284,18:23:00,18:24:00,304,2,0,0
78284,18:28:00,18:29:00,430,3,0,0
78284,18:39:00,18:40:00,335,4,0,0
78284,18:59:00,19:00:00,360,5,0,0
78284,19:10:00,19:11:00,308,6,0,0
78284,19:21:00,19:22:00,427,7,0,0
78284,19:36:00,19:37:00,273,8,0,0
78284,19:51:00,19:52:00,357,9,0,0
78284,20:01:00,20:02:00,204,10,0,0
78284,20:09:00,20:10:00,267,11,0,0
78284,20:20:00,20:21:00,203,12,0,0
78284,20:44:00,20:45:00,298,13,0,0
78284,20:57:00,20:58:00,339,14,0,0
78284,21:19:00,21:20:00,331,15,0,0
78284,21:28:00,21:29:00,1,16,0,0
78044,06:07:00,06:08:00,252,1,0,0
78044,06:10:00,06:11:00,316,2,0,0
78044,06:13:00,06:14:00,255,3,0,0
78044,06:16:00,06:17:00,229,4,0,0
78044,06:18:00,06:19:00,296,5,0,0
78044,06:34:00,06:35:00,358,6,0,0
78044,06:38:00,06:39:00,213,7,0,0
78044,06:42:00,06:43:00,305,8,0,0
78044,06:44:00,06:45:00,392,9,0,0
78044,06:47:00,06:48:00,248,10,0,0
78044,06:49:00,06:50:00,391,11,0,0
78044,06:54:00,06:55:00,386,12,0,0
78044,06:58:00,06:59:00,1,13,0,0
78045,06:22:00,06:23:00,252,1,0,0
78045,06:25:00,06:26:00,316,2,0,0
78045,06:28:00,06:29:00,255,3,0,0
78045,06:31:00,06:32:00,229,4,0,0
78045,06:33:00,06:34:00,296,5,0,0
78045,06:49:00,06:50:00,358,6,0,0
78045,06:53:00,06:54:00,213,7,0,0
78045,06:57:00,06:58:00,305,8,0,0
78045,06:59:00,07:00:00,392,9,0,0
78045,07:02:00,07:03:00,248,10,0,0
78045,07:04:00,07:05:00,391,11,0,0
78045,07:09:00,07:10:00,386,12,0,0
78045,07:13:00,07:14:00,1,13,0,0
78047,07:07:00,07:08:00,252,1,0,0
78047,07:10:00,07:11:00,316,2,0,0
78047,07:13:00,07:14:00,255,3,0,0
78047,07:16:00,07:17:00,229,4,0,0
78047,07:18:00,07:19:00,296,5,0,0
78047,07:34:00,07:35:00,358,6,0,0
78047,07:38:00,07:39:00,213,7,0,0
78047,07:42:00,07:43:00,305,8,0,0
78047,07:44:00,07:45:00,392,9,0,0
78047,07:47:00,07:48:00,248,10,0,0
78047,07:49:00,07:50:00,391,11,0,0
78047,07:54:00,07:55:00,386,12,0,0
78047,07:58:00,07:59:00,1,13,0,0
78048,07:22:00,07:23:00,252,1,0,0
78048,07:25:00,07:26:00,316,2,0,0
78048,07:28:00,07:29:00,255,3,0,0
78048,07:31:00,07:32:00,229,4,0,0
78048,07:33:00,07:34:00,296,5,0,0
78048,07:49:00,07:50:00,358,6,0,0
78048,07:53:00,07:54:00,213,7,0,0
78048,07:57:00,07:58:00,305,8,0,0
78048,07:59:00,08:00:00,392,9,0,0
78048,08:02:00,08:03:00,248,10,0,0
78048,08:04:00,08:05:00,391,11,0,0
78048,08:09:00,08:10:00,386,12,0,0
78048,08:13:00,08:14:00,1,13,0,0
78050,08:07:00,08:08:00,252,1,0,0
78050,08:10:00,08:11:00,316,2,0,0
78050,08:13:00,08:14:00,255,3,0,0
78050,08:16:00,08:17:00,229,4,0,0
78050,08:18:00,08:19:00,296,5,0,0
78050,08:34:00,08:35:00,358,6,0,0
78050,08:38:00,08:39:00,213,7,0,0
78050,08:42:00,08:43:00,305,8,0,0
78050,08:44:00,08:45:00,392,9,0,0
78050,08:47:00,08:48:00,248,10,0,0
78050,08:49:00,08:50:00,391,11,0,0
78050,08:54:00,08:55:00,386,12,0,0
78050,08:58:00,08:59:00,1,13,0,0
78051,08:22:00,08:23:00,252,1,0,0
78051,08:25:00,08:26:00,316,2,0,0
78051,08:28:00,08:29:00,255,3,0,0
78051,08:31:00,08:32:00,229,4,0,0
78051,08:33:00,08:34:00,296,5,0,0
78051,08:49:00,08:50:00,358,6,0,0
78051,08:53:00,08:54:00,213,7,0,0
78051,08:57:00,08:58:00,305,8,0,0
78051,08:59:00,09:00:00,392,9,0,0
78051,09:02:00,09:03:00,248,10,0,0
78051,09:04:00,09:05:00,391,11,0,0
78051,09:09:00,09:10:00,386,12,0,0
78051,09:13:00,09:14:00,1,13,0,0
78053,09:07:00,09:08:00,252,1,0,0
78053,09:10:00,09:11:00,316,2,0,0
78053,09:13:00,09:14:00,255,3,0,0
78053,09:16:00,09:17:00,229,4,0,0
78053,09:18:00,09:19:00,296,5,0,0
78053,09:34:00,09:35:00,358,6,0,0
78053,09:38:00,09:39:00,213,7,0,0
78053,09:42:00,09:43:00,305,8,0,0
78053,09:44:00,09:45:00,392,9,0,0
78053,09:47:00,09:48:00,248,10,0,0
78053,09:49:00,09:50:00,391,11,0,0
78053,09:54:00,09:55:00,386,12,0,0
78053,09:58:00,09:59:00,1,13,0,0
78054,09:22:00,09:23:00,252,1,0,0
78054,09:25:00,09:26:00,316,2,0,0
78054,09:28:00,09:29:00,255,3,0,0
78054,09:31:00,09:32:00,229,4,0,0
78054,09:33:00,09:34:00,296,5,0,0
78054,09:49:00,09:50:00,358,6,0,0
78054,09:53:00,09:54:00,213,7,0,0
78054,09:57:00,09:58:00,305,8,0,0
78054,09:59:00,10:00:00,392,9,0,0
78054,10:02:00,10:03:00,248,10,0,0
78054,10:04:00,10:05:00,391,11,0,0
78054,10:09:00,10:10:00,386,12,0,0
78054,10:13:00,10:14:00,1,13,0,0
78056,10:07:00,10:08:00,252,1,0,0
78056,10:10:00,10:11:00,316,2,0,0
78056,10:13:00,10:14:00,255,3,0,0
78056,10:16:00,10:17:00,229,4,0,0
78056,10:18:00,10:19:00,296,5,0,0
78056,10:34:00,10:35:00,358,6,0,0
78056,10:38:00,10:39:00,213,7,0,0
78056,10:42:00,10:43:00,305,8,0,0
78056,10:44:00,10:45:00,392,9,0,0
78056,10:47:00,10:48:00,248,10,0,0
78056,10:49:00,10:50:00,391,11,0,0
78056,10:54:00,10:55:00,386,12,0,0
78056,10:58:00,10:59:00,1,13,0,0
78057,10:22:00,10:23:00,252,1,0,0
78057,10:25:00,10:26:00,316,2,0,0
78057,10:28:00,10:29:00,255,3,0,0
78057,10:31:00,10:32:00,229,4,0,0
78057,10:33:00,10:34:00,296,5,0,0
78057,10:49:00,10:50:00,358,6,0,0
78057,10:53:00,10:54:00,213,7,0,0
78057,10:57:00,10:58:00,305,8,0,0
78057,10:59:00,11:00:00,392,9,0,0
78057,11:02:00,11:03:00,248,10,0,0
78057,11:04:00,11:05:00,391,11,0,0
78057,11:09:00,11:10:00,386,12,0,0
78057,11:13:00,11:14:00,1,13,0,0
78059,11:07:00,11:08:00,252,1,0,0
78059,11:10:00,11:11:00,316,2,0,0
78059,11:13:00,11:14:00,255,3,0,0
78059,11:16:00,11:17:00,229,4,0,0
78059,11:18:00,11:19:00,296,5,0,0
78059,11:34:00,11:35:00,358,6,0,0
78059,11:38:00,11:39:00,213,7,0,0
78059,11:42:00,11:43:00,305,8,0,0
78059,11:44:00,11:45:00,392,9,0,0
78059,11:47:00,11:48:00,248,10,0,0
78059,11:49:00,11:50:00,391,11,0,0
78059,11:54:00,11:55:00,386,12,0,0
78059,11:58:00,11:59:00,1,13,0,0
78060,11:22:00,11:23:00,252,1,0,0
78060,11:25:00,11:26:00,316,2,0,0
78060,11:28:00,11:29:00,255,3,0,0
78060,11:31:00,11:32:00,229,4,0,0
78060,11:33:00,11:34:00,296,5,0,0
78060,11:49:00,11:50:00,358,6,0,0
78060,11:53:00,11:54:00,213,7,0,0
78060,11:57:00,11:58:00,305,8,0,0
78060,11:59:00,12:00:00,392,9,0,0
78060,12:02:00,12:03:00,248,10,0,0
78060,12:04:00,12:05:00,391,11,0,0
78060,12:09:00,12:10:00,386,12,0,0
78060,12:13:00,12:14:00,1,13,0,0
78062,12:07:00,12:08:00,252,1,0,0
78062,12:10:00,12:11:00,316,2,0,0
78062,12:13:00,12:14:00,255,3,0,0
78062,12:16:00,12:17:00,229,4,0,0
78062,12:18:00,12:19:00,296,5,0,0
78062,12:34:00,12:35:00,358,6,0,0
78062,12:38:00,12:39:00,213,7,0,0
78062,12:42:00,12:43:00,305,8,0,0
78062,12:44:00,12:45:00,392,9,0,0
78062,12:47:00,12:48:00,248,10,0,0
78062,12:49:00,12:50:00,391,11,0,0
78062,12:54:00,12:55:00,386,12,0,0
78062,12:58:00,12:59:00,1,13,0,0
78064,12:52:00,12:53:00,252,1,0,0
78064,12:55:00,12:56:00,316,2,0,0
78064,12:58:00,12:59:00,255,3,0,0
78064,13:01:00,13:02:00,229,4,0,0
78064,13:03:00,13:04:00,296,5,0,0
78064,13:18:00,13:19:00,358,6,0,0
78064,13:22:00,13:23:00,213,7,0,0
78064,13:25:00,13:26:00,305,8,0,0
78064,13:28:00,13:29:00,392,9,0,0
78064,13:30:00,13:31:00,248,10,0,0
78064,13:33:00,13:34:00,391,11,0,0
78064,13:39:00,13:40:00,386,12,0,0
78064,13:43:00,13:44:00,1,13,0,0
78066,13:52:00,13:53:00,252,1,0,0
78066,13:55:00,13:56:00,316,2,0,0
78066,13:58:00,13:59:00,255,3,0,0
78066,14:01:00,14:02:00,229,4,0,0
78066,14:03:00,14:04:00,296,5,0,0
78066,14:18:00,14:19:00,358,6,0,0
78066,14:22:00,14:23:00,213,7,0,0
78066,14:25:00,14:26:00,305,8,0,0
78066,14:28:00,14:29:00,392,9,0,0
78066,14:30:00,14:31:00,248,10,0,0
78066,14:33:00,14:34:00,391,11,0,0
78066,14:39:00,14:40:00,386,12,0,0
78066,14:43:00,14:44:00,1,13,0,0
78067,14:07:00,14:08:00,252,1,0,0
78067,14:10:00,14:11:00,316,2,0,0
78067,14:13:00,14:14:00,255,3,0,0
78067,14:16:00,14:17:00,229,4,0,0
78067,14:18:00,14:19:00,296,5,0,0
78067,14:34:00,14:35:00,358,6,0,0
78067,14:38:00,14:39:00,213,7,0,0
78067,14:42:00,14:43:00,305,8,0,0
78067,14:44:00,14:45:00,392,9,0,0
78067,14:47:00,14:48:00,248,10,0,0
78067,14:49:00,14:50:00,391,11,0,0
78067,14:54:00,14:55:00,386,12,0,0
78067,14:58:00,14:59:00,1,13,0,0
78069,14:52:00,14:53:00,252,1,0,0
78069,14:55:00,14:56:00,316,2,0,0
78069,14:58:00,14:59:00,255,3,0,0
78069,15:01:00,15:02:00,229,4,0,0
78069,15:03:00,15:04:00,296,5,0,0
78069,15:18:00,15:19:00,358,6,0,0
78069,15:22:00,15:23:00,213,7,0,0
78069,15:25:00,15:26:00,305,8,0,0
78069,15:28:00,15:29:00,392,9,0,0
78069,15:30:00,15:31:00,248,10,0,0
78069,15:33:00,15:34:00,391,11,0,0
78069,15:39:00,15:40:00,386,12,0,0
78069,15:43:00,15:44:00,1,13,0,0
78070,15:07:00,15:08:00,252,1,0,0
78070,15:10:00,15:11:00,316,2,0,0
78070,15:13:00,15:14:00,255,3,0,0
78070,15:16:00,15:17:00,229,4,0,0
78070,15:18:00,15:19:00,296,5,0,0
78070,15:34:00,15:35:00,358,6,0,0
78070,15:38:00,15:39:00,213,7,0,0
78070,15:42:00,15:43:00,305,8,0,0
78070,15:44:00,15:45:00,392,9,0,0
78070,15:47:00,15:48:00,248,10,0,0
78070,15:49:00,15:50:00,391,11,0,0
78070,15:54:00,15:55:00,386,12,0,0
78070,15:58:00,15:59:00,1,13,0,0
78072,15:52:00,15:53:00,252,1,0,0
78072,15:55:00,15:56:00,316,2,0,0
78072,15:58:00,15:59:00,255,3,0,0
78072,16:01:00,16:02:00,229,4,0,0
78072,16:03:00,16:04:00,296,5,0,0
78072,16:18:00,16:19:00,358,6,0,0
78072,16:22:00,16:23:00,213,7,0,0
78072,16:25:00,16:26:00,305,8,0,0
78072,16:28:00,16:29:00,392,9,0,0
78072,16:30:00,16:31:00,248,10,0,0
78072,16:33:00,16:34:00,391,11,0,0
78072,16:39:00,16:40:00,386,12,0,0
78072,16:43:00,16:44:00,1,13,0,0
78074,16:07:00,16:08:00,252,1,0,0
78074,16:10:00,16:11:00,316,2,0,0
78074,16:13:00,16:14:00,255,3,0,0
78074,16:16:00,16:17:00,229,4,0,0
78074,16:18:00,16:19:00,296,5,0,0
78074,16:34:00,16:35:00,358,6,0,0
78074,16:38:00,16:39:00,213,7,0,0
78074,16:42:00,16:43:00,305,8,0,0
78074,16:44:00,16:45:00,392,9,0,0
78074,16:47:00,16:48:00,248,10,0,0
78074,16:49:00,16:50:00,391,11,0,0
78074,16:54:00,16:55:00,386,12,0,0
78074,16:58:00,16:59:00,1,13,0,0
78076,16:52:00,16:53:00,252,1,0,0
78076,16:55:00,16:56:00,316,2,0,0
78076,16:58:00,16:59:00,255,3,0,0
78076,17:01:00,17:02:00,229,4,0,0
78076,17:03:00,17:04:00,296,5,0,0
78076,17:18:00,17:19:00,358,6,0,0
78076,17:22:00,17:23:00,213,7,0,0
78076,17:25:00,17:26:00,305,8,0,0
78076,17:28:00,17:29:00,392,9,0,0
78076,17:30:00,17:31:00,248,10,0,0
78076,17:33:00,17:34:00,391,11,0,0
78076,17:39:00,17:40:00,386,12,0,0
78076,17:43:00,17:44:00,1,13,0,0
78077,17:07:00,17:08:00,252,1,0,0
78077,17:10:00,17:11:00,316,2,0,0
78077,17:13:00,17:14:00,255,3,0,0
78077,17:16:00,17:17:00,229,4,0,0
78077,17:18:00,17:19:00,296,5,0,0
78077,17:34:00,17:35:00,358,6,0,0
78077,17:38:00,17:39:00,213,7,0,0
78077,17:42:00,17:43:00,305,8,0,0
78077,17:44:00,17:45:00,392,9,0,0
78077,17:47:00,17:48:00,248,10,0,0
78077,17:49:00,17:50:00,391,11,0,0
78077,17:54:00,17:55:00,386,12,0,0
78077,17:58:00,17:59:00,1,13,0,0
78079,17:52:00,17:53:00,252,1,0,0
78079,17:55:00,17:56:00,316,2,0,0
78079,17:58:00,17:59:00,255,3,0,0
78079,18:01:00,18:02:00,229,4,0,0
78079,18:03:00,18:04:00,296,5,0,0
78079,18:18:00,18:19:00,358,6,0,0
78079,18:22:00,18:23:00,213,7,0,0
78079,18:25:00,18:26:00,305,8,0,0
78079,18:28:00,18:29:00,392,9,0,0
78079,18:30:00,18:31:00,248,10,0,0
78079,18:33:00,18:34:00,391,11,0,0
78079,18:39:00,18:40:00,386,12,0,0
78079,18:43:00,18:44:00,1,13,0,0
78080,18:07:00,18:08:00,252,1,0,0
78080,18:10:00,18:11:00,316,2,0,0
78080,18:13:00,18:14:00,255,3,0,0
78080,18:16:00,18:17:00,229,4,0,0
78080,18:18:00,18:19:00,296,5,0,0
78080,18:34:00,18:35:00,358,6,0,0
78080,18:38:00,18:39:00,213,7,0,0
78080,18:42:00,18:43:00,305,8,0,0
78080,18:44:00,18:45:00,392,9,0,0
78080,18:47:00,18:48:00,248,10,0,0
78080,18:49:00,18:50:00,391,11,0,0
78080,18:54:00,18:55:00,386,12,0,0
78080,18:58:00,18:59:00,1,13,0,0
78082,18:52:00,18:53:00,252,1,0,0
78082,18:55:00,18:56:00,316,2,0,0
78082,18:58:00,18:59:00,255,3,0,0
78082,19:01:00,19:02:00,229,4,0,0
78082,19:03:00,19:04:00,296,5,0,0
78082,19:18:00,19:19:00,358,6,0,0
78082,19:22:00,19:23:00,213,7,0,0
78082,19:25:00,19:26:00,305,8,0,0
78082,19:28:00,19:29:00,392,9,0,0
78082,19:30:00,19:31:00,248,10,0,0
78082,19:33:00,19:34:00,391,11,0,0
78082,19:39:00,19:40:00,386,12,0,0
78082,19:43:00,19:44:00,1,13,0,0
78083,19:07:00,19:08:00,252,1,0,0
78083,19:10:00,19:11:00,316,2,0,0
78083,19:13:00,19:14:00,255,3,0,0
78083,19:16:00,19:17:00,229,4,0,0
78083,19:18:00,19:19:00,296,5,0,0
78083,19:34:00,19:35:00,358,6,0,0
78083,19:38:00,19:39:00,213,7,0,0
78083,19:42:00,19:43:00,305,8,0,0
78083,19:44:00,19:45:00,392,9,0,0
78083,19:47:00,19:48:00,248,10,0,0
78083,19:49:00,19:50:00,391,11,0,0
78083,19:54:00,19:55:00,386,12,0,0
78083,19:58:00,19:59:00,1,13,0,0
78085,19:52:00,19:53:00,252,1,0,0
78085,19:55:00,19:56:00,316,2,0,0
78085,19:58:00,19:59:00,255,3,0,0
78085,20:01:00,20:02:00,229,4,0,0
78085,20:03:00,20:04:00,296,5,0,0
78085,20:18:00,20:19:00,358,6,0,0
78085,20:22:00,20:23:00,213,7,0,0
78085,20:25:00,20:26:00,305,8,0,0
78085,20:28:00,20:29:00,392,9,0,0
78085,20:30:00,20:31:00,248,10,0,0
78085,20:33:00,20:34:00,391,11,0,0
78085,20:39:00,20:40:00,386,12,0,0
78085,20:43:00,20:44:00,1,13,0,0
78086,20:07:00,20:08:00,252,1,0,0
78086,20:10:00,20:11:00,316,2,0,0
78086,20:13:00,20:14:00,255,3,0,0
78086,20:16:00,20:17:00,229,4,0,0
78086,20:18:00,20:19:00,296,5,0,0
78086,20:34:00,20:35:00,358,6,0,0
78086,20:38:00,20:39:00,213,7,0,0
78086,20:42:00,20:43:00,305,8,0,0
78086,20:44:00,20:45:00,392,9,0,0
78086,20:47:00,20:48:00,248,10,0,0
78086,20:49:00,20:50:00,391,11,0,0
78086,20:54:00,20:55:00,386,12,0,0
78086,20:58:00,20:59:00,1,13,0,0
78088,20:52:00,20:53:00,252,1,0,0
78088,20:55:00,20:56:00,316,2,0,0
78088,20:58:00,20:59:00,255,3,0,0
78088,21:01:00,21:02:00,229,4,0,0
78088,21:03:00,21:04:00,296,5,0,0
78088,21:18:00,21:19:00,358,6,0,0
78088,21:22:00,21:23:00,213,7,0,0
78088,21:25:00,21:26:00,305,8,0,0
78088,21:28:00,21:29:00,392,9,0,0
78088,21:30:00,21:31:00,248,10,0,0
78088,21:33:00,21:34:00,391,11,0,0
78088,21:39:00,21:40:00,386,12,0,0
78088,21:43:00,21:44:00,1,13,0,0
78089,21:07:00,21:08:00,252,1,0,0
78089,21:10:00,21:11:00,316,2,0,0
78089,21:13:00,21:14:00,255,3,0,0
78089,21:16:00,21:17:00,229,4,0,0
78089,21:18:00,21:19:00,296,5,0,0
78089,21:34:00,21:35:00,358,6,0,0
78089,21:38:00,21:39:00,213,7,0,0
78089,21:42:00,21:43:00,305,8,0,0
78089,21:44:00,21:45:00,392,9,0,0
78089,21:47:00,21:48:00,248,10,0,0
78089,21:49:00,21:50:00,391,11,0,0
78089,21:54:00,21:55:00,386,12,0,0
78089,21:58:00,21:59:00,1,13,0,0
78093,21:52:00,21:53:00,252,1,0,0
78093,21:55:00,21:56:00,316,2,0,0
78093,21:58:00,21:59:00,255,3,0,0
78093,22:01:00,22:02:00,229,4,0,0
78093,22:03:00,22:04:00,296,5,0,0
78093,22:18:00,22:19:00,358,6,0,0
78093,22:22:00,22:23:00,213,7,0,0
78093,22:25:00,22:26:00,305,8,0,0
78093,22:28:00,22:29:00,392,9,0,0
78093,22:30:00,22:31:00,248,10,0,0
78093,22:33:00,22:34:00,391,11,0,0
78093,22:39:00,22:40:00,386,12,0,0
78093,22:43:00,22:44:00,1,13,0,0
78327,05:44:00,05:45:00,269,1,0,0
78327,06:18:00,06:19:00,243,2,0,0
78327,06:59:00,07:00:00,308,3,0,0
78327,07:21:00,07:22:00,273,4,0,0
78327,07:36:00,07:37:00,357,5,0,0
78327,07:59:00,08:00:00,203,6,0,0
78327,08:31:00,08:32:00,339,7,0,0
78327,08:58:00,08:59:00,1,8,0,0
78065,13:08:00,13:09:00,286,1,0,0
78065,13:11:00,13:12:00,275,2,0,0
78065,13:17:00,13:18:00,394,3,0,0
78065,13:23:00,13:24:00,393,4,0,0
78065,13:25:00,13:26:00,207,5,0,0
78065,13:27:00,13:28:00,322,6,0,0
78065,13:29:00,13:30:00,359,7,0,0
78065,13:31:00,13:32:00,336,8,0,0
78065,13:35:00,13:36:00,252,9,0,0
78065,13:41:00,13:42:00,316,10,0,0
78065,13:43:00,13:44:00,255,11,0,0
78065,13:46:00,13:47:00,229,12,0,0
78065,13:49:00,13:50:00,296,13,0,0
78065,13:51:00,13:52:00,358,14,0,0
78065,13:55:00,13:56:00,213,15,0,0
78065,13:59:00,14:00:00,305,16,0,0
78065,14:01:00,14:02:00,392,17,0,0
78065,14:03:00,14:04:00,248,18,0,0
78065,14:06:00,14:07:00,391,19,0,0
78065,14:10:00,14:11:00,386,20,0,0
78065,14:14:00,14:15:00,1,21,0,0
78254,06:46:00,06:47:00,291,1,0,0
78254,07:04:00,07:05:00,338,2,0,0
78254,07:23:00,07:24:00,234,3,0,0
78254,07:37:00,07:38:00,315,4,0,0
78254,07:50:00,07:51:00,319,5,0,0
78254,07:58:00,07:59:00,260,6,0,0
78254,08:05:00,08:06:00,341,7,0,0
78254,08:23:00,08:24:00,357,8,0,0
78254,08:39:00,08:40:00,267,9,0,0
78254,08:50:00,08:51:00,203,10,0,0
78254,09:14:00,09:15:00,298,11,0,0
78254,09:27:00,09:28:00,339,12,0,0
78254,09:49:00,09:50:00,331,13,0,0
78254,09:58:00,09:59:00,1,14,0,0
78232,18:46:00,18:47:00,291,1,0,0
78232,19:04:00,19:05:00,338,2,0,0
78232,19:23:00,19:24:00,234,3,0,0
78232,19:37:00,19:38:00,315,4,0,0
78232,19:50:00,19:51:00,319,5,0,0
78232,19:58:00,19:59:00,260,6,0,0
78232,20:05:00,20:06:00,341,7,0,0
78232,20:23:00,20:24:00,357,8,0,0
78232,20:39:00,20:40:00,267,9,0,0
78232,20:50:00,20:51:00,203,10,0,0
78232,21:14:00,21:15:00,298,11,0,0
78232,21:27:00,21:28:00,339,12,0,0
78232,21:49:00,21:50:00,331,13,0,0
78232,21:58:00,21:59:00,1,14,0,0
78222,17:16:00,17:17:00,291,1,0,0
78222,17:34:00,17:35:00,338,2,0,0
78222,17:53:00,17:54:00,234,3,0,0
78222,18:07:00,18:08:00,315,4,0,0
78222,18:20:00,18:21:00,319,5,0,0
78222,18:28:00,18:29:00,260,6,0,0
78222,18:35:00,18:36:00,341,7,0,0
78222,18:53:00,18:54:00,357,8,0,0
78222,19:09:00,19:10:00,267,9,0,0
78222,19:20:00,19:21:00,203,10,0,0
78222,19:44:00,19:45:00,298,11,0,0
78222,19:57:00,19:58:00,339,12,0,0
78222,20:19:00,20:20:00,331,13,0,0
78222,20:28:00,20:29:00,1,14,0,0
78446,04:54:00,04:55:00,298,1,0,0
78446,04:58:00,04:59:00,283,2,0,0
78446,05:03:00,05:04:00,235,3,0,0
78446,05:07:00,05:08:00,354,4,0,0
78446,05:09:00,05:10:00,339,5,0,0
78446,05:11:00,05:12:00,343,6,0,0
78446,05:16:00,05:17:00,299,7,0,0
78446,05:20:00,05:21:00,384,8,0,0
78446,05:25:00,05:26:00,380,9,0,0
78446,05:27:00,05:28:00,250,10,0,0
78446,05:30:00,05:31:00,241,11,0,0
78446,05:32:00,05:33:00,377,12,0,0
78446,05:34:00,05:35:00,274,13,0,0
78446,05:36:00,05:37:00,421,14,0,0
78446,05:38:00,05:39:00,245,15,0,0
78446,05:40:00,05:41:00,331,16,0,0
78446,05:45:00,05:46:00,450,17,0,0
78446,05:50:00,05:51:00,1,18,0,0
78448,05:54:00,05:55:00,298,1,0,0
78448,05:58:00,05:59:00,283,2,0,0
78448,06:03:00,06:04:00,235,3,0,0
78448,06:07:00,06:08:00,354,4,0,0
78448,06:09:00,06:10:00,339,5,0,0
78448,06:11:00,06:12:00,343,6,0,0
78448,06:16:00,06:17:00,299,7,0,0
78448,06:20:00,06:21:00,384,8,0,0
78448,06:25:00,06:26:00,380,9,0,0
78448,06:27:00,06:28:00,250,10,0,0
78448,06:30:00,06:31:00,241,11,0,0
78448,06:32:00,06:33:00,377,12,0,0
78448,06:34:00,06:35:00,274,13,0,0
78448,06:36:00,06:37:00,421,14,0,0
78448,06:38:00,06:39:00,245,15,0,0
78448,06:40:00,06:41:00,331,16,0,0
78448,06:45:00,06:46:00,450,17,0,0
78448,06:50:00,06:51:00,1,18,0,0
78451,06:54:00,06:55:00,298,1,0,0
78451,06:58:00,06:59:00,283,2,0,0
78451,07:03:00,07:04:00,235,3,0,0
78451,07:07:00,07:08:00,354,4,0,0
78451,07:09:00,07:10:00,339,5,0,0
78451,07:11:00,07:12:00,343,6,0,0
78451,07:16:00,07:17:00,299,7,0,0
78451,07:20:00,07:21:00,384,8,0,0
78451,07:25:00,07:26:00,380,9,0,0
78451,07:27:00,07:28:00,250,10,0,0
78451,07:30:00,07:31:00,241,11,0,0
78451,07:32:00,07:33:00,377,12,0,0
78451,07:34:00,07:35:00,274,13,0,0
78451,07:36:00,07:37:00,421,14,0,0
78451,07:38:00,07:39:00,245,15,0,0
78451,07:40:00,07:41:00,331,16,0,0
78451,07:45:00,07:46:00,450,17,0,0
78451,07:50:00,07:51:00,1,18,0,0
78455,07:54:00,07:55:00,298,1,0,0
78455,07:58:00,07:59:00,283,2,0,0
78455,08:03:00,08:04:00,235,3,0,0
78455,08:07:00,08:08:00,354,4,0,0
78455,08:09:00,08:10:00,339,5,0,0
78455,08:11:00,08:12:00,343,6,0,0
78455,08:16:00,08:17:00,299,7,0,0
78455,08:20:00,08:21:00,384,8,0,0
78455,08:25:00,08:26:00,380,9,0,0
78455,08:27:00,08:28:00,250,10,0,0
78455,08:30:00,08:31:00,241,11,0,0
78455,08:32:00,08:33:00,377,12,0,0
78455,08:34:00,08:35:00,274,13,0,0
78455,08:36:00,08:37:00,421,14,0,0
78455,08:38:00,08:39:00,245,15,0,0
78455,08:40:00,08:41:00,331,16,0,0
78455,08:45:00,08:46:00,450,17,0,0
78455,08:50:00,08:51:00,1,18,0,0
78457,08:54:00,08:55:00,298,1,0,0
78457,08:58:00,08:59:00,283,2,0,0
78457,09:03:00,09:04:00,235,3,0,0
78457,09:07:00,09:08:00,354,4,0,0
78457,09:09:00,09:10:00,339,5,0,0
78457,09:11:00,09:12:00,343,6,0,0
78457,09:16:00,09:17:00,299,7,0,0
78457,09:20:00,09:21:00,384,8,0,0
78457,09:25:00,09:26:00,380,9,0,0
78457,09:27:00,09:28:00,250,10,0,0
78457,09:30:00,09:31:00,241,11,0,0
78457,09:32:00,09:33:00,377,12,0,0
78457,09:34:00,09:35:00,274,13,0,0
78457,09:36:00,09:37:00,421,14,0,0
78457,09:38:00,09:39:00,245,15,0,0
78457,09:40:00,09:41:00,331,16,0,0
78457,09:45:00,09:46:00,450,17,0,0
78457,09:50:00,09:51:00,1,18,0,0
78460,10:27:00,10:28:00,298,1,0,0
78460,10:31:00,10:32:00,283,2,0,0
78460,10:36:00,10:37:00,235,3,0,0
78460,10:40:00,10:41:00,354,4,0,0
78460,10:42:00,10:43:00,339,5,0,0
78460,10:44:00,10:45:00,343,6,0,0
78460,10:49:00,10:50:00,299,7,0,0
78460,10:53:00,10:54:00,384,8,0,0
78460,10:58:00,10:59:00,380,9,0,0
78460,11:00:00,11:01:00,250,10,0,0
78460,11:06:00,11:07:00,421,11,0,0
78460,11:08:00,11:09:00,245,12,0,0
78460,11:10:00,11:11:00,331,13,0,0
78460,11:15:00,11:16:00,450,14,0,0
78460,11:20:00,11:21:00,1,15,0,0
78463,12:54:00,12:55:00,298,1,0,0
78463,12:58:00,12:59:00,283,2,0,0
78463,13:03:00,13:04:00,235,3,0,0
78463,13:07:00,13:08:00,354,4,0,0
78463,13:09:00,13:10:00,339,5,0,0
78463,13:11:00,13:12:00,343,6,0,0
78463,13:16:00,13:17:00,299,7,0,0
78463,13:20:00,13:21:00,384,8,0,0
78463,13:25:00,13:26:00,380,9,0,0
78463,13:27:00,13:28:00,250,10,0,0
78463,13:30:00,13:31:00,241,11,0,0
78463,13:32:00,13:33:00,377,12,0,0
78463,13:34:00,13:35:00,274,13,0,0
78463,13:36:00,13:37:00,421,14,0,0
78463,13:38:00,13:39:00,245,15,0,0
78463,13:40:00,13:41:00,331,16,0,0
78463,13:45:00,13:46:00,450,17,0,0
78463,13:50:00,13:51:00,1,18,0,0
78469,15:24:00,15:25:00,298,1,0,0
78469,15:28:00,15:29:00,283,2,0,0
78469,15:33:00,15:34:00,235,3,0,0
78469,15:37:00,15:38:00,354,4,0,0
78469,15:39:00,15:40:00,339,5,0,0
78469,15:41:00,15:42:00,343,6,0,0
78469,15:46:00,15:47:00,299,7,0,0
78469,15:50:00,15:51:00,384,8,0,0
78469,15:55:00,15:56:00,380,9,0,0
78469,15:57:00,15:58:00,250,10,0,0
78469,16:00:00,16:01:00,241,11,0,0
78469,16:02:00,16:03:00,377,12,0,0
78469,16:04:00,16:05:00,274,13,0,0
78469,16:06:00,16:07:00,421,14,0,0
78469,16:08:00,16:09:00,245,15,0,0
78469,16:10:00,16:11:00,331,16,0,0
78469,16:15:00,16:16:00,450,17,0,0
78469,16:20:00,16:21:00,1,18,0,0
78470,16:24:00,16:25:00,298,1,0,0
78470,16:28:00,16:29:00,283,2,0,0
78470,16:33:00,16:34:00,235,3,0,0
78470,16:37:00,16:38:00,354,4,0,0
78470,16:39:00,16:40:00,339,5,0,0
78470,16:41:00,16:42:00,343,6,0,0
78470,16:46:00,16:47:00,299,7,0,0
78470,16:50:00,16:51:00,384,8,0,0
78470,16:55:00,16:56:00,380,9,0,0
78470,16:57:00,16:58:00,250,10,0,0
78470,17:00:00,17:01:00,241,11,0,0
78470,17:02:00,17:03:00,377,12,0,0
78470,17:04:00,17:05:00,274,13,0,0
78470,17:06:00,17:07:00,421,14,0,0
78470,17:08:00,17:09:00,245,15,0,0
78470,17:10:00,17:11:00,331,16,0,0
78470,17:15:00,17:16:00,450,17,0,0
78470,17:20:00,17:21:00,1,18,0,0
78472,17:24:00,17:25:00,298,1,0,0
78472,17:28:00,17:29:00,283,2,0,0
78472,17:33:00,17:34:00,235,3,0,0
78472,17:37:00,17:38:00,354,4,0,0
78472,17:39:00,17:40:00,339,5,0,0
78472,17:41:00,17:42:00,343,6,0,0
78472,17:46:00,17:47:00,299,7,0,0
78472,17:50:00,17:51:00,384,8,0,0
78472,17:55:00,17:56:00,380,9,0,0
78472,17:57:00,17:58:00,250,10,0,0
78472,18:00:00,18:01:00,241,11,0,0
78472,18:02:00,18:03:00,377,12,0,0
78472,18:04:00,18:05:00,274,13,0,0
78472,18:06:00,18:07:00,421,14,0,0
78472,18:08:00,18:09:00,245,15,0,0
78472,18:10:00,18:11:00,331,16,0,0
78472,18:15:00,18:16:00,450,17,0,0
78472,18:20:00,18:21:00,1,18,0,0
78475,18:24:00,18:25:00,298,1,0,0
78475,18:28:00,18:29:00,283,2,0,0
78475,18:33:00,18:34:00,235,3,0,0
78475,18:37:00,18:38:00,354,4,0,0
78475,18:39:00,18:40:00,339,5,0,0
78475,18:41:00,18:42:00,343,6,0,0
78475,18:46:00,18:47:00,299,7,0,0
78475,18:50:00,18:51:00,384,8,0,0
78475,18:55:00,18:56:00,380,9,0,0
78475,18:57:00,18:58:00,250,10,0,0
78475,19:00:00,19:01:00,241,11,0,0
78475,19:02:00,19:03:00,377,12,0,0
78475,19:04:00,19:05:00,274,13,0,0
78475,19:06:00,19:07:00,421,14,0,0
78475,19:08:00,19:09:00,245,15,0,0
78475,19:10:00,19:11:00,331,16,0,0
78475,19:15:00,19:16:00,450,17,0,0
78475,19:20:00,19:21:00,1,18,0,0
78477,19:27:00,19:28:00,298,1,0,0
78477,19:31:00,19:32:00,283,2,0,0
78477,19:36:00,19:37:00,235,3,0,0
78477,19:40:00,19:41:00,354,4,0,0
78477,19:42:00,19:43:00,339,5,0,0
78477,19:44:00,19:45:00,343,6,0,0
78477,19:49:00,19:50:00,299,7,0,0
78477,19:53:00,19:54:00,384,8,0,0
78477,19:58:00,19:59:00,380,9,0,0
78477,20:00:00,20:01:00,250,10,0,0
78477,20:06:00,20:07:00,421,11,0,0
78477,20:08:00,20:09:00,245,12,0,0
78477,20:10:00,20:11:00,331,13,0,0
78477,20:15:00,20:16:00,450,14,0,0
78477,20:20:00,20:21:00,1,15,0,0
78479,20:24:00,20:25:00,298,1,0,0
78479,20:28:00,20:29:00,283,2,0,0
78479,20:33:00,20:34:00,235,3,0,0
78479,20:37:00,20:38:00,354,4,0,0
78479,20:39:00,20:40:00,339,5,0,0
78479,20:41:00,20:42:00,343,6,0,0
78479,20:46:00,20:47:00,299,7,0,0
78479,20:50:00,20:51:00,384,8,0,0
78479,20:55:00,20:56:00,380,9,0,0
78479,20:57:00,20:58:00,250,10,0,0
78479,21:00:00,21:01:00,241,11,0,0
78479,21:02:00,21:03:00,377,12,0,0
78479,21:04:00,21:05:00,274,13,0,0
78479,21:06:00,21:07:00,421,14,0,0
78479,21:08:00,21:09:00,245,15,0,0
78479,21:10:00,21:11:00,331,16,0,0
78479,21:15:00,21:16:00,450,17,0,0
78479,21:20:00,21:21:00,1,18,0,0
78481,21:27:00,21:28:00,298,1,0,0
78481,21:31:00,21:32:00,283,2,0,0
78481,21:36:00,21:37:00,235,3,0,0
78481,21:40:00,21:41:00,354,4,0,0
78481,21:42:00,21:43:00,339,5,0,0
78481,21:44:00,21:45:00,343,6,0,0
78481,21:49:00,21:50:00,299,7,0,0
78481,21:53:00,21:54:00,384,8,0,0
78481,21:58:00,21:59:00,380,9,0,0
78481,22:00:00,22:01:00,250,10,0,0
78481,22:06:00,22:07:00,421,11,0,0
78481,22:08:00,22:09:00,245,12,0,0
78481,22:10:00,22:11:00,331,13,0,0
78481,22:15:00,22:16:00,450,14,0,0
78481,22:20:00,22:21:00,1,15,0,0
79345,04:59:00,05:00:00,300,1,0,0
79345,05:56:00,05:57:00,413,2,0,0
79345,06:19:00,06:20:00,381,3,0,0
79345,06:45:00,06:46:00,222,4,0,0
79345,07:05:00,07:06:00,249,5,0,0
79345,07:32:00,07:33:00,349,6,0,0
79345,07:49:00,07:50:00,340,7,0,0
79345,08:04:00,08:05:00,386,8,0,0
79345,08:09:00,08:10:00,1,9,0,0
78165,17:58:00,17:59:00,300,1,0,0
78165,18:55:00,18:56:00,413,2,0,0
78165,19:19:00,19:20:00,381,3,0,0
78165,20:06:00,20:07:00,249,4,0,0
78165,20:31:00,20:32:00,349,5,0,0
78165,20:48:00,20:49:00,340,6,0,0
78165,21:03:00,21:04:00,386,7,0,0
78165,21:08:00,21:09:00,1,8,0,0
78365,16:54:00,16:55:00,311,1,0,0
78365,17:17:00,17:18:00,372,2,0,0
78365,17:35:00,17:36:00,441,3,0,0
78365,18:21:00,18:22:00,273,4,0,0
78365,18:36:00,18:37:00,357,5,0,0
78365,18:59:00,19:00:00,203,6,0,0
78365,19:31:00,19:32:00,339,7,0,0
78365,19:58:00,19:59:00,1,8,0,0
78335,05:24:00,05:25:00,313,1,0,0
78335,05:44:00,05:45:00,269,2,0,0
78335,06:18:00,06:19:00,243,3,0,0
78335,06:59:00,07:00:00,308,4,0,0
78335,07:21:00,07:22:00,273,5,0,0
78335,07:36:00,07:37:00,357,6,0,0
78335,07:59:00,08:00:00,203,7,0,0
78335,08:31:00,08:32:00,339,8,0,0
78335,08:58:00,08:59:00,1,9,0,0
78238,05:02:00,05:03:00,315,1,0,0
78238,05:15:00,05:16:00,319,2,0,0
78238,05:23:00,05:24:00,260,3,0,0
78238,05:30:00,05:31:00,341,4,0,0
78238,05:48:00,05:49:00,357,5,0,0
78238,06:04:00,06:05:00,267,6,0,0
78238,06:15:00,06:16:00,203,7,0,0
78238,06:39:00,06:40:00,298,8,0,0
78238,06:52:00,06:53:00,339,9,0,0
78238,07:05:00,07:06:00,380,10,0,0
78238,07:14:00,07:15:00,421,11,0,0
78238,07:19:00,07:20:00,331,12,0,0
78238,07:28:00,07:29:00,1,13,0,0
78240,07:37:00,07:38:00,315,1,0,0
78240,07:50:00,07:51:00,319,2,0,0
78240,07:58:00,07:59:00,260,3,0,0
78240,08:05:00,08:06:00,341,4,0,0
78240,08:23:00,08:24:00,357,5,0,0
78240,08:39:00,08:40:00,267,6,0,0
78240,08:50:00,08:51:00,203,7,0,0
78240,09:14:00,09:15:00,298,8,0,0
78240,09:27:00,09:28:00,339,9,0,0
78240,09:49:00,09:50:00,331,10,0,0
78240,09:58:00,09:59:00,1,11,0,0
78450,06:59:00,07:00:00,339,1,0,0
78450,07:01:00,07:02:00,343,2,0,0
78450,07:06:00,07:07:00,299,3,0,0
78450,07:10:00,07:11:00,384,4,0,0
78450,07:15:00,07:16:00,380,5,0,0
78450,07:17:00,07:18:00,250,6,0,0
78450,07:24:00,07:25:00,421,7,0,0
78450,07:26:00,07:27:00,245,8,0,0
78450,07:28:00,07:29:00,331,9,0,0
78450,07:33:00,07:34:00,450,10,0,0
78450,07:38:00,07:39:00,1,11,0,0
78452,07:30:00,07:31:00,339,1,0,0
78452,07:32:00,07:33:00,343,2,0,0
78452,07:37:00,07:38:00,299,3,0,0
78452,07:41:00,07:42:00,384,4,0,0
78452,07:46:00,07:47:00,380,5,0,0
78452,07:48:00,07:49:00,250,6,0,0
78452,07:54:00,07:55:00,421,7,0,0
78452,07:56:00,07:57:00,245,8,0,0
78452,07:58:00,07:59:00,331,9,0,0
78452,08:03:00,08:04:00,450,10,0,0
78452,08:08:00,08:09:00,1,11,0,0
78459,10:09:00,10:10:00,339,1,0,0
78459,10:11:00,10:12:00,343,2,0,0
78459,10:16:00,10:17:00,299,3,0,0
78459,10:20:00,10:21:00,384,4,0,0
78459,10:25:00,10:26:00,380,5,0,0
78459,10:27:00,10:28:00,250,6,0,0
78459,10:30:00,10:31:00,241,7,0,0
78459,10:32:00,10:33:00,377,8,0,0
78459,10:34:00,10:35:00,274,9,0,0
78459,10:36:00,10:37:00,421,10,0,0
78459,10:38:00,10:39:00,245,11,0,0
78459,10:40:00,10:41:00,331,12,0,0
78459,10:45:00,10:46:00,450,13,0,0
78459,10:50:00,10:51:00,1,14,0,0
78467,14:39:00,14:40:00,339,1,0,0
78467,14:41:00,14:42:00,343,2,0,0
78467,14:46:00,14:47:00,299,3,0,0
78467,14:50:00,14:51:00,384,4,0,0
78467,14:55:00,14:56:00,380,5,0,0
78467,14:57:00,14:58:00,250,6,0,0
78467,15:00:00,15:01:00,241,7,0,0
78467,15:02:00,15:03:00,377,8,0,0
78467,15:04:00,15:05:00,274,9,0,0
78467,15:06:00,15:07:00,421,10,0,0
78467,15:08:00,15:09:00,245,11,0,0
78467,15:10:00,15:11:00,331,12,0,0
78467,15:15:00,15:16:00,450,13,0,0
78467,15:20:00,15:21:00,1,14,0,0
78474,18:30:00,18:31:00,339,1,0,0
78474,18:32:00,18:33:00,343,2,0,0
78474,18:37:00,18:38:00,299,3,0,0
78474,18:41:00,18:42:00,384,4,0,0
78474,18:46:00,18:47:00,380,5,0,0
78474,18:48:00,18:49:00,250,6,0,0
78474,18:54:00,18:55:00,421,7,0,0
78474,18:56:00,18:57:00,245,8,0,0
78474,18:58:00,18:59:00,331,9,0,0
78474,19:03:00,19:04:00,450,10,0,0
78474,19:08:00,19:09:00,1,11,0,0
78139,04:38:00,04:39:00,349,1,0,0
78139,04:42:00,04:43:00,237,2,0,0
78139,04:46:00,04:47:00,342,3,0,0
78139,04:49:00,04:50:00,232,4,0,0
78139,04:53:00,04:54:00,239,5,0,0
78139,04:59:00,05:00:00,340,6,0,0
78139,05:03:00,05:04:00,346,7,0,0
78139,05:08:00,05:09:00,520,8,0,0
78139,05:11:00,05:12:00,388,9,0,0
78139,05:15:00,05:16:00,387,10,0,0
78139,05:17:00,05:18:00,500,11,0,0
78139,05:20:00,05:21:00,386,12,0,0
78139,05:24:00,05:25:00,1,13,0,0
79298,05:39:00,05:40:00,349,1,0,0
79298,05:43:00,05:44:00,237,2,0,0
79298,05:47:00,05:48:00,342,3,0,0
79298,05:50:00,05:51:00,232,4,0,0
79298,05:54:00,05:55:00,239,5,0,0
79298,05:59:00,06:00:00,340,6,0,0
79298,06:03:00,06:04:00,346,7,0,0
79298,06:08:00,06:09:00,520,8,0,0
79298,06:12:00,06:13:00,388,9,0,0
79298,06:15:00,06:16:00,387,10,0,0
79298,06:17:00,06:18:00,500,11,0,0
79298,06:20:00,06:21:00,386,12,0,0
79298,06:24:00,06:25:00,1,13,0,0
79463,05:56:00,05:57:00,349,1,0,0
79463,06:01:00,06:02:00,237,2,0,0
79463,06:05:00,06:06:00,342,3,0,0
79463,06:09:00,06:10:00,232,4,0,0
79463,06:13:00,06:14:00,239,5,0,0
79463,06:18:00,06:19:00,340,6,0,0
79463,06:22:00,06:23:00,346,7,0,0
79463,06:27:00,06:28:00,520,8,0,0
79463,06:30:00,06:31:00,388,9,0,0
79463,06:33:00,06:34:00,387,10,0,0
79463,06:36:00,06:37:00,500,11,0,0
79463,06:39:00,06:40:00,386,12,0,0
79463,06:43:00,06:44:00,1,13,0,0
78143,06:38:00,06:39:00,349,1,0,0
78143,06:42:00,06:43:00,237,2,0,0
78143,06:46:00,06:47:00,342,3,0,0
78143,06:49:00,06:50:00,232,4,0,0
78143,06:53:00,06:54:00,239,5,0,0
78143,06:59:00,07:00:00,340,6,0,0
78143,07:03:00,07:04:00,346,7,0,0
78143,07:08:00,07:09:00,520,8,0,0
78143,07:12:00,07:13:00,388,9,0,0
78143,07:15:00,07:16:00,387,10,0,0
78143,07:17:00,07:18:00,500,11,0,0
78143,07:20:00,07:21:00,386,12,0,0
78143,07:24:00,07:25:00,1,13,0,0
79464,06:55:00,06:56:00,349,1,0,0
79464,07:00:00,07:01:00,237,2,0,0
79464,07:04:00,07:05:00,342,3,0,0
79464,07:08:00,07:09:00,232,4,0,0
79464,07:12:00,07:13:00,239,5,0,0
79464,07:17:00,07:18:00,340,6,0,0
79464,07:21:00,07:22:00,346,7,0,0
79464,07:26:00,07:27:00,520,8,0,0
79464,07:30:00,07:31:00,388,9,0,0
79464,07:33:00,07:34:00,387,10,0,0
79464,07:35:00,07:36:00,500,11,0,0
79464,07:38:00,07:39:00,386,12,0,0
79464,07:43:00,07:44:00,1,13,0,0
79302,07:39:00,07:40:00,349,1,0,0
79302,07:43:00,07:44:00,237,2,0,0
79302,07:47:00,07:48:00,342,3,0,0
79302,07:50:00,07:51:00,232,4,0,0
79302,07:54:00,07:55:00,239,5,0,0
79302,07:59:00,08:00:00,340,6,0,0
79302,08:03:00,08:04:00,346,7,0,0
79302,08:08:00,08:09:00,520,8,0,0
79302,08:12:00,08:13:00,388,9,0,0
79302,08:15:00,08:16:00,387,10,0,0
79302,08:17:00,08:18:00,500,11,0,0
79302,08:20:00,08:21:00,386,12,0,0
79302,08:24:00,08:25:00,1,13,0,0
79458,07:56:00,07:57:00,349,1,0,0
79458,08:00:00,08:01:00,237,2,0,0
79458,08:04:00,08:05:00,342,3,0,0
79458,08:08:00,08:09:00,232,4,0,0
79458,08:12:00,08:13:00,239,5,0,0
79458,08:18:00,08:19:00,340,6,0,0
79458,08:22:00,08:23:00,346,7,0,0
79458,08:27:00,08:28:00,520,8,0,0
79458,08:30:00,08:31:00,388,9,0,0
79458,08:33:00,08:34:00,387,10,0,0
79458,08:35:00,08:36:00,500,11,0,0
79458,08:38:00,08:39:00,386,12,0,0
79458,08:42:00,08:43:00,1,13,0,0
78156,08:38:00,08:39:00,349,1,0,0
78156,08:42:00,08:43:00,237,2,0,0
78156,08:46:00,08:47:00,342,3,0,0
78156,08:49:00,08:50:00,232,4,0,0
78156,08:53:00,08:54:00,239,5,0,0
78156,08:59:00,09:00:00,340,6,0,0
78156,09:03:00,09:04:00,346,7,0,0
78156,09:08:00,09:09:00,520,8,0,0
78156,09:12:00,09:13:00,388,9,0,0
78156,09:15:00,09:16:00,387,10,0,0
78156,09:17:00,09:18:00,500,11,0,0
78156,09:20:00,09:21:00,386,12,0,0
78156,09:24:00,09:25:00,1,13,0,0
79465,08:56:00,08:57:00,349,1,0,0
79465,09:01:00,09:02:00,237,2,0,0
79465,09:04:00,09:05:00,342,3,0,0
79465,09:08:00,09:09:00,232,4,0,0
79465,09:12:00,09:13:00,239,5,0,0
79465,09:17:00,09:18:00,340,6,0,0
79465,09:21:00,09:22:00,346,7,0,0
79465,09:26:00,09:27:00,520,8,0,0
79465,09:29:00,09:30:00,388,9,0,0
79465,09:32:00,09:33:00,387,10,0,0
79465,09:35:00,09:36:00,500,11,0,0
79465,09:38:00,09:39:00,386,12,0,0
79465,09:42:00,09:43:00,1,13,0,0
78163,09:38:00,09:39:00,349,1,0,0
78163,09:42:00,09:43:00,237,2,0,0
78163,09:46:00,09:47:00,342,3,0,0
78163,09:49:00,09:50:00,232,4,0,0
78163,09:53:00,09:54:00,239,5,0,0
78163,09:59:00,10:00:00,340,6,0,0
78163,10:03:00,10:04:00,346,7,0,0
78163,10:08:00,10:09:00,520,8,0,0
78163,10:12:00,10:13:00,388,9,0,0
78163,10:15:00,10:16:00,387,10,0,0
78163,10:17:00,10:18:00,500,11,0,0
78163,10:20:00,10:21:00,386,12,0,0
78163,10:24:00,10:25:00,1,13,0,0
79305,10:38:00,10:39:00,349,1,0,0
79305,10:42:00,10:43:00,237,2,0,0
79305,10:46:00,10:47:00,342,3,0,0
79305,10:49:00,10:50:00,232,4,0,0
79305,10:53:00,10:54:00,239,5,0,0
79305,10:59:00,11:00:00,340,6,0,0
79305,11:03:00,11:04:00,346,7,0,0
79305,11:08:00,11:09:00,520,8,0,0
79305,11:12:00,11:13:00,388,9,0,0
79305,11:15:00,11:16:00,387,10,0,0
79305,11:17:00,11:18:00,500,11,0,0
79305,11:20:00,11:21:00,386,12,0,0
79305,11:24:00,11:25:00,1,13,0,0
79309,11:38:00,11:39:00,349,1,0,0
79309,11:42:00,11:43:00,237,2,0,0
79309,11:46:00,11:47:00,342,3,0,0
79309,11:49:00,11:50:00,232,4,0,0
79309,11:53:00,11:54:00,239,5,0,0
79309,11:59:00,12:00:00,340,6,0,0
79309,12:03:00,12:04:00,346,7,0,0
79309,12:08:00,12:09:00,520,8,0,0
79309,12:12:00,12:13:00,388,9,0,0
79309,12:15:00,12:16:00,387,10,0,0
79309,12:17:00,12:18:00,500,11,0,0
79309,12:20:00,12:21:00,386,12,0,0
79309,12:24:00,12:25:00,1,13,0,0
79310,12:38:00,12:39:00,349,1,0,0
79310,12:42:00,12:43:00,237,2,0,0
79310,12:46:00,12:47:00,342,3,0,0
79310,12:49:00,12:50:00,232,4,0,0
79310,12:53:00,12:54:00,239,5,0,0
79310,12:59:00,13:00:00,340,6,0,0
79310,13:03:00,13:04:00,346,7,0,0
79310,13:08:00,13:09:00,520,8,0,0
79310,13:12:00,13:13:00,388,9,0,0
79310,13:15:00,13:16:00,387,10,0,0
79310,13:17:00,13:18:00,500,11,0,0
79310,13:20:00,13:21:00,386,12,0,0
79310,13:24:00,13:25:00,1,13,0,0
79312,13:38:00,13:39:00,349,1,0,0
79312,13:42:00,13:43:00,237,2,0,0
79312,13:46:00,13:47:00,342,3,0,0
79312,13:49:00,13:50:00,232,4,0,0
79312,13:53:00,13:54:00,239,5,0,0
79312,13:59:00,14:00:00,340,6,0,0
79312,14:03:00,14:04:00,346,7,0,0
79312,14:08:00,14:09:00,520,8,0,0
79312,14:12:00,14:13:00,388,9,0,0
79312,14:15:00,14:16:00,387,10,0,0
79312,14:17:00,14:18:00,500,11,0,0
79312,14:20:00,14:21:00,386,12,0,0
79312,14:24:00,14:25:00,1,13,0,0
79313,14:38:00,14:39:00,349,1,0,0
79313,14:42:00,14:43:00,237,2,0,0
79313,14:46:00,14:47:00,342,3,0,0
79313,14:49:00,14:50:00,232,4,0,0
79313,14:53:00,14:54:00,239,5,0,0
79313,14:59:00,15:00:00,340,6,0,0
79313,15:03:00,15:04:00,346,7,0,0
79313,15:08:00,15:09:00,520,8,0,0
79313,15:12:00,15:13:00,388,9,0,0
79313,15:15:00,15:16:00,387,10,0,0
79313,15:17:00,15:18:00,500,11,0,0
79313,15:20:00,15:21:00,386,12,0,0
79313,15:24:00,15:25:00,1,13,0,0
79315,15:38:00,15:39:00,349,1,0,0
79315,15:42:00,15:43:00,237,2,0,0
79315,15:46:00,15:47:00,342,3,0,0
79315,15:49:00,15:50:00,232,4,0,0
79315,15:53:00,15:54:00,239,5,0,0
79315,15:59:00,16:00:00,340,6,0,0
79315,16:03:00,16:04:00,346,7,0,0
79315,16:08:00,16:09:00,520,8,0,0
79315,16:12:00,16:13:00,388,9,0,0
79315,16:15:00,16:16:00,387,10,0,0
79315,16:17:00,16:18:00,500,11,0,0
79315,16:20:00,16:21:00,386,12,0,0
79315,16:24:00,16:25:00,1,13,0,0
79317,16:38:00,16:39:00,349,1,0,0
79317,16:42:00,16:43:00,237,2,0,0
79317,16:46:00,16:47:00,342,3,0,0
79317,16:49:00,16:50:00,232,4,0,0
79317,16:53:00,16:54:00,239,5,0,0
79317,16:59:00,17:00:00,340,6,0,0
79317,17:03:00,17:04:00,346,7,0,0
79317,17:08:00,17:09:00,520,8,0,0
79317,17:12:00,17:13:00,388,9,0,0
79317,17:15:00,17:16:00,387,10,0,0
79317,17:17:00,17:18:00,500,11,0,0
79317,17:20:00,17:21:00,386,12,0,0
79317,17:24:00,17:25:00,1,13,0,0
79318,16:52:00,16:53:00,349,1,0,0
79318,16:57:00,16:58:00,237,2,0,0
79318,17:03:00,17:04:00,342,3,0,0
79318,17:19:00,17:20:00,232,4,0,0
79318,17:24:00,17:25:00,239,5,0,0
79318,17:31:00,17:32:00,340,6,0,0
79318,17:36:00,17:37:00,346,7,0,0
79318,17:42:00,17:43:00,520,8,0,0
79318,17:47:00,17:48:00,388,9,0,0
79318,17:51:00,17:52:00,387,10,0,0
79318,17:54:00,17:55:00,500,11,0,0
79318,17:58:00,17:59:00,386,12,0,0
79318,18:03:00,18:04:00,1,13,0,0
79320,17:36:00,17:37:00,349,1,0,0
79320,17:40:00,17:41:00,237,2,0,0
79320,17:44:00,17:45:00,342,3,0,0
79320,17:47:00,17:48:00,232,4,0,0
79320,17:51:00,17:52:00,239,5,0,0
79320,17:59:00,18:00:00,340,6,0,0
79320,18:03:00,18:04:00,346,7,0,0
79320,18:08:00,18:09:00,520,8,0,0
79320,18:11:00,18:12:00,388,9,0,0
79320,18:15:00,18:16:00,387,10,0,0
79320,18:17:00,18:18:00,500,11,0,0
79320,18:20:00,18:21:00,386,12,0,0
79320,18:24:00,18:25:00,1,13,0,0
79321,18:37:00,18:38:00,349,1,0,0
79321,18:41:00,18:42:00,237,2,0,0
79321,18:45:00,18:46:00,342,3,0,0
79321,18:51:00,18:52:00,232,4,0,0
79321,18:55:00,18:56:00,239,5,0,0
79321,19:00:00,19:01:00,340,6,0,0
79321,19:04:00,19:05:00,346,7,0,0
79321,19:09:00,19:10:00,520,8,0,0
79321,19:13:00,19:14:00,388,9,0,0
79321,19:16:00,19:17:00,387,10,0,0
79321,19:18:00,19:19:00,500,11,0,0
79321,19:21:00,19:22:00,386,12,0,0
79321,19:25:00,19:26:00,1,13,0,0
79323,18:59:00,19:00:00,349,1,0,0
79323,19:03:00,19:04:00,237,2,0,0
79323,19:07:00,19:08:00,342,3,0,0
79323,19:10:00,19:11:00,232,4,0,0
79323,19:14:00,19:15:00,239,5,0,0
79323,19:19:00,19:20:00,340,6,0,0
79323,19:23:00,19:24:00,346,7,0,0
79323,19:28:00,19:29:00,520,8,0,0
79323,19:32:00,19:33:00,388,9,0,0
79323,19:35:00,19:36:00,387,10,0,0
79323,19:37:00,19:38:00,500,11,0,0
79323,19:40:00,19:41:00,386,12,0,0
79323,19:44:00,19:45:00,1,13,0,0
79460,19:23:00,19:24:00,349,1,0,0
79460,19:27:00,19:28:00,237,2,0,0
79460,19:31:00,19:32:00,342,3,0,0
79460,19:40:00,19:41:00,340,4,0,0
79460,19:44:00,19:45:00,346,5,0,0
79460,19:49:00,19:50:00,520,6,0,0
79460,19:53:00,19:54:00,388,7,0,0
79460,19:56:00,19:57:00,387,8,0,0
79460,19:58:00,19:59:00,500,9,0,0
79460,20:01:00,20:02:00,386,10,0,0
79460,20:05:00,20:06:00,1,11,0,0
79326,19:38:00,19:39:00,349,1,0,0
79326,19:42:00,19:43:00,237,2,0,0
79326,19:46:00,19:47:00,342,3,0,0
79326,19:49:00,19:50:00,232,4,0,0
79326,19:53:00,19:54:00,239,5,0,0
79326,19:59:00,20:00:00,340,6,0,0
79326,20:03:00,20:04:00,346,7,0,0
79326,20:08:00,20:09:00,520,8,0,0
79326,20:12:00,20:13:00,388,9,0,0
79326,20:15:00,20:16:00,387,10,0,0
79326,20:17:00,20:18:00,500,11,0,0
79326,20:20:00,20:21:00,386,12,0,0
79326,20:24:00,20:25:00,1,13,0,0
79327,20:38:00,20:39:00,349,1,0,0
79327,20:42:00,20:43:00,237,2,0,0
79327,20:46:00,20:47:00,342,3,0,0
79327,20:49:00,20:50:00,232,4,0,0
79327,20:53:00,20:54:00,239,5,0,0
79327,20:59:00,21:00:00,340,6,0,0
79327,21:03:00,21:04:00,346,7,0,0
79327,21:08:00,21:09:00,520,8,0,0
79327,21:12:00,21:13:00,388,9,0,0
79327,21:15:00,21:16:00,387,10,0,0
79327,21:17:00,21:18:00,500,11,0,0
79327,21:20:00,21:21:00,386,12,0,0
79327,21:24:00,21:25:00,1,13,0,0
79329,21:38:00,21:39:00,349,1,0,0
79329,21:42:00,21:43:00,237,2,0,0
79329,21:46:00,21:47:00,342,3,0,0
79329,21:49:00,21:50:00,232,4,0,0
79329,21:53:00,21:54:00,239,5,0,0
79329,21:59:00,22:00:00,340,6,0,0
79329,22:03:00,22:04:00,346,7,0,0
79329,22:08:00,22:09:00,520,8,0,0
79329,22:12:00,22:13:00,388,9,0,0
79329,22:15:00,22:16:00,387,10,0,0
79329,22:17:00,22:18:00,500,11,0,0
79329,22:20:00,22:21:00,386,12,0,0
79329,22:24:00,22:25:00,1,13,0,0
79331,22:38:00,22:39:00,349,1,0,0
79331,22:42:00,22:43:00,237,2,0,0
79331,22:46:00,22:47:00,342,3,0,0
79331,22:49:00,22:50:00,232,4,0,0
79331,22:53:00,22:54:00,239,5,0,0
79331,22:59:00,23:00:00,340,6,0,0
79331,23:03:00,23:04:00,346,7,0,0
79331,23:08:00,23:09:00,520,8,0,0
79331,23:12:00,23:13:00,388,9,0,0
79331,23:15:00,23:16:00,387,10,0,0
79331,23:17:00,23:18:00,500,11,0,0
79331,23:20:00,23:21:00,386,12,0,0
79331,23:24:00,23:25:00,1,13,0,0
79224,08:19:00,08:20:00,358,1,0,0
79224,08:23:00,08:24:00,213,2,0,0
79224,08:26:00,08:27:00,305,3,0,0
79224,08:28:00,08:29:00,392,4,0,0
79224,08:30:00,08:31:00,248,5,0,0
79224,08:33:00,08:34:00,391,6,0,0
79224,08:39:00,08:40:00,386,7,0,0
79224,08:43:00,08:44:00,1,8,0,0
78095,23:04:00,23:05:00,358,1,0,0
78095,23:08:00,23:09:00,213,2,0,0
78095,23:12:00,23:13:00,305,3,0,0
78095,23:14:00,23:15:00,392,4,0,0
78095,23:17:00,23:18:00,248,5,0,0
78095,23:19:00,23:20:00,391,6,0,0
78095,23:24:00,23:25:00,386,7,0,0
78095,23:28:00,23:29:00,1,8,0,0
78063,11:51:00,11:52:00,396,1,0,0
78063,11:55:00,11:56:00,328,2,0,0
78063,12:00:00,12:01:00,395,3,0,0
78063,12:08:00,12:09:00,286,4,0,0
78063,12:11:00,12:12:00,275,5,0,0
78063,12:17:00,12:18:00,394,6,0,0
78063,12:23:00,12:24:00,393,7,0,0
78063,12:25:00,12:26:00,207,8,0,0
78063,12:27:00,12:28:00,322,9,0,0
78063,12:29:00,12:30:00,359,10,0,0
78063,12:31:00,12:32:00,336,11,0,0
78063,12:35:00,12:36:00,252,12,0,0
78063,12:41:00,12:42:00,316,13,0,0
78063,12:43:00,12:44:00,255,14,0,0
78063,12:46:00,12:47:00,229,15,0,0
78063,12:49:00,12:50:00,296,16,0,0
78063,12:51:00,12:52:00,358,17,0,0
78063,12:55:00,12:56:00,213,18,0,0
78063,12:59:00,13:00:00,305,19,0,0
78063,13:01:00,13:02:00,392,20,0,0
78063,13:03:00,13:04:00,248,21,0,0
78063,13:06:00,13:07:00,391,22,0,0
78063,13:10:00,13:11:00,386,23,0,0
78063,13:14:00,13:15:00,1,24,0,0
78042,04:13:00,04:14:00,397,1,0,0
78042,04:18:00,04:19:00,396,2,0,0
78042,04:22:00,04:23:00,328,3,0,0
78042,04:27:00,04:28:00,395,4,0,0
78042,04:35:00,04:36:00,286,5,0,0
78042,04:38:00,04:39:00,275,6,0,0
78042,04:44:00,04:45:00,394,7,0,0
78042,04:50:00,04:51:00,393,8,0,0
78042,04:52:00,04:53:00,207,9,0,0
78042,04:54:00,04:55:00,322,10,0,0
78042,04:56:00,04:57:00,359,11,0,0
78042,04:58:00,04:59:00,336,12,0,0
78042,05:02:00,05:03:00,252,13,0,0
78042,05:08:00,05:09:00,316,14,0,0
78042,05:10:00,05:11:00,255,15,0,0
78042,05:13:00,05:14:00,229,16,0,0
78042,05:16:00,05:17:00,296,17,0,0
78042,05:18:00,05:19:00,358,18,0,0
78042,05:22:00,05:23:00,213,19,0,0
78042,05:26:00,05:27:00,305,20,0,0
78042,05:28:00,05:29:00,392,21,0,0
78042,05:30:00,05:31:00,248,22,0,0
78042,05:33:00,05:34:00,391,23,0,0
78042,05:39:00,05:40:00,386,24,0,0
78042,05:43:00,05:44:00,1,25,0,0
78043,05:00:00,05:01:00,397,1,0,0
78043,05:05:00,05:06:00,396,2,0,0
78043,05:09:00,05:10:00,328,3,0,0
78043,05:14:00,05:15:00,395,4,0,0
78043,05:22:00,05:23:00,286,5,0,0
78043,05:25:00,05:26:00,275,6,0,0
78043,05:31:00,05:32:00,394,7,0,0
78043,05:37:00,05:38:00,393,8,0,0
78043,05:39:00,05:40:00,207,9,0,0
78043,05:41:00,05:42:00,322,10,0,0
78043,05:43:00,05:44:00,359,11,0,0
78043,05:45:00,05:46:00,336,12,0,0
78043,05:49:00,05:50:00,252,13,0,0
78043,05:55:00,05:56:00,316,14,0,0
78043,05:57:00,05:58:00,255,15,0,0
78043,06:00:00,06:01:00,229,16,0,0
78043,06:03:00,06:04:00,296,17,0,0
78043,06:05:00,06:06:00,358,18,0,0
78043,06:09:00,06:10:00,213,19,0,0
78043,06:13:00,06:14:00,305,20,0,0
78043,06:15:00,06:16:00,392,21,0,0
78043,06:17:00,06:18:00,248,22,0,0
78043,06:20:00,06:21:00,391,23,0,0
78043,06:24:00,06:25:00,386,24,0,0
78043,06:28:00,06:29:00,1,25,0,0
78046,05:58:00,05:59:00,397,1,0,0
78046,06:03:00,06:04:00,396,2,0,0
78046,06:07:00,06:08:00,328,3,0,0
78046,06:12:00,06:13:00,395,4,0,0
78046,06:22:00,06:23:00,286,5,0,0
78046,06:25:00,06:26:00,275,6,0,0
78046,06:31:00,06:32:00,394,7,0,0
78046,06:37:00,06:38:00,393,8,0,0
78046,06:39:00,06:40:00,207,9,0,0
78046,06:41:00,06:42:00,322,10,0,0
78046,06:43:00,06:44:00,359,11,0,0
78046,06:45:00,06:46:00,336,12,0,0
78046,06:49:00,06:50:00,252,13,0,0
78046,06:55:00,06:56:00,316,14,0,0
78046,06:57:00,06:58:00,255,15,0,0
78046,07:00:00,07:01:00,229,16,0,0
78046,07:03:00,07:04:00,296,17,0,0
78046,07:05:00,07:06:00,358,18,0,0
78046,07:09:00,07:10:00,213,19,0,0
78046,07:13:00,07:14:00,305,20,0,0
78046,07:15:00,07:16:00,392,21,0,0
78046,07:17:00,07:18:00,248,22,0,0
78046,07:20:00,07:21:00,391,23,0,0
78046,07:24:00,07:25:00,386,24,0,0
78046,07:28:00,07:29:00,1,25,0,0
78049,06:58:00,06:59:00,397,1,0,0
78049,07:03:00,07:04:00,396,2,0,0
78049,07:07:00,07:08:00,328,3,0,0
78049,07:12:00,07:13:00,395,4,0,0
78049,07:22:00,07:23:00,286,5,0,0
78049,07:25:00,07:26:00,275,6,0,0
78049,07:31:00,07:32:00,394,7,0,0
78049,07:37:00,07:38:00,393,8,0,0
78049,07:39:00,07:40:00,207,9,0,0
78049,07:41:00,07:42:00,322,10,0,0
78049,07:43:00,07:44:00,359,11,0,0
78049,07:45:00,07:46:00,336,12,0,0
78049,07:49:00,07:50:00,252,13,0,0
78049,07:55:00,07:56:00,316,14,0,0
78049,07:57:00,07:58:00,255,15,0,0
78049,08:00:00,08:01:00,229,16,0,0
78049,08:03:00,08:04:00,296,17,0,0
78049,08:05:00,08:06:00,358,18,0,0
78049,08:09:00,08:10:00,213,19,0,0
78049,08:13:00,08:14:00,305,20,0,0
78049,08:15:00,08:16:00,392,21,0,0
78049,08:17:00,08:18:00,248,22,0,0
78049,08:20:00,08:21:00,391,23,0,0
78049,08:24:00,08:25:00,386,24,0,0
78049,08:28:00,08:29:00,1,25,0,0
78052,07:58:00,07:59:00,397,1,0,0
78052,08:03:00,08:04:00,396,2,0,0
78052,08:07:00,08:08:00,328,3,0,0
78052,08:12:00,08:13:00,395,4,0,0
78052,08:22:00,08:23:00,286,5,0,0
78052,08:25:00,08:26:00,275,6,0,0
78052,08:31:00,08:32:00,394,7,0,0
78052,08:37:00,08:38:00,393,8,0,0
78052,08:39:00,08:40:00,207,9,0,0
78052,08:41:00,08:42:00,322,10,0,0
78052,08:43:00,08:44:00,359,11,0,0
78052,08:45:00,08:46:00,336,12,0,0
78052,08:49:00,08:50:00,252,13,0,0
78052,08:55:00,08:56:00,316,14,0,0
78052,08:57:00,08:58:00,255,15,0,0
78052,09:00:00,09:01:00,229,16,0,0
78052,09:03:00,09:04:00,296,17,0,0
78052,09:05:00,09:06:00,358,18,0,0
78052,09:09:00,09:10:00,213,19,0,0
78052,09:13:00,09:14:00,305,20,0,0
78052,09:15:00,09:16:00,392,21,0,0
78052,09:17:00,09:18:00,248,22,0,0
78052,09:20:00,09:21:00,391,23,0,0
78052,09:24:00,09:25:00,386,24,0,0
78052,09:28:00,09:29:00,1,25,0,0
78055,08:58:00,08:59:00,397,1,0,0
78055,09:03:00,09:04:00,396,2,0,0
78055,09:07:00,09:08:00,328,3,0,0
78055,09:12:00,09:13:00,395,4,0,0
78055,09:22:00,09:23:00,286,5,0,0
78055,09:25:00,09:26:00,275,6,0,0
78055,09:31:00,09:32:00,394,7,0,0
78055,09:37:00,09:38:00,393,8,0,0
78055,09:39:00,09:40:00,207,9,0,0
78055,09:41:00,09:42:00,322,10,0,0
78055,09:43:00,09:44:00,359,11,0,0
78055,09:45:00,09:46:00,336,12,0,0
78055,09:49:00,09:50:00,252,13,0,0
78055,09:55:00,09:56:00,316,14,0,0
78055,09:57:00,09:58:00,255,15,0,0
78055,10:00:00,10:01:00,229,16,0,0
78055,10:03:00,10:04:00,296,17,0,0
78055,10:05:00,10:06:00,358,18,0,0
78055,10:09:00,10:10:00,213,19,0,0
78055,10:13:00,10:14:00,305,20,0,0
78055,10:15:00,10:16:00,392,21,0,0
78055,10:17:00,10:18:00,248,22,0,0
78055,10:20:00,10:21:00,391,23,0,0
78055,10:24:00,10:25:00,386,24,0,0
78055,10:28:00,10:29:00,1,25,0,0
78058,09:58:00,09:59:00,397,1,0,0
78058,10:03:00,10:04:00,396,2,0,0
78058,10:07:00,10:08:00,328,3,0,0
78058,10:12:00,10:13:00,395,4,0,0
78058,10:22:00,10:23:00,286,5,0,0
78058,10:25:00,10:26:00,275,6,0,0
78058,10:31:00,10:32:00,394,7,0,0
78058,10:37:00,10:38:00,393,8,0,0
78058,10:39:00,10:40:00,207,9,0,0
78058,10:41:00,10:42:00,322,10,0,0
78058,10:43:00,10:44:00,359,11,0,0
78058,10:45:00,10:46:00,336,12,0,0
78058,10:49:00,10:50:00,252,13,0,0
78058,10:55:00,10:56:00,316,14,0,0
78058,10:57:00,10:58:00,255,15,0,0
78058,11:00:00,11:01:00,229,16,0,0
78058,11:03:00,11:04:00,296,17,0,0
78058,11:05:00,11:06:00,358,18,0,0
78058,11:09:00,11:10:00,213,19,0,0
78058,11:13:00,11:14:00,305,20,0,0
78058,11:15:00,11:16:00,392,21,0,0
78058,11:17:00,11:18:00,248,22,0,0
78058,11:20:00,11:21:00,391,23,0,0
78058,11:24:00,11:25:00,386,24,0,0
78058,11:28:00,11:29:00,1,25,0,0
78061,10:58:00,10:59:00,397,1,0,0
78061,11:03:00,11:04:00,396,2,0,0
78061,11:07:00,11:08:00,328,3,0,0
78061,11:12:00,11:13:00,395,4,0,0
78061,11:22:00,11:23:00,286,5,0,0
78061,11:25:00,11:26:00,275,6,0,0
78061,11:31:00,11:32:00,394,7,0,0
78061,11:37:00,11:38:00,393,8,0,0
78061,11:39:00,11:40:00,207,9,0,0
78061,11:41:00,11:42:00,322,10,0,0
78061,11:43:00,11:44:00,359,11,0,0
78061,11:45:00,11:46:00,336,12,0,0
78061,11:49:00,11:50:00,252,13,0,0
78061,11:55:00,11:56:00,316,14,0,0
78061,11:57:00,11:58:00,255,15,0,0
78061,12:00:00,12:01:00,229,16,0,0
78061,12:03:00,12:04:00,296,17,0,0
78061,12:05:00,12:06:00,358,18,0,0
78061,12:09:00,12:10:00,213,19,0,0
78061,12:13:00,12:14:00,305,20,0,0
78061,12:15:00,12:16:00,392,21,0,0
78061,12:17:00,12:18:00,248,22,0,0
78061,12:20:00,12:21:00,391,23,0,0
78061,12:24:00,12:25:00,386,24,0,0
78061,12:28:00,12:29:00,1,25,0,0
78068,13:44:00,13:45:00,397,1,0,0
78068,13:49:00,13:50:00,396,2,0,0
78068,13:53:00,13:54:00,328,3,0,0
78068,13:58:00,13:59:00,395,4,0,0
78068,14:08:00,14:09:00,286,5,0,0
78068,14:11:00,14:12:00,275,6,0,0
78068,14:17:00,14:18:00,394,7,0,0
78068,14:23:00,14:24:00,393,8,0,0
78068,14:25:00,14:26:00,207,9,0,0
78068,14:27:00,14:28:00,322,10,0,0
78068,14:29:00,14:30:00,359,11,0,0
78068,14:31:00,14:32:00,336,12,0,0
78068,14:35:00,14:36:00,252,13,0,0
78068,14:41:00,14:42:00,316,14,0,0
78068,14:43:00,14:44:00,255,15,0,0
78068,14:46:00,14:47:00,229,16,0,0
78068,14:49:00,14:50:00,296,17,0,0
78068,14:51:00,14:52:00,358,18,0,0
78068,14:55:00,14:56:00,213,19,0,0
78068,14:59:00,15:00:00,305,20,0,0
78068,15:01:00,15:02:00,392,21,0,0
78068,15:03:00,15:04:00,248,22,0,0
78068,15:06:00,15:07:00,391,23,0,0
78068,15:10:00,15:11:00,386,24,0,0
78068,15:14:00,15:15:00,1,25,0,0
78071,14:44:00,14:45:00,397,1,0,0
78071,14:49:00,14:50:00,396,2,0,0
78071,14:53:00,14:54:00,328,3,0,0
78071,14:58:00,14:59:00,395,4,0,0
78071,15:08:00,15:09:00,286,5,0,0
78071,15:11:00,15:12:00,275,6,0,0
78071,15:17:00,15:18:00,394,7,0,0
78071,15:23:00,15:24:00,393,8,0,0
78071,15:25:00,15:26:00,207,9,0,0
78071,15:27:00,15:28:00,322,10,0,0
78071,15:29:00,15:30:00,359,11,0,0
78071,15:31:00,15:32:00,336,12,0,0
78071,15:35:00,15:36:00,252,13,0,0
78071,15:41:00,15:42:00,316,14,0,0
78071,15:43:00,15:44:00,255,15,0,0
78071,15:46:00,15:47:00,229,16,0,0
78071,15:49:00,15:50:00,296,17,0,0
78071,15:51:00,15:52:00,358,18,0,0
78071,15:55:00,15:56:00,213,19,0,0
78071,15:59:00,16:00:00,305,20,0,0
78071,16:01:00,16:02:00,392,21,0,0
78071,16:03:00,16:04:00,248,22,0,0
78071,16:06:00,16:07:00,391,23,0,0
78071,16:10:00,16:11:00,386,24,0,0
78071,16:14:00,16:15:00,1,25,0,0
78075,15:44:00,15:45:00,397,1,0,0
78075,15:49:00,15:50:00,396,2,0,0
78075,15:53:00,15:54:00,328,3,0,0
78075,15:58:00,15:59:00,395,4,0,0
78075,16:08:00,16:09:00,286,5,0,0
78075,16:11:00,16:12:00,275,6,0,0
78075,16:17:00,16:18:00,394,7,0,0
78075,16:23:00,16:24:00,393,8,0,0
78075,16:25:00,16:26:00,207,9,0,0
78075,16:27:00,16:28:00,322,10,0,0
78075,16:29:00,16:30:00,359,11,0,0
78075,16:31:00,16:32:00,336,12,0,0
78075,16:35:00,16:36:00,252,13,0,0
78075,16:41:00,16:42:00,316,14,0,0
78075,16:43:00,16:44:00,255,15,0,0
78075,16:46:00,16:47:00,229,16,0,0
78075,16:49:00,16:50:00,296,17,0,0
78075,16:51:00,16:52:00,358,18,0,0
78075,16:55:00,16:56:00,213,19,0,0
78075,16:59:00,17:00:00,305,20,0,0
78075,17:01:00,17:02:00,392,21,0,0
78075,17:03:00,17:04:00,248,22,0,0
78075,17:06:00,17:07:00,391,23,0,0
78075,17:10:00,17:11:00,386,24,0,0
78075,17:14:00,17:15:00,1,25,0,0
78078,16:44:00,16:45:00,397,1,0,0
78078,16:49:00,16:50:00,396,2,0,0
78078,16:53:00,16:54:00,328,3,0,0
78078,16:58:00,16:59:00,395,4,0,0
78078,17:08:00,17:09:00,286,5,0,0
78078,17:11:00,17:12:00,275,6,0,0
78078,17:17:00,17:18:00,394,7,0,0
78078,17:23:00,17:24:00,393,8,0,0
78078,17:25:00,17:26:00,207,9,0,0
78078,17:27:00,17:28:00,322,10,0,0
78078,17:29:00,17:30:00,359,11,0,0
78078,17:31:00,17:32:00,336,12,0,0
78078,17:35:00,17:36:00,252,13,0,0
78078,17:41:00,17:42:00,316,14,0,0
78078,17:43:00,17:44:00,255,15,0,0
78078,17:46:00,17:47:00,229,16,0,0
78078,17:49:00,17:50:00,296,17,0,0
78078,17:51:00,17:52:00,358,18,0,0
78078,17:55:00,17:56:00,213,19,0,0
78078,17:59:00,18:00:00,305,20,0,0
78078,18:01:00,18:02:00,392,21,0,0
78078,18:03:00,18:04:00,248,22,0,0
78078,18:06:00,18:07:00,391,23,0,0
78078,18:10:00,18:11:00,386,24,0,0
78078,18:14:00,18:15:00,1,25,0,0
78081,17:44:00,17:45:00,397,1,0,0
78081,17:49:00,17:50:00,396,2,0,0
78081,17:53:00,17:54:00,328,3,0,0
78081,17:58:00,17:59:00,395,4,0,0
78081,18:08:00,18:09:00,286,5,0,0
78081,18:11:00,18:12:00,275,6,0,0
78081,18:17:00,18:18:00,394,7,0,0
78081,18:23:00,18:24:00,393,8,0,0
78081,18:25:00,18:26:00,207,9,0,0
78081,18:27:00,18:28:00,322,10,0,0
78081,18:29:00,18:30:00,359,11,0,0
78081,18:31:00,18:32:00,336,12,0,0
78081,18:35:00,18:36:00,252,13,0,0
78081,18:41:00,18:42:00,316,14,0,0
78081,18:43:00,18:44:00,255,15,0,0
78081,18:46:00,18:47:00,229,16,0,0
78081,18:49:00,18:50:00,296,17,0,0
78081,18:51:00,18:52:00,358,18,0,0
78081,18:55:00,18:56:00,213,19,0,0
78081,18:59:00,19:00:00,305,20,0,0
78081,19:01:00,19:02:00,392,21,0,0
78081,19:03:00,19:04:00,248,22,0,0
78081,19:06:00,19:07:00,391,23,0,0
78081,19:10:00,19:11:00,386,24,0,0
78081,19:14:00,19:15:00,1,25,0,0
78084,18:44:00,18:45:00,397,1,0,0
78084,18:49:00,18:50:00,396,2,0,0
78084,18:53:00,18:54:00,328,3,0,0
78084,18:58:00,18:59:00,395,4,0,0
78084,19:08:00,19:09:00,286,5,0,0
78084,19:11:00,19:12:00,275,6,0,0
78084,19:17:00,19:18:00,394,7,0,0
78084,19:23:00,19:24:00,393,8,0,0
78084,19:25:00,19:26:00,207,9,0,0
78084,19:27:00,19:28:00,322,10,0,0
78084,19:29:00,19:30:00,359,11,0,0
78084,19:31:00,19:32:00,336,12,0,0
78084,19:35:00,19:36:00,252,13,0,0
78084,19:41:00,19:42:00,316,14,0,0
78084,19:43:00,19:44:00,255,15,0,0
78084,19:46:00,19:47:00,229,16,0,0
78084,19:49:00,19:50:00,296,17,0,0
78084,19:51:00,19:52:00,358,18,0,0
78084,19:55:00,19:56:00,213,19,0,0
78084,19:59:00,20:00:00,305,20,0,0
78084,20:01:00,20:02:00,392,21,0,0
78084,20:03:00,20:04:00,248,22,0,0
78084,20:06:00,20:07:00,391,23,0,0
78084,20:10:00,20:11:00,386,24,0,0
78084,20:14:00,20:15:00,1,25,0,0
78087,19:44:00,19:45:00,397,1,0,0
78087,19:49:00,19:50:00,396,2,0,0
78087,19:53:00,19:54:00,328,3,0,0
78087,19:58:00,19:59:00,395,4,0,0
78087,20:08:00,20:09:00,286,5,0,0
78087,20:11:00,20:12:00,275,6,0,0
78087,20:17:00,20:18:00,394,7,0,0
78087,20:23:00,20:24:00,393,8,0,0
78087,20:25:00,20:26:00,207,9,0,0
78087,20:27:00,20:28:00,322,10,0,0
78087,20:29:00,20:30:00,359,11,0,0
78087,20:31:00,20:32:00,336,12,0,0
78087,20:35:00,20:36:00,252,13,0,0
78087,20:41:00,20:42:00,316,14,0,0
78087,20:43:00,20:44:00,255,15,0,0
78087,20:46:00,20:47:00,229,16,0,0
78087,20:49:00,20:50:00,296,17,0,0
78087,20:51:00,20:52:00,358,18,0,0
78087,20:55:00,20:56:00,213,19,0,0
78087,20:59:00,21:00:00,305,20,0,0
78087,21:01:00,21:02:00,392,21,0,0
78087,21:03:00,21:04:00,248,22,0,0
78087,21:06:00,21:07:00,391,23,0,0
78087,21:10:00,21:11:00,386,24,0,0
78087,21:14:00,21:15:00,1,25,0,0
78090,20:44:00,20:45:00,397,1,0,0
78090,20:49:00,20:50:00,396,2,0,0
78090,20:53:00,20:54:00,328,3,0,0
78090,20:58:00,20:59:00,395,4,0,0
78090,21:08:00,21:09:00,286,5,0,0
78090,21:11:00,21:12:00,275,6,0,0
78090,21:17:00,21:18:00,394,7,0,0
78090,21:23:00,21:24:00,393,8,0,0
78090,21:25:00,21:26:00,207,9,0,0
78090,21:27:00,21:28:00,322,10,0,0
78090,21:29:00,21:30:00,359,11,0,0
78090,21:31:00,21:32:00,336,12,0,0
78090,21:35:00,21:36:00,252,13,0,0
78090,21:41:00,21:42:00,316,14,0,0
78090,21:43:00,21:44:00,255,15,0,0
78090,21:46:00,21:47:00,229,16,0,0
78090,21:49:00,21:50:00,296,17,0,0
78090,21:51:00,21:52:00,358,18,0,0
78090,21:55:00,21:56:00,213,19,0,0
78090,21:59:00,22:00:00,305,20,0,0
78090,22:01:00,22:02:00,392,21,0,0
78090,22:03:00,22:04:00,248,22,0,0
78090,22:06:00,22:07:00,391,23,0,0
78090,22:10:00,22:11:00,386,24,0,0
78090,22:14:00,22:15:00,1,25,0,0
78094,21:44:00,21:45:00,397,1,0,0
78094,21:49:00,21:50:00,396,2,0,0
78094,21:53:00,21:54:00,328,3,0,0
78094,21:58:00,21:59:00,395,4,0,0
78094,22:08:00,22:09:00,286,5,0,0
78094,22:11:00,22:12:00,275,6,0,0
78094,22:17:00,22:18:00,394,7,0,0
78094,22:23:00,22:24:00,393,8,0,0
78094,22:25:00,22:26:00,207,9,0,0
78094,22:27:00,22:28:00,322,10,0,0
78094,22:29:00,22:30:00,359,11,0,0
78094,22:31:00,22:32:00,336,12,0,0
78094,22:35:00,22:36:00,252,13,0,0
78094,22:41:00,22:42:00,316,14,0,0
78094,22:43:00,22:44:00,255,15,0,0
78094,22:46:00,22:47:00,229,16,0,0
78094,22:49:00,22:50:00,296,17,0,0
78094,22:51:00,22:52:00,358,18,0,0
78094,22:55:00,22:56:00,213,19,0,0
78094,22:59:00,23:00:00,305,20,0,0
78094,23:01:00,23:02:00,392,21,0,0
78094,23:03:00,23:04:00,248,22,0,0
78094,23:06:00,23:07:00,391,23,0,0
78094,23:10:00,23:11:00,386,24,0,0
78094,23:14:00,23:15:00,1,25,0,0
78096,22:44:00,22:45:00,397,1,0,0
78096,22:49:00,22:50:00,396,2,0,0
78096,22:53:00,22:54:00,328,3,0,0
78096,22:58:00,22:59:00,395,4,0,0
78096,23:08:00,23:09:00,286,5,0,0
78096,23:11:00,23:12:00,275,6,0,0
78096,23:17:00,23:18:00,394,7,0,0
78096,23:23:00,23:24:00,393,8,0,0
78096,23:25:00,23:26:00,207,9,0,0
78096,23:27:00,23:28:00,322,10,0,0
78096,23:29:00,23:30:00,359,11,0,0
78096,23:31:00,23:32:00,336,12,0,0
78096,23:35:00,23:36:00,252,13,0,0
78096,23:41:00,23:42:00,316,14,0,0
78096,23:43:00,23:44:00,255,15,0,0
78096,23:46:00,23:47:00,229,16,0,0
78096,23:49:00,23:50:00,296,17,0,0
78096,23:51:00,23:52:00,358,18,0,0
78096,23:55:00,23:56:00,213,19,0,0
78096,23:59:00,24:00:00,305,20,0,0
78096,24:01:00,24:02:00,392,21,0,0
78096,24:03:00,24:04:00,248,22,0,0
78096,24:06:00,24:07:00,391,23,0,0
78096,24:10:00,24:11:00,386,24,0,0
78096,24:14:00,24:15:00,1,25,0,0
79053,05:22:00,05:23:00,398,1,0,0
79053,05:25:00,05:26:00,352,2,0,0
79053,05:32:00,05:33:00,306,3,0,0
79053,05:37:00,05:38:00,282,4,0,0
79053,05:40:00,05:41:00,230,5,0,0
79053,05:43:00,05:44:00,281,6,0,0
79053,05:46:00,05:47:00,276,7,0,0
79053,05:49:00,05:50:00,258,8,0,0
79053,05:52:00,05:53:00,451,9,0,0
79053,05:55:00,05:56:00,449,10,0,0
79053,05:58:00,05:59:00,452,11,0,0
79053,06:02:00,06:03:00,385,12,0,0
79053,06:04:00,06:05:00,501,13,0,0
79053,06:06:00,06:07:00,382,14,0,0
79053,06:09:00,06:10:00,225,15,0,0
79053,06:15:00,06:16:00,400,16,0,0
79053,06:21:00,06:22:00,1,17,0,0
79057,06:44:00,06:45:00,398,1,0,0
79057,06:47:00,06:48:00,352,2,0,0
79057,06:50:00,06:51:00,310,3,0,0
79057,06:55:00,06:56:00,306,4,0,0
79057,07:00:00,07:01:00,282,5,0,0
79057,07:03:00,07:04:00,230,6,0,0
79057,07:06:00,07:07:00,281,7,0,0
79057,07:09:00,07:10:00,276,8,0,0
79057,07:12:00,07:13:00,258,9,0,0
79057,07:15:00,07:16:00,451,10,0,0
79057,07:18:00,07:19:00,449,11,0,0
79057,07:21:00,07:22:00,452,12,0,0
79057,07:25:00,07:26:00,385,13,0,0
79057,07:27:00,07:28:00,501,14,0,0
79057,07:29:00,07:30:00,382,15,0,0
79057,07:32:00,07:33:00,225,16,0,0
79057,07:34:00,07:35:00,400,17,0,0
79061,07:40:00,07:41:00,398,1,0,0
79061,07:43:00,07:44:00,352,2,0,0
79061,07:46:00,07:47:00,310,3,0,0
79061,07:51:00,07:52:00,306,4,0,0
79061,07:56:00,07:57:00,282,5,0,0
79061,07:59:00,08:00:00,230,6,0,0
79061,08:02:00,08:03:00,281,7,0,0
79061,08:05:00,08:06:00,276,8,0,0
79061,08:08:00,08:09:00,258,9,0,0
79061,08:11:00,08:12:00,451,10,0,0
79061,08:14:00,08:15:00,449,11,0,0
79061,08:17:00,08:18:00,452,12,0,0
79061,08:21:00,08:22:00,385,13,0,0
79061,08:23:00,08:24:00,501,14,0,0
79061,08:25:00,08:26:00,382,15,0,0
79061,08:28:00,08:29:00,225,16,0,0
79061,08:30:00,08:31:00,400,17,0,0
79064,08:50:00,08:51:00,398,1,0,0
79064,08:53:00,08:54:00,352,2,0,0
79064,09:00:00,09:01:00,306,3,0,0
79064,09:05:00,09:06:00,282,4,0,0
79064,09:08:00,09:09:00,230,5,0,0
79064,09:11:00,09:12:00,281,6,0,0
79064,09:14:00,09:15:00,276,7,0,0
79064,09:17:00,09:18:00,258,8,0,0
79064,09:20:00,09:21:00,451,9,0,0
79064,09:23:00,09:24:00,449,10,0,0
79064,09:26:00,09:27:00,452,11,0,0
79064,09:30:00,09:31:00,385,12,0,0
79064,09:32:00,09:33:00,501,13,0,0
79064,09:34:00,09:35:00,382,14,0,0
79064,09:37:00,09:38:00,225,15,0,0
79064,09:39:00,09:40:00,400,16,0,0
79072,11:27:00,11:28:00,398,1,0,0
79072,11:30:00,11:31:00,352,2,0,0
79072,11:33:00,11:34:00,310,3,0,0
79072,11:38:00,11:39:00,306,4,0,0
79072,11:43:00,11:44:00,282,5,0,0
79072,11:46:00,11:47:00,230,6,0,0
79072,11:49:00,11:50:00,281,7,0,0
79072,11:52:00,11:53:00,276,8,0,0
79072,11:55:00,11:56:00,258,9,0,0
79072,11:58:00,11:59:00,451,10,0,0
79072,12:01:00,12:02:00,449,11,0,0
79072,12:04:00,12:05:00,452,12,0,0
79072,12:08:00,12:09:00,385,13,0,0
79072,12:10:00,12:11:00,501,14,0,0
79072,12:12:00,12:13:00,382,15,0,0
79072,12:15:00,12:16:00,225,16,0,0
79072,12:19:00,12:20:00,400,17,0,0
79072,12:28:00,12:29:00,1,18,0,0
79075,13:27:00,13:28:00,398,1,0,0
79075,13:30:00,13:31:00,352,2,0,0
79075,13:33:00,13:34:00,310,3,0,0
79075,13:38:00,13:39:00,306,4,0,0
79075,13:43:00,13:44:00,282,5,0,0
79075,13:46:00,13:47:00,230,6,0,0
79075,13:49:00,13:50:00,281,7,0,0
79075,13:52:00,13:53:00,276,8,0,0
79075,13:55:00,13:56:00,258,9,0,0
79075,13:58:00,13:59:00,451,10,0,0
79075,14:01:00,14:02:00,449,11,0,0
79075,14:04:00,14:05:00,452,12,0,0
79075,14:08:00,14:09:00,385,13,0,0
79075,14:10:00,14:11:00,501,14,0,0
79075,14:12:00,14:13:00,382,15,0,0
79075,14:15:00,14:16:00,225,16,0,0
79075,14:19:00,14:20:00,400,17,0,0
79075,14:28:00,14:29:00,1,18,0,0
79077,13:59:00,14:00:00,398,1,0,0
79077,14:02:00,14:03:00,352,2,0,0
79077,14:09:00,14:10:00,306,3,0,0
79077,14:14:00,14:15:00,282,4,0,0
79077,14:17:00,14:18:00,230,5,0,0
79077,14:20:00,14:21:00,281,6,0,0
79077,14:23:00,14:24:00,276,7,0,0
79077,14:26:00,14:27:00,258,8,0,0
79077,14:29:00,14:30:00,451,9,0,0
79077,14:32:00,14:33:00,449,10,0,0
79077,14:35:00,14:36:00,452,11,0,0
79077,14:39:00,14:40:00,385,12,0,0
79077,14:41:00,14:42:00,501,13,0,0
79077,14:43:00,14:44:00,382,14,0,0
79077,14:46:00,14:47:00,225,15,0,0
79077,14:48:00,14:49:00,400,16,0,0
79081,15:27:00,15:28:00,398,1,0,0
79081,15:30:00,15:31:00,352,2,0,0
79081,15:33:00,15:34:00,310,3,0,0
79081,15:38:00,15:39:00,306,4,0,0
79081,15:43:00,15:44:00,282,5,0,0
79081,15:46:00,15:47:00,230,6,0,0
79081,15:49:00,15:50:00,281,7,0,0
79081,15:52:00,15:53:00,276,8,0,0
79081,15:55:00,15:56:00,258,9,0,0
79081,15:58:00,15:59:00,451,10,0,0
79081,16:01:00,16:02:00,449,11,0,0
79081,16:04:00,16:05:00,452,12,0,0
79081,16:08:00,16:09:00,385,13,0,0
79081,16:10:00,16:11:00,501,14,0,0
79081,16:12:00,16:13:00,382,15,0,0
79081,16:15:00,16:16:00,225,16,0,0
79081,16:19:00,16:20:00,400,17,0,0
79081,16:28:00,16:29:00,1,18,0,0
79093,18:47:00,18:48:00,398,1,0,0
79093,18:50:00,18:51:00,352,2,0,0
79093,18:57:00,18:58:00,306,3,0,0
79093,19:02:00,19:03:00,282,4,0,0
79093,19:05:00,19:06:00,230,5,0,0
79093,19:08:00,19:09:00,281,6,0,0
79093,19:11:00,19:12:00,276,7,0,0
79093,19:14:00,19:15:00,258,8,0,0
79093,19:17:00,19:18:00,451,9,0,0
79093,19:20:00,19:21:00,449,10,0,0
79093,19:23:00,19:24:00,452,11,0,0
79093,19:27:00,19:28:00,385,12,0,0
79093,19:29:00,19:30:00,501,13,0,0
79093,19:31:00,19:32:00,382,14,0,0
79093,19:34:00,19:35:00,225,15,0,0
79093,19:36:00,19:37:00,400,16,0,0
79097,19:46:00,19:47:00,398,1,0,0
79097,19:49:00,19:50:00,352,2,0,0
79097,19:56:00,19:57:00,306,3,0,0
79097,20:01:00,20:02:00,282,4,0,0
79097,20:03:00,20:04:00,230,5,0,0
79097,20:06:00,20:07:00,281,6,0,0
79097,20:09:00,20:10:00,276,7,0,0
79097,20:13:00,20:14:00,258,8,0,0
79097,20:16:00,20:17:00,451,9,0,0
79097,20:18:00,20:19:00,449,10,0,0
79097,20:21:00,20:22:00,452,11,0,0
79097,20:25:00,20:26:00,385,12,0,0
79097,20:27:00,20:28:00,501,13,0,0
79097,20:29:00,20:30:00,382,14,0,0
79097,20:32:00,20:33:00,225,15,0,0
79097,20:34:00,20:35:00,400,16,0,0
79900,18:56:00,18:57:00,398,1,0,0
79900,18:59:00,19:00:00,352,2,0,0
79900,19:06:00,19:07:00,306,3,0,0
79900,19:11:00,19:12:00,282,4,0,0
79900,19:14:00,19:15:00,230,5,0,0
79900,19:17:00,19:18:00,281,6,0,0
79900,19:20:00,19:21:00,276,7,0,0
79900,19:23:00,19:24:00,258,8,0,0
79900,19:26:00,19:27:00,451,9,0,0
79900,19:29:00,19:30:00,449,10,0,0
79900,19:32:00,19:33:00,452,11,0,0
79900,19:36:00,19:37:00,385,12,0,0
79900,19:38:00,19:39:00,501,13,0,0
79900,19:40:00,19:41:00,382,14,0,0
79900,19:43:00,19:44:00,225,15,0,0
79900,19:46:00,19:47:00,400,16,0,0
79900,19:54:00,19:55:00,1,17,0,0
79902,19:56:00,19:57:00,398,1,0,0
79902,19:59:00,20:00:00,352,2,0,0
79902,20:06:00,20:07:00,306,3,0,0
79902,20:11:00,20:12:00,282,4,0,0
79902,20:14:00,20:15:00,230,5,0,0
79902,20:17:00,20:18:00,281,6,0,0
79902,20:20:00,20:21:00,276,7,0,0
79902,20:23:00,20:24:00,258,8,0,0
79902,20:26:00,20:27:00,451,9,0,0
79902,20:29:00,20:30:00,449,10,0,0
79902,20:32:00,20:33:00,452,11,0,0
79902,20:36:00,20:37:00,385,12,0,0
79902,20:38:00,20:39:00,501,13,0,0
79902,20:40:00,20:41:00,382,14,0,0
79902,20:43:00,20:44:00,225,15,0,0
79902,20:46:00,20:47:00,400,16,0,0
79902,20:54:00,20:55:00,1,17,0,0
79905,20:56:00,20:57:00,398,1,0,0
79905,20:59:00,21:00:00,352,2,0,0
79905,21:06:00,21:07:00,306,3,0,0
79905,21:11:00,21:12:00,282,4,0,0
79905,21:14:00,21:15:00,230,5,0,0
79905,21:17:00,21:18:00,281,6,0,0
79905,21:20:00,21:21:00,276,7,0,0
79905,21:23:00,21:24:00,258,8,0,0
79905,21:26:00,21:27:00,451,9,0,0
79905,21:29:00,21:30:00,449,10,0,0
79905,21:32:00,21:33:00,452,11,0,0
79905,21:36:00,21:37:00,385,12,0,0
79905,21:38:00,21:39:00,501,13,0,0
79905,21:40:00,21:41:00,382,14,0,0
79905,21:43:00,21:44:00,225,15,0,0
79905,21:46:00,21:47:00,400,16,0,0
79905,21:54:00,21:55:00,1,17,0,0
79051,04:39:00,04:40:00,399,1,0,0
79051,04:42:00,04:43:00,453,2,0,0
79051,04:45:00,04:46:00,287,3,0,0
79051,04:48:00,04:49:00,398,4,0,0
79051,04:51:00,04:52:00,352,5,0,0
79051,04:54:00,04:55:00,310,6,0,0
79051,04:59:00,05:00:00,306,7,0,0
79051,05:04:00,05:05:00,282,8,0,0
79051,05:07:00,05:08:00,230,9,0,0
79051,05:10:00,05:11:00,281,10,0,0
79051,05:13:00,05:14:00,276,11,0,0
79051,05:16:00,05:17:00,258,12,0,0
79051,05:19:00,05:20:00,451,13,0,0
79051,05:22:00,05:23:00,449,14,0,0
79051,05:25:00,05:26:00,452,15,0,0
79051,05:29:00,05:30:00,385,16,0,0
79051,05:31:00,05:32:00,501,17,0,0
79051,05:33:00,05:34:00,382,18,0,0
79051,05:36:00,05:37:00,225,19,0,0
79051,05:40:00,05:41:00,400,20,0,0
79051,05:49:00,05:50:00,1,21,0,0
79055,06:04:00,06:05:00,399,1,0,0
79055,06:07:00,06:08:00,453,2,0,0
79055,06:10:00,06:11:00,287,3,0,0
79055,06:13:00,06:14:00,398,4,0,0
79055,06:16:00,06:17:00,352,5,0,0
79055,06:19:00,06:20:00,310,6,0,0
79055,06:24:00,06:25:00,306,7,0,0
79055,06:29:00,06:30:00,282,8,0,0
79055,06:32:00,06:33:00,230,9,0,0
79055,06:35:00,06:36:00,281,10,0,0
79055,06:38:00,06:39:00,276,11,0,0
79055,06:41:00,06:42:00,258,12,0,0
79055,06:44:00,06:45:00,451,13,0,0
79055,06:47:00,06:48:00,449,14,0,0
79055,06:50:00,06:51:00,452,15,0,0
79055,06:54:00,06:55:00,385,16,0,0
79055,06:56:00,06:57:00,501,17,0,0
79055,06:58:00,06:59:00,382,18,0,0
79055,07:01:00,07:02:00,225,19,0,0
79055,07:05:00,07:06:00,400,20,0,0
79055,07:14:00,07:15:00,1,21,0,0
79059,07:12:00,07:13:00,399,1,0,0
79059,07:15:00,07:16:00,453,2,0,0
79059,07:18:00,07:19:00,287,3,0,0
79059,07:21:00,07:22:00,398,4,0,0
79059,07:24:00,07:25:00,352,5,0,0
79059,07:27:00,07:28:00,310,6,0,0
79059,07:32:00,07:33:00,306,7,0,0
79059,07:37:00,07:38:00,282,8,0,0
79059,07:40:00,07:41:00,230,9,0,0
79059,07:43:00,07:44:00,281,10,0,0
79059,07:46:00,07:47:00,276,11,0,0
79059,07:49:00,07:50:00,258,12,0,0
79059,07:52:00,07:53:00,451,13,0,0
79059,07:55:00,07:56:00,449,14,0,0
79059,07:58:00,07:59:00,452,15,0,0
79059,08:02:00,08:03:00,385,16,0,0
79059,08:04:00,08:05:00,501,17,0,0
79059,08:06:00,08:07:00,382,18,0,0
79059,08:09:00,08:10:00,225,19,0,0
79059,08:13:00,08:14:00,400,20,0,0
79059,08:22:00,08:23:00,1,21,0,0
79063,08:15:00,08:16:00,399,1,0,0
79063,08:18:00,08:19:00,453,2,0,0
79063,08:21:00,08:22:00,287,3,0,0
79063,08:24:00,08:25:00,398,4,0,0
79063,08:27:00,08:28:00,352,5,0,0
79063,08:30:00,08:31:00,310,6,0,0
79063,08:35:00,08:36:00,306,7,0,0
79063,08:40:00,08:41:00,282,8,0,0
79063,08:43:00,08:44:00,230,9,0,0
79063,08:46:00,08:47:00,281,10,0,0
79063,08:49:00,08:50:00,276,11,0,0
79063,08:52:00,08:53:00,258,12,0,0
79063,08:55:00,08:56:00,451,13,0,0
79063,08:58:00,08:59:00,449,14,0,0
79063,09:01:00,09:02:00,452,15,0,0
79063,09:05:00,09:06:00,385,16,0,0
79063,09:07:00,09:08:00,501,17,0,0
79063,09:09:00,09:10:00,382,18,0,0
79063,09:12:00,09:13:00,225,19,0,0
79063,09:16:00,09:17:00,400,20,0,0
79063,09:25:00,09:26:00,1,21,0,0
79066,09:19:00,09:20:00,399,1,0,0
79066,09:22:00,09:23:00,453,2,0,0
79066,09:25:00,09:26:00,287,3,0,0
79066,09:28:00,09:29:00,398,4,0,0
79066,09:31:00,09:32:00,352,5,0,0
79066,09:34:00,09:35:00,310,6,0,0
79066,09:39:00,09:40:00,306,7,0,0
79066,09:44:00,09:45:00,282,8,0,0
79066,09:46:00,09:47:00,230,9,0,0
79066,09:49:00,09:50:00,281,10,0,0
79066,09:52:00,09:53:00,276,11,0,0
79066,09:56:00,09:57:00,258,12,0,0
79066,09:59:00,10:00:00,451,13,0,0
79066,10:01:00,10:02:00,449,14,0,0
79066,10:04:00,10:05:00,452,15,0,0
79066,10:08:00,10:09:00,385,16,0,0
79066,10:10:00,10:11:00,501,17,0,0
79066,10:12:00,10:13:00,382,18,0,0
79066,10:15:00,10:16:00,225,19,0,0
79066,10:19:00,10:20:00,400,20,0,0
79066,10:28:00,10:29:00,1,21,0,0
79068,10:18:00,10:19:00,399,1,0,0
79068,10:21:00,10:22:00,453,2,0,0
79068,10:24:00,10:25:00,287,3,0,0
79068,10:27:00,10:28:00,398,4,0,0
79068,10:30:00,10:31:00,352,5,0,0
79068,10:33:00,10:34:00,310,6,0,0
79068,10:38:00,10:39:00,306,7,0,0
79068,10:43:00,10:44:00,282,8,0,0
79068,10:46:00,10:47:00,230,9,0,0
79068,10:49:00,10:50:00,281,10,0,0
79068,10:52:00,10:53:00,276,11,0,0
79068,10:55:00,10:56:00,258,12,0,0
79068,10:58:00,10:59:00,451,13,0,0
79068,11:01:00,11:02:00,449,14,0,0
79068,11:04:00,11:05:00,452,15,0,0
79068,11:08:00,11:09:00,385,16,0,0
79068,11:10:00,11:11:00,501,17,0,0
79068,11:12:00,11:13:00,382,18,0,0
79068,11:15:00,11:16:00,225,19,0,0
79068,11:19:00,11:20:00,400,20,0,0
79068,11:28:00,11:29:00,1,21,0,0
79074,12:18:00,12:19:00,399,1,0,0
79074,12:21:00,12:22:00,453,2,0,0
79074,12:24:00,12:25:00,287,3,0,0
79074,12:27:00,12:28:00,398,4,0,0
79074,12:30:00,12:31:00,352,5,0,0
79074,12:33:00,12:34:00,310,6,0,0
79074,12:38:00,12:39:00,306,7,0,0
79074,12:43:00,12:44:00,282,8,0,0
79074,12:46:00,12:47:00,230,9,0,0
79074,12:49:00,12:50:00,281,10,0,0
79074,12:52:00,12:53:00,276,11,0,0
79074,12:55:00,12:56:00,258,12,0,0
79074,12:58:00,12:59:00,451,13,0,0
79074,13:01:00,13:02:00,449,14,0,0
79074,13:04:00,13:05:00,452,15,0,0
79074,13:08:00,13:09:00,385,16,0,0
79074,13:10:00,13:11:00,501,17,0,0
79074,13:12:00,13:13:00,382,18,0,0
79074,13:15:00,13:16:00,225,19,0,0
79074,13:19:00,13:20:00,400,20,0,0
79074,13:28:00,13:29:00,1,21,0,0
79078,14:18:00,14:19:00,399,1,0,0
79078,14:21:00,14:22:00,453,2,0,0
79078,14:24:00,14:25:00,287,3,0,0
79078,14:27:00,14:28:00,398,4,0,0
79078,14:30:00,14:31:00,352,5,0,0
79078,14:33:00,14:34:00,310,6,0,0
79078,14:38:00,14:39:00,306,7,0,0
79078,14:43:00,14:44:00,282,8,0,0
79078,14:46:00,14:47:00,230,9,0,0
79078,14:49:00,14:50:00,281,10,0,0
79078,14:52:00,14:53:00,276,11,0,0
79078,14:55:00,14:56:00,258,12,0,0
79078,14:58:00,14:59:00,451,13,0,0
79078,15:01:00,15:02:00,449,14,0,0
79078,15:04:00,15:05:00,452,15,0,0
79078,15:08:00,15:09:00,385,16,0,0
79078,15:10:00,15:11:00,501,17,0,0
79078,15:12:00,15:13:00,382,18,0,0
79078,15:15:00,15:16:00,225,19,0,0
79078,15:19:00,15:20:00,400,20,0,0
79078,15:28:00,15:29:00,1,21,0,0
79084,16:18:00,16:19:00,399,1,0,0
79084,16:21:00,16:22:00,453,2,0,0
79084,16:24:00,16:25:00,287,3,0,0
79084,16:27:00,16:28:00,398,4,0,0
79084,16:30:00,16:31:00,352,5,0,0
79084,16:33:00,16:34:00,310,6,0,0
79084,16:38:00,16:39:00,306,7,0,0
79084,16:43:00,16:44:00,282,8,0,0
79084,16:46:00,16:47:00,230,9,0,0
79084,16:49:00,16:50:00,281,10,0,0
79084,16:52:00,16:53:00,276,11,0,0
79084,16:55:00,16:56:00,258,12,0,0
79084,16:58:00,16:59:00,451,13,0,0
79084,17:01:00,17:02:00,449,14,0,0
79084,17:04:00,17:05:00,452,15,0,0
79084,17:08:00,17:09:00,385,16,0,0
79084,17:10:00,17:11:00,501,17,0,0
79084,17:12:00,17:13:00,382,18,0,0
79084,17:15:00,17:16:00,225,19,0,0
79084,17:19:00,17:20:00,400,20,0,0
79084,17:28:00,17:29:00,1,21,0,0
79087,17:18:00,17:19:00,399,1,0,0
79087,17:21:00,17:22:00,453,2,0,0
79087,17:24:00,17:25:00,287,3,0,0
79087,17:27:00,17:28:00,398,4,0,0
79087,17:30:00,17:31:00,352,5,0,0
79087,17:33:00,17:34:00,310,6,0,0
79087,17:38:00,17:39:00,306,7,0,0
79087,17:43:00,17:44:00,282,8,0,0
79087,17:46:00,17:47:00,230,9,0,0
79087,17:49:00,17:50:00,281,10,0,0
79087,17:52:00,17:53:00,276,11,0,0
79087,17:55:00,17:56:00,258,12,0,0
79087,17:58:00,17:59:00,451,13,0,0
79087,18:01:00,18:02:00,449,14,0,0
79087,18:04:00,18:05:00,452,15,0,0
79087,18:08:00,18:09:00,385,16,0,0
79087,18:10:00,18:11:00,501,17,0,0
79087,18:12:00,18:13:00,382,18,0,0
79087,18:15:00,18:16:00,225,19,0,0
79087,18:19:00,18:20:00,400,20,0,0
79087,18:28:00,18:29:00,1,21,0,0
79089,18:18:00,18:19:00,399,1,0,0
79089,18:21:00,18:22:00,453,2,0,0
79089,18:24:00,18:25:00,287,3,0,0
79089,18:27:00,18:28:00,398,4,0,0
79089,18:30:00,18:31:00,352,5,0,0
79089,18:33:00,18:34:00,310,6,0,0
79089,18:38:00,18:39:00,306,7,0,0
79089,18:43:00,18:44:00,282,8,0,0
79089,18:46:00,18:47:00,230,9,0,0
79089,18:49:00,18:50:00,281,10,0,0
79089,18:52:00,18:53:00,276,11,0,0
79089,18:55:00,18:56:00,258,12,0,0
79089,18:58:00,18:59:00,451,13,0,0
79089,19:01:00,19:02:00,449,14,0,0
79089,19:04:00,19:05:00,452,15,0,0
79089,19:08:00,19:09:00,385,16,0,0
79089,19:10:00,19:11:00,501,17,0,0
79089,19:12:00,19:13:00,382,18,0,0
79089,19:15:00,19:16:00,225,19,0,0
79089,19:19:00,19:20:00,400,20,0,0
79089,19:28:00,19:29:00,1,21,0,0
79095,19:18:00,19:19:00,399,1,0,0
79095,19:21:00,19:22:00,453,2,0,0
79095,19:24:00,19:25:00,287,3,0,0
79095,19:27:00,19:28:00,398,4,0,0
79095,19:30:00,19:31:00,352,5,0,0
79095,19:33:00,19:34:00,310,6,0,0
79095,19:38:00,19:39:00,306,7,0,0
79095,19:43:00,19:44:00,282,8,0,0
79095,19:46:00,19:47:00,230,9,0,0
79095,19:49:00,19:50:00,281,10,0,0
79095,19:52:00,19:53:00,276,11,0,0
79095,19:55:00,19:56:00,258,12,0,0
79095,19:58:00,19:59:00,451,13,0,0
79095,20:01:00,20:02:00,449,14,0,0
79095,20:04:00,20:05:00,452,15,0,0
79095,20:08:00,20:09:00,385,16,0,0
79095,20:10:00,20:11:00,501,17,0,0
79095,20:12:00,20:13:00,382,18,0,0
79095,20:15:00,20:16:00,225,19,0,0
79095,20:19:00,20:20:00,400,20,0,0
79095,20:28:00,20:29:00,1,21,0,0
79100,20:18:00,20:19:00,399,1,0,0
79100,20:21:00,20:22:00,453,2,0,0
79100,20:24:00,20:25:00,287,3,0,0
79100,20:27:00,20:28:00,398,4,0,0
79100,20:30:00,20:31:00,352,5,0,0
79100,20:33:00,20:34:00,310,6,0,0
79100,20:38:00,20:39:00,306,7,0,0
79100,20:43:00,20:44:00,282,8,0,0
79100,20:46:00,20:47:00,230,9,0,0
79100,20:49:00,20:50:00,281,10,0,0
79100,20:52:00,20:53:00,276,11,0,0
79100,20:55:00,20:56:00,258,12,0,0
79100,20:58:00,20:59:00,451,13,0,0
79100,21:01:00,21:02:00,449,14,0,0
79100,21:04:00,21:05:00,452,15,0,0
79100,21:08:00,21:09:00,385,16,0,0
79100,21:10:00,21:11:00,501,17,0,0
79100,21:12:00,21:13:00,382,18,0,0
79100,21:15:00,21:16:00,225,19,0,0
79100,21:19:00,21:20:00,400,20,0,0
79100,21:28:00,21:29:00,1,21,0,0
79101,21:18:00,21:19:00,399,1,0,0
79101,21:21:00,21:22:00,453,2,0,0
79101,21:24:00,21:25:00,287,3,0,0
79101,21:27:00,21:28:00,398,4,0,0
79101,21:30:00,21:31:00,352,5,0,0
79101,21:33:00,21:34:00,310,6,0,0
79101,21:38:00,21:39:00,306,7,0,0
79101,21:43:00,21:44:00,282,8,0,0
79101,21:46:00,21:47:00,230,9,0,0
79101,21:49:00,21:50:00,281,10,0,0
79101,21:52:00,21:53:00,276,11,0,0
79101,21:55:00,21:56:00,258,12,0,0
79101,21:58:00,21:59:00,451,13,0,0
79101,22:01:00,22:02:00,449,14,0,0
79101,22:04:00,22:05:00,452,15,0,0
79101,22:08:00,22:09:00,385,16,0,0
79101,22:10:00,22:11:00,501,17,0,0
79101,22:12:00,22:13:00,382,18,0,0
79101,22:15:00,22:16:00,225,19,0,0
79101,22:19:00,22:20:00,400,20,0,0
79101,22:28:00,22:29:00,1,21,0,0
79103,22:18:00,22:19:00,399,1,0,0
79103,22:21:00,22:22:00,453,2,0,0
79103,22:24:00,22:25:00,287,3,0,0
79103,22:27:00,22:28:00,398,4,0,0
79103,22:30:00,22:31:00,352,5,0,0
79103,22:33:00,22:34:00,310,6,0,0
79103,22:38:00,22:39:00,306,7,0,0
79103,22:43:00,22:44:00,282,8,0,0
79103,22:46:00,22:47:00,230,9,0,0
79103,22:49:00,22:50:00,281,10,0,0
79103,22:52:00,22:53:00,276,11,0,0
79103,22:55:00,22:56:00,258,12,0,0
79103,22:58:00,22:59:00,451,13,0,0
79103,23:01:00,23:02:00,449,14,0,0
79103,23:04:00,23:05:00,452,15,0,0
79103,23:08:00,23:09:00,385,16,0,0
79103,23:10:00,23:11:00,501,17,0,0
79103,23:12:00,23:13:00,382,18,0,0
79103,23:15:00,23:16:00,225,19,0,0
79103,23:19:00,23:20:00,400,20,0,0
79103,23:28:00,23:29:00,1,21,0,0
79901,19:18:00,19:19:00,399,1,0,0
79901,19:21:00,19:22:00,453,2,0,0
79901,19:24:00,19:25:00,287,3,0,0
79901,19:27:00,19:28:00,398,4,0,0
79901,19:30:00,19:31:00,352,5,0,0
79901,19:33:00,19:34:00,310,6,0,0
79901,19:38:00,19:39:00,306,7,0,0
79901,19:43:00,19:44:00,282,8,0,0
79901,19:46:00,19:47:00,230,9,0,0
79901,19:49:00,19:50:00,281,10,0,0
79901,19:52:00,19:53:00,276,11,0,0
79901,19:55:00,19:56:00,258,12,0,0
79901,19:58:00,19:59:00,451,13,0,0
79901,20:01:00,20:02:00,449,14,0,0
79901,20:04:00,20:05:00,452,15,0,0
79901,20:08:00,20:09:00,385,16,0,0
79901,20:10:00,20:11:00,501,17,0,0
79901,20:12:00,20:13:00,382,18,0,0
79901,20:15:00,20:16:00,225,19,0,0
79901,20:18:00,20:19:00,400,20,0,0
79901,20:26:00,20:27:00,1,21,0,0
79904,20:16:00,20:17:00,399,1,0,0
79904,20:19:00,20:20:00,453,2,0,0
79904,20:22:00,20:23:00,287,3,0,0
79904,20:25:00,20:26:00,398,4,0,0
79904,20:28:00,20:29:00,352,5,0,0
79904,20:31:00,20:32:00,310,6,0,0
79904,20:36:00,20:37:00,306,7,0,0
79904,20:41:00,20:42:00,282,8,0,0
79904,20:44:00,20:45:00,230,9,0,0
79904,20:47:00,20:48:00,281,10,0,0
79904,20:50:00,20:51:00,276,11,0,0
79904,20:53:00,20:54:00,258,12,0,0
79904,20:56:00,20:57:00,451,13,0,0
79904,20:59:00,21:00:00,449,14,0,0
79904,21:02:00,21:03:00,452,15,0,0
79904,21:06:00,21:07:00,385,16,0,0
79904,21:08:00,21:09:00,501,17,0,0
79904,21:10:00,21:11:00,382,18,0,0
79904,21:13:00,21:14:00,225,19,0,0
79904,21:16:00,21:17:00,400,20,0,0
79904,21:24:00,21:25:00,1,21,0,0
79906,21:16:00,21:17:00,399,1,0,0
79906,21:19:00,21:20:00,453,2,0,0
79906,21:22:00,21:23:00,287,3,0,0
79906,21:25:00,21:26:00,398,4,0,0
79906,21:28:00,21:29:00,352,5,0,0
79906,21:31:00,21:32:00,310,6,0,0
79906,21:36:00,21:37:00,306,7,0,0
79906,21:41:00,21:42:00,282,8,0,0
79906,21:44:00,21:45:00,230,9,0,0
79906,21:47:00,21:48:00,281,10,0,0
79906,21:50:00,21:51:00,276,11,0,0
79906,21:53:00,21:54:00,258,12,0,0
79906,21:56:00,21:57:00,451,13,0,0
79906,21:59:00,22:00:00,449,14,0,0
79906,22:02:00,22:03:00,452,15,0,0
79906,22:06:00,22:07:00,385,16,0,0
79906,22:08:00,22:09:00,501,17,0,0
79906,22:10:00,22:11:00,382,18,0,0
79906,22:13:00,22:14:00,225,19,0,0
79906,22:16:00,22:17:00,400,20,0,0
79906,22:24:00,22:25:00,1,21,0,0
79907,22:16:00,22:17:00,399,1,0,0
79907,22:19:00,22:20:00,453,2,0,0
79907,22:22:00,22:23:00,287,3,0,0
79907,22:25:00,22:26:00,398,4,0,0
79907,22:28:00,22:29:00,352,5,0,0
79907,22:31:00,22:32:00,310,6,0,0
79907,22:36:00,22:37:00,306,7,0,0
79907,22:41:00,22:42:00,282,8,0,0
79907,22:44:00,22:45:00,230,9,0,0
79907,22:47:00,22:48:00,281,10,0,0
79907,22:50:00,22:51:00,276,11,0,0
79907,22:53:00,22:54:00,258,12,0,0
79907,22:56:00,22:57:00,451,13,0,0
79907,22:59:00,23:00:00,449,14,0,0
79907,23:02:00,23:03:00,452,15,0,0
79907,23:06:00,23:07:00,385,16,0,0
79907,23:08:00,23:09:00,501,17,0,0
79907,23:10:00,23:11:00,382,18,0,0
79907,23:13:00,23:14:00,225,19,0,0
79907,23:16:00,23:17:00,400,20,0,0
79907,23:24:00,23:25:00,1,21,0,0
78987,07:44:00,07:45:00,400,1,0,0
78987,07:46:00,07:47:00,225,2,0,0
78987,07:49:00,07:50:00,382,3,0,0
78987,07:51:00,07:52:00,501,4,0,0
78987,07:53:00,07:54:00,385,5,0,0
78987,07:57:00,07:58:00,452,6,0,0
78987,08:00:00,08:01:00,449,7,0,0
78987,08:03:00,08:04:00,451,8,0,0
78987,08:06:00,08:07:00,258,9,0,0
78987,08:09:00,08:10:00,276,10,0,0
78987,08:12:00,08:13:00,281,11,0,0
78987,08:16:00,08:17:00,230,12,0,0
78987,08:18:00,08:19:00,282,13,0,0
78987,08:23:00,08:24:00,306,14,0,0
78987,08:29:00,08:30:00,310,15,0,0
78987,08:31:00,08:32:00,352,16,0,0
78987,08:35:00,08:36:00,398,17,0,0
79131,08:15:00,08:16:00,400,1,0,0
79131,08:19:00,08:20:00,238,2,0,0
79131,08:23:00,08:24:00,540,3,0,0
79131,08:27:00,08:28:00,362,4,0,0
79131,08:38:00,08:39:00,374,5,0,0
79131,08:47:00,08:48:00,271,6,0,0
79131,08:54:00,08:55:00,433,7,0,0
79131,09:01:00,09:02:00,307,8,0,0
79131,09:05:00,09:06:00,256,9,0,0
79131,09:15:00,09:16:00,408,10,0,0
78991,08:45:00,08:46:00,400,1,0,0
78991,08:47:00,08:48:00,225,2,0,0
78991,08:50:00,08:51:00,382,3,0,0
78991,08:52:00,08:53:00,501,4,0,0
78991,08:54:00,08:55:00,385,5,0,0
78991,08:58:00,08:59:00,452,6,0,0
78991,09:01:00,09:02:00,449,7,0,0
78991,09:04:00,09:05:00,451,8,0,0
78991,09:07:00,09:08:00,258,9,0,0
78991,09:10:00,09:11:00,276,10,0,0
78991,09:13:00,09:14:00,281,11,0,0
78991,09:17:00,09:18:00,230,12,0,0
78991,09:19:00,09:20:00,282,13,0,0
78991,09:24:00,09:25:00,306,14,0,0
78991,09:31:00,09:32:00,352,15,0,0
78991,09:35:00,09:36:00,398,16,0,0
78994,09:49:00,09:50:00,400,1,0,0
78994,09:51:00,09:52:00,225,2,0,0
78994,09:54:00,09:55:00,382,3,0,0
78994,09:56:00,09:57:00,501,4,0,0
78994,09:58:00,09:59:00,385,5,0,0
78994,10:02:00,10:03:00,452,6,0,0
78994,10:05:00,10:06:00,449,7,0,0
78994,10:08:00,10:09:00,451,8,0,0
79010,15:36:00,15:37:00,400,1,0,0
79010,15:38:00,15:39:00,225,2,0,0
79010,15:41:00,15:42:00,382,3,0,0
79010,15:43:00,15:44:00,501,4,0,0
79010,15:45:00,15:46:00,385,5,0,0
79010,15:49:00,15:50:00,452,6,0,0
79010,15:52:00,15:53:00,449,7,0,0
79010,15:55:00,15:56:00,451,8,0,0
79010,15:58:00,15:59:00,258,9,0,0
79010,16:01:00,16:02:00,276,10,0,0
79010,16:04:00,16:05:00,281,11,0,0
79010,16:07:00,16:08:00,230,12,0,0
79014,16:35:00,16:36:00,400,1,0,0
79014,16:37:00,16:38:00,225,2,0,0
79014,16:40:00,16:41:00,382,3,0,0
79014,16:42:00,16:43:00,501,4,0,0
79014,16:44:00,16:45:00,385,5,0,0
79014,16:48:00,16:49:00,452,6,0,0
79014,16:51:00,16:52:00,449,7,0,0
79014,16:54:00,16:55:00,451,8,0,0
79014,16:57:00,16:58:00,258,9,0,0
79014,17:00:00,17:01:00,276,10,0,0
79014,17:03:00,17:04:00,281,11,0,0
79014,17:06:00,17:07:00,230,12,0,0
79017,17:38:00,17:39:00,400,1,0,0
79017,17:40:00,17:41:00,225,2,0,0
79017,17:43:00,17:44:00,382,3,0,0
79017,17:45:00,17:46:00,501,4,0,0
79017,17:47:00,17:48:00,385,5,0,0
79017,17:51:00,17:52:00,452,6,0,0
79017,17:54:00,17:55:00,449,7,0,0
79017,17:57:00,17:58:00,451,8,0,0
79017,18:00:00,18:01:00,258,9,0,0
79017,18:03:00,18:04:00,276,10,0,0
79017,18:06:00,18:07:00,281,11,0,0
79017,18:10:00,18:11:00,230,12,0,0
79017,18:12:00,18:13:00,282,13,0,0
79017,18:17:00,18:18:00,306,14,0,0
79017,18:24:00,18:25:00,352,15,0,0
79017,18:27:00,18:28:00,398,16,0,0
79021,18:35:00,18:36:00,400,1,0,0
79021,18:37:00,18:38:00,225,2,0,0
79021,18:40:00,18:41:00,382,3,0,0
79021,18:42:00,18:43:00,501,4,0,0
79021,18:44:00,18:45:00,385,5,0,0
79021,18:48:00,18:49:00,452,6,0,0
79021,18:51:00,18:52:00,449,7,0,0
79021,18:54:00,18:55:00,451,8,0,0
79021,18:57:00,18:58:00,258,9,0,0
79021,19:00:00,19:01:00,276,10,0,0
79021,19:03:00,19:04:00,281,11,0,0
79021,19:07:00,19:08:00,230,12,0,0
79021,19:09:00,19:10:00,282,13,0,0
79021,19:14:00,19:15:00,306,14,0,0
79021,19:21:00,19:22:00,352,15,0,0
79021,19:24:00,19:25:00,398,16,0,0
79026,19:46:00,19:47:00,400,1,0,0
79026,19:48:00,19:49:00,225,2,0,0
79026,19:51:00,19:52:00,382,3,0,0
79026,19:53:00,19:54:00,501,4,0,0
79026,19:55:00,19:56:00,385,5,0,0
79026,19:59:00,20:00:00,452,6,0,0
79026,20:02:00,20:03:00,449,7,0,0
79026,20:04:00,20:05:00,451,8,0,0
79026,20:07:00,20:08:00,258,9,0,0
79026,20:11:00,20:12:00,276,10,0,0
79026,20:14:00,20:15:00,281,11,0,0
79026,20:17:00,20:18:00,230,12,0,0
79026,20:19:00,20:20:00,282,13,0,0
79026,20:24:00,20:25:00,306,14,0,0
79026,20:31:00,20:32:00,352,15,0,0
79026,20:34:00,20:35:00,398,16,0,0
79029,20:44:00,20:45:00,400,1,0,0
79029,20:46:00,20:47:00,225,2,0,0
79029,20:49:00,20:50:00,382,3,0,0
79029,20:51:00,20:52:00,501,4,0,0
79029,20:53:00,20:54:00,385,5,0,0
79029,20:57:00,20:58:00,452,6,0,0
79029,21:00:00,21:01:00,449,7,0,0
79029,21:03:00,21:04:00,451,8,0,0
79029,21:06:00,21:07:00,258,9,0,0
79029,21:09:00,21:10:00,276,10,0,0
79029,21:12:00,21:13:00,281,11,0,0
79029,21:16:00,21:17:00,230,12,0,0
79029,21:18:00,21:19:00,282,13,0,0
79029,21:23:00,21:24:00,306,14,0,0
79029,21:30:00,21:31:00,352,15,0,0
79029,21:33:00,21:34:00,398,16,0,0
79193,08:15:00,08:16:00,408,1,0,0
79193,08:24:00,08:25:00,256,2,0,0
79193,08:29:00,08:30:00,307,3,0,0
79193,08:35:00,08:36:00,433,4,0,0
79193,08:41:00,08:42:00,271,5,0,0
79193,08:48:00,08:49:00,374,6,0,0
79193,08:58:00,08:59:00,362,7,0,0
79193,09:01:00,09:02:00,540,8,0,0
79193,09:05:00,09:06:00,238,9,0,0
79193,09:13:00,09:14:00,400,10,0,0
79193,09:39:00,09:40:00,1,11,0,0
79197,09:37:00,09:38:00,408,1,0,0
79197,09:46:00,09:47:00,256,2,0,0
79197,09:51:00,09:52:00,307,3,0,0
79197,09:57:00,09:58:00,433,4,0,0
79197,10:03:00,10:04:00,271,5,0,0
79197,10:10:00,10:11:00,374,6,0,0
79197,10:21:00,10:22:00,362,7,0,0
79197,10:24:00,10:25:00,540,8,0,0
79197,10:28:00,10:29:00,238,9,0,0
79197,10:36:00,10:37:00,400,10,0,0
79197,10:49:00,10:50:00,1,11,0,0
79201,12:37:00,12:38:00,408,1,0,0
79201,12:46:00,12:47:00,256,2,0,0
79201,12:51:00,12:52:00,307,3,0,0
79201,12:57:00,12:58:00,433,4,0,0
79201,13:03:00,13:04:00,271,5,0,0
79201,13:10:00,13:11:00,374,6,0,0
79201,13:21:00,13:22:00,362,7,0,0
79201,13:24:00,13:25:00,540,8,0,0
79201,13:28:00,13:29:00,238,9,0,0
79201,13:36:00,13:37:00,400,10,0,0
79201,13:49:00,13:50:00,1,11,0,0
79203,14:15:00,14:16:00,408,1,0,0
79203,14:24:00,14:25:00,256,2,0,0
79203,14:29:00,14:30:00,307,3,0,0
79203,14:35:00,14:36:00,433,4,0,0
79203,14:41:00,14:42:00,271,5,0,0
79203,14:48:00,14:49:00,374,6,0,0
79203,14:58:00,14:59:00,362,7,0,0
79203,15:02:00,15:03:00,540,8,0,0
79203,15:05:00,15:06:00,238,9,0,0
79203,15:13:00,15:14:00,400,10,0,0
79203,15:39:00,15:40:00,1,11,0,0
79207,16:14:00,16:15:00,408,1,0,0
79207,16:23:00,16:24:00,256,2,0,0
79207,16:28:00,16:29:00,307,3,0,0
79207,16:34:00,16:35:00,433,4,0,0
79207,16:40:00,16:41:00,271,5,0,0
79207,16:48:00,16:49:00,374,6,0,0
79207,16:58:00,16:59:00,362,7,0,0
79207,17:02:00,17:03:00,540,8,0,0
79207,17:06:00,17:07:00,238,9,0,0
79207,17:13:00,17:14:00,400,10,0,0
79207,17:39:00,17:40:00,1,11,0,0
79209,17:35:00,17:36:00,408,1,0,0
79209,17:44:00,17:45:00,256,2,0,0
79209,17:49:00,17:50:00,307,3,0,0
79209,17:55:00,17:56:00,433,4,0,0
79209,18:01:00,18:02:00,271,5,0,0
79209,18:09:00,18:10:00,374,6,0,0
79209,18:19:00,18:20:00,362,7,0,0
79209,18:22:00,18:23:00,540,8,0,0
79209,18:26:00,18:27:00,238,9,0,0
79209,18:33:00,18:34:00,400,10,0,0
79209,18:59:00,19:00:00,1,11,0,0
79220,20:45:00,20:46:00,408,1,0,0
79220,20:54:00,20:55:00,256,2,0,0
79220,20:59:00,21:00:00,307,3,0,0
79220,21:05:00,21:06:00,433,4,0,0
79220,21:11:00,21:12:00,271,5,0,0
79220,21:18:00,21:19:00,374,6,0,0
79220,21:28:00,21:29:00,362,7,0,0
79220,21:32:00,21:33:00,540,8,0,0
79220,21:35:00,21:36:00,238,9,0,0
79220,21:43:00,21:44:00,400,10,0,0
79220,22:09:00,22:10:00,1,11,0,0
79222,22:06:00,22:07:00,408,1,0,0
79222,22:14:00,22:15:00,256,2,0,0
79222,22:19:00,22:20:00,307,3,0,0
79222,22:25:00,22:26:00,433,4,0,0
79222,22:31:00,22:32:00,271,5,0,0
79222,22:38:00,22:39:00,374,6,0,0
79222,22:48:00,22:49:00,362,7,0,0
79222,22:51:00,22:52:00,540,8,0,0
79222,22:55:00,22:56:00,238,9,0,0
79222,23:02:00,23:03:00,400,10,0,0
79222,23:28:00,23:29:00,1,11,0,0
79182,04:55:00,04:56:00,432,1,0,0
79182,05:09:00,05:10:00,309,2,0,0
79182,05:17:00,05:18:00,323,3,0,0
79182,05:24:00,05:25:00,233,4,0,0
79182,05:33:00,05:34:00,206,5,0,0
79182,05:40:00,05:41:00,324,6,0,0
79182,05:45:00,05:46:00,297,7,0,0
79182,05:55:00,05:56:00,301,8,0,0
79182,06:04:00,06:05:00,408,9,0,0
79182,06:12:00,06:13:00,256,10,0,0
79182,06:17:00,06:18:00,307,11,0,0
79182,06:23:00,06:24:00,433,12,0,0
79182,06:29:00,06:30:00,271,13,0,0
79182,06:36:00,06:37:00,374,14,0,0
79182,06:46:00,06:47:00,362,15,0,0
79182,06:49:00,06:50:00,540,16,0,0
79182,06:53:00,06:54:00,238,17,0,0
79182,06:59:00,07:00:00,400,18,0,0
79184,06:14:00,06:15:00,432,1,0,0
79184,06:28:00,06:29:00,309,2,0,0
79184,06:41:00,06:42:00,233,3,0,0
79184,07:09:00,07:10:00,408,4,0,0
79184,07:48:00,07:49:00,400,5,0,0
79184,08:16:00,08:17:00,1,6,0,0
79199,09:30:00,09:31:00,432,1,0,0
79199,09:44:00,09:45:00,309,2,0,0
79199,09:52:00,09:53:00,323,3,0,0
79199,09:59:00,10:00:00,233,4,0,0
79199,10:08:00,10:09:00,206,5,0,0
79199,10:15:00,10:16:00,324,6,0,0
79199,10:20:00,10:21:00,297,7,0,0
79199,10:30:00,10:31:00,301,8,0,0
79199,10:39:00,10:40:00,408,9,0,0
79199,10:47:00,10:48:00,256,10,0,0
79199,10:52:00,10:53:00,307,11,0,0
79199,10:58:00,10:59:00,433,12,0,0
79199,11:08:00,11:09:00,374,13,0,0
79199,11:18:00,11:19:00,362,14,0,0
79199,11:21:00,11:22:00,540,15,0,0
79199,11:25:00,11:26:00,238,16,0,0
79199,11:32:00,11:33:00,400,17,0,0
79199,11:58:00,11:59:00,1,18,0,0
78128,03:30:00,03:31:00,446,1,0,0
78128,03:37:00,03:38:00,227,2,0,0
78128,03:45:00,03:46:00,333,3,0,0
78128,03:55:00,03:56:00,317,4,0,0
78128,04:05:00,04:06:00,311,5,0,0
78128,04:16:00,04:17:00,236,6,0,0
78128,04:22:00,04:23:00,423,7,0,0
78128,04:35:00,04:36:00,372,8,0,0
78128,04:45:00,04:46:00,379,9,0,0
78128,04:56:00,04:57:00,441,10,0,0
78128,05:07:00,05:08:00,434,11,0,0
78128,05:16:00,05:17:00,418,12,0,0
78128,05:28:00,05:29:00,208,13,0,0
78128,05:37:00,05:38:00,326,14,0,0
78128,05:48:00,05:49:00,279,15,0,0
78128,06:01:00,06:02:00,273,16,0,0
78128,06:16:00,06:17:00,357,17,0,0
78128,06:32:00,06:33:00,267,18,0,0
78128,06:43:00,06:44:00,203,19,0,0
78128,06:53:00,06:54:00,412,20,0,0
78128,07:09:00,07:10:00,298,21,0,0
78128,07:22:00,07:23:00,339,22,0,0
78128,07:35:00,07:36:00,380,23,0,0
78128,07:44:00,07:45:00,421,24,0,0
78128,07:49:00,07:50:00,331,25,0,0
78128,07:58:00,07:59:00,1,26,0,0
78135,13:01:00,13:02:00,446,1,0,0
78135,13:08:00,13:09:00,227,2,0,0
78135,13:16:00,13:17:00,333,3,0,0
78135,13:26:00,13:27:00,317,4,0,0
78135,13:36:00,13:37:00,311,5,0,0
78135,13:47:00,13:48:00,236,6,0,0
78135,13:53:00,13:54:00,423,7,0,0
78135,14:06:00,14:07:00,372,8,0,0
78135,14:16:00,14:17:00,379,9,0,0
78135,14:29:00,14:30:00,441,10,0,0
78135,14:39:00,14:40:00,434,11,0,0
78135,14:49:00,14:50:00,418,12,0,0
78135,15:01:00,15:02:00,208,13,0,0
78135,15:10:00,15:11:00,326,14,0,0
78135,15:20:00,15:21:00,279,15,0,0
78135,15:35:00,15:36:00,273,16,0,0
78135,15:50:00,15:51:00,357,17,0,0
78135,16:06:00,16:07:00,267,18,0,0
78135,16:17:00,16:18:00,203,19,0,0
78135,16:41:00,16:42:00,298,20,0,0
78135,16:54:00,16:55:00,339,21,0,0
78135,17:07:00,17:08:00,380,22,0,0
78135,17:19:00,17:20:00,331,23,0,0
78135,17:28:00,17:29:00,1,24,0,0
79080,15:29:00,15:30:00,451,1,0,0
79080,15:31:00,15:32:00,449,2,0,0
79080,15:35:00,15:36:00,452,3,0,0
79080,15:38:00,15:39:00,385,4,0,0
79080,15:41:00,15:42:00,501,5,0,0
79080,15:43:00,15:44:00,382,6,0,0
79080,15:45:00,15:46:00,225,7,0,0
79080,15:48:00,15:49:00,400,8,0,0
79186,04:57:00,04:58:00,460,1,0,0
79186,05:04:00,05:05:00,312,2,0,0
79186,05:21:00,05:22:00,419,3,0,0
79186,05:37:00,05:38:00,432,4,0,0
79186,05:50:00,05:51:00,309,5,0,0
79186,06:02:00,06:03:00,233,6,0,0
79186,06:24:00,06:25:00,301,7,0,0
79186,06:33:00,06:34:00,408,8,0,0
79186,06:43:00,06:44:00,307,9,0,0
79186,06:57:00,06:58:00,374,10,0,0
79186,07:07:00,07:08:00,362,11,0,0
79186,07:19:00,07:20:00,400,12,0,0
79186,07:32:00,07:33:00,1,13,0,0
79205,14:22:00,14:23:00,460,1,0,0
79205,14:29:00,14:30:00,312,2,0,0
79205,14:45:00,14:46:00,419,3,0,0
79205,15:00:00,15:01:00,432,4,0,0
79205,15:12:00,15:13:00,309,5,0,0
79205,15:24:00,15:25:00,233,6,0,0
79205,15:44:00,15:45:00,301,7,0,0
79205,15:53:00,15:54:00,408,8,0,0
79205,16:03:00,16:04:00,307,9,0,0
79205,16:23:00,16:24:00,362,10,0,0
79205,16:34:00,16:35:00,400,11,0,0
79205,16:47:00,16:48:00,1,12,0,0
79218,17:24:00,17:25:00,460,1,0,0
79218,17:31:00,17:32:00,312,2,0,0
79218,17:48:00,17:49:00,419,3,0,0
79218,18:03:00,18:04:00,432,4,0,0
79218,18:16:00,18:17:00,309,5,0,0
79218,18:24:00,18:25:00,323,6,0,0
79218,18:31:00,18:32:00,233,7,0,0
79218,18:52:00,18:53:00,297,8,0,0
79218,19:02:00,19:03:00,301,9,0,0
79218,19:13:00,19:14:00,408,10,0,0
79218,19:23:00,19:24:00,256,11,0,0
79218,19:28:00,19:29:00,307,12,0,0
79218,19:35:00,19:36:00,433,13,0,0
79218,19:47:00,19:48:00,374,14,0,0
79218,19:57:00,19:58:00,362,15,0,0
79218,20:01:00,20:02:00,540,16,0,0
79218,20:05:00,20:06:00,238,17,0,0
79218,20:13:00,20:14:00,400,18,0,0
79218,20:39:00,20:40:00,1,19,0,0
