trip_id,arrival_time,departure_time,stop_id,stop_sequence,pickup_type,drop_off_type
77982,04:59:00,05:00:00,1,1,0,0
77982,05:03:00,05:04:00,386,2,0,0
77982,05:08:00,05:09:00,391,3,0,0
77982,05:10:00,05:11:00,248,4,0,0
77982,05:12:00,05:13:00,392,5,0,0
77982,05:15:00,05:16:00,305,6,0,0
77982,05:18:00,05:19:00,213,7,0,0
77982,05:23:00,05:24:00,358,8,0,0
77982,05:28:00,05:29:00,296,9,0,0
77982,05:31:00,05:32:00,229,10,0,0
77982,05:33:00,05:34:00,255,11,0,0
77982,05:37:00,05:38:00,316,12,0,0
77982,05:52:00,05:53:00,252,13,0,0
77982,05:57:00,05:58:00,336,14,0,0
77982,05:59:00,06:00:00,359,15,0,0
77982,06:01:00,06:02:00,322,16,0,0
77982,06:03:00,06:04:00,207,17,0,0
77982,06:05:00,06:06:00,393,18,0,0
77982,06:12:00,06:13:00,394,19,0,0
77982,06:17:00,06:18:00,275,20,0,0
77982,06:22:00,06:23:00,286,21,0,0
77982,06:29:00,06:30:00,395,22,0,0
77982,06:34:00,06:35:00,328,23,0,0
77982,06:39:00,06:40:00,396,24,0,0
77982,06:43:00,06:44:00,397,25,0,0
78102,05:04:00,05:05:00,1,1,0,0
78102,05:10:00,05:11:00,386,2,0,0
78102,05:15:00,05:16:00,388,3,0,0
78102,05:28:00,05:29:00,340,4,0,0
78102,05:39:00,05:40:00,342,5,0,0
78102,05:44:00,05:45:00,237,6,0,0
78102,05:49:00,05:50:00,349,7,0,0
78392,05:08:00,05:09:00,1,1,0,0
78392,05:13:00,05:14:00,450,2,0,0
78392,05:18:00,05:19:00,331,3,0,0
78392,05:20:00,05:21:00,245,4,0,0
78392,05:22:00,05:23:00,421,5,0,0
78392,05:28:00,05:29:00,250,6,0,0
78392,05:30:00,05:31:00,380,7,0,0
78392,05:35:00,05:36:00,384,8,0,0
78392,05:39:00,05:40:00,299,9,0,0
78392,05:43:00,05:44:00,343,10,0,0
78392,05:46:00,05:47:00,339,11,0,0
78392,05:48:00,05:49:00,354,12,0,0
78392,05:51:00,05:52:00,235,13,0,0
78392,05:56:00,05:57:00,283,14,0,0
78392,06:01:00,06:02:00,298,15,0,0
78392,06:05:00,06:06:00,367,16,0,0
78392,06:10:00,06:11:00,364,17,0,0
78392,06:16:00,06:17:00,412,18,0,0
78392,06:21:00,06:22:00,330,19,0,0
78392,06:26:00,06:27:00,203,20,0,0
78002,05:29:00,05:30:00,1,1,0,0
78002,05:33:00,05:34:00,386,2,0,0
78002,05:38:00,05:39:00,391,3,0,0
78002,05:41:00,05:42:00,248,4,0,0
78002,05:43:00,05:44:00,392,5,0,0
78002,05:46:00,05:47:00,305,6,0,0
78002,05:49:00,05:50:00,213,7,0,0
78002,06:00:00,06:01:00,358,8,0,0
78002,06:06:00,06:07:00,296,9,0,0
78002,06:09:00,06:10:00,229,10,0,0
78002,06:12:00,06:13:00,255,11,0,0
78002,06:15:00,06:16:00,316,12,0,0
78002,06:18:00,06:19:00,252,13,0,0
78103,05:34:00,05:35:00,1,1,0,0
78103,05:38:00,05:39:00,386,2,0,0
78103,05:41:00,05:42:00,500,3,0,0
78103,05:43:00,05:44:00,387,4,0,0
78103,05:46:00,05:47:00,388,5,0,0
78103,05:50:00,05:51:00,520,6,0,0
78103,05:54:00,05:55:00,346,7,0,0
78103,06:00:00,06:01:00,340,8,0,0
78103,06:05:00,06:06:00,239,9,0,0
78103,06:09:00,06:10:00,232,10,0,0
78103,06:12:00,06:13:00,342,11,0,0
78103,06:16:00,06:17:00,237,12,0,0
78103,06:20:00,06:21:00,349,13,0,0
78565,05:37:00,05:38:00,1,1,0,0
78565,05:44:00,05:45:00,400,2,0,0
78565,05:46:00,05:47:00,225,3,0,0
78565,05:49:00,05:50:00,382,4,0,0
78565,05:51:00,05:52:00,501,5,0,0
78565,05:53:00,05:54:00,385,6,0,0
78565,05:57:00,05:58:00,452,7,0,0
78565,06:00:00,06:01:00,449,8,0,0
78565,06:03:00,06:04:00,451,9,0,0
78565,06:06:00,06:07:00,258,10,0,0
78565,06:09:00,06:10:00,276,11,0,0
78565,06:12:00,06:13:00,281,12,0,0
78565,06:16:00,06:17:00,230,13,0,0
78565,06:18:00,06:19:00,282,14,0,0
78565,06:23:00,06:24:00,306,15,0,0
78565,06:29:00,06:30:00,310,16,0,0
78565,06:31:00,06:32:00,352,17,0,0
78565,06:36:00,06:37:00,398,18,0,0
78565,06:38:00,06:39:00,287,19,0,0
78565,06:41:00,06:42:00,453,20,0,0
78565,06:44:00,06:45:00,399,21,0,0
78394,05:38:00,05:39:00,1,1,0,0
78394,05:43:00,05:44:00,450,2,0,0
78394,05:48:00,05:49:00,331,3,0,0
78394,05:50:00,05:51:00,245,4,0,0
78394,05:52:00,05:53:00,421,5,0,0
78394,05:54:00,05:55:00,274,6,0,0
78394,05:56:00,05:57:00,377,7,0,0
78394,05:58:00,05:59:00,241,8,0,0
78394,06:01:00,06:02:00,250,9,0,0
78394,06:04:00,06:05:00,380,10,0,0
78394,06:08:00,06:09:00,384,11,0,0
78394,06:12:00,06:13:00,299,12,0,0
78394,06:17:00,06:18:00,343,13,0,0
78394,06:19:00,06:20:00,339,14,0,0
77983,05:59:00,06:00:00,1,1,0,0
77983,06:03:00,06:04:00,386,2,0,0
77983,06:08:00,06:09:00,391,3,0,0
77983,06:10:00,06:11:00,248,4,0,0
77983,06:12:00,06:13:00,392,5,0,0
77983,06:15:00,06:16:00,305,6,0,0
77983,06:18:00,06:19:00,213,7,0,0
77983,06:23:00,06:24:00,358,8,0,0
77983,06:28:00,06:29:00,296,9,0,0
77983,06:31:00,06:32:00,229,10,0,0
77983,06:33:00,06:34:00,255,11,0,0
77983,06:37:00,06:38:00,316,12,0,0
77983,06:52:00,06:53:00,252,13,0,0
77983,06:57:00,06:58:00,336,14,0,0
77983,06:59:00,07:00:00,359,15,0,0
77983,07:01:00,07:02:00,322,16,0,0
77983,07:03:00,07:04:00,207,17,0,0
77983,07:05:00,07:06:00,393,18,0,0
77983,07:12:00,07:13:00,394,19,0,0
77983,07:17:00,07:18:00,275,20,0,0
77983,07:22:00,07:23:00,286,21,0,0
77983,07:29:00,07:30:00,395,22,0,0
77983,07:34:00,07:35:00,328,23,0,0
77983,07:39:00,07:40:00,396,24,0,0
77983,07:43:00,07:44:00,397,25,0,0
78104,06:03:00,06:04:00,1,1,0,0
78104,06:09:00,06:10:00,386,2,0,0
78104,06:14:00,06:15:00,387,3,0,0
78104,06:18:00,06:19:00,388,4,0,0
78104,06:30:00,06:31:00,340,5,0,0
78104,06:40:00,06:41:00,342,6,0,0
78104,06:46:00,06:47:00,237,7,0,0
78104,06:51:00,06:52:00,349,8,0,0
78584,06:07:00,06:08:00,1,1,0,0
78584,06:14:00,06:15:00,400,2,0,0
78584,06:16:00,06:17:00,225,3,0,0
78584,06:19:00,06:20:00,382,4,0,0
78584,06:21:00,06:22:00,501,5,0,0
78584,06:23:00,06:24:00,385,6,0,0
78584,06:27:00,06:28:00,452,7,0,0
78584,06:30:00,06:31:00,449,8,0,0
78584,06:33:00,06:34:00,451,9,0,0
78584,06:36:00,06:37:00,258,10,0,0
78584,06:39:00,06:40:00,276,11,0,0
78584,06:42:00,06:43:00,281,12,0,0
78584,06:46:00,06:47:00,230,13,0,0
78584,06:48:00,06:49:00,282,14,0,0
78584,06:53:00,06:54:00,306,15,0,0
78584,07:00:00,07:01:00,352,16,0,0
78584,07:03:00,07:04:00,398,17,0,0
78395,06:08:00,06:09:00,1,1,0,0
78395,06:13:00,06:14:00,450,2,0,0
78395,06:18:00,06:19:00,331,3,0,0
78395,06:20:00,06:21:00,245,4,0,0
78395,06:22:00,06:23:00,421,5,0,0
78395,06:24:00,06:25:00,274,6,0,0
78395,06:29:00,06:30:00,250,7,0,0
78395,06:31:00,06:32:00,380,8,0,0
78395,06:36:00,06:37:00,384,9,0,0
78395,06:40:00,06:41:00,299,10,0,0
78395,06:44:00,06:45:00,343,11,0,0
78395,06:47:00,06:48:00,339,12,0,0
78395,06:49:00,06:50:00,354,13,0,0
78395,06:52:00,06:53:00,235,14,0,0
78395,06:57:00,06:58:00,283,15,0,0
78395,07:02:00,07:03:00,298,16,0,0
78395,07:06:00,07:07:00,367,17,0,0
78395,07:11:00,07:12:00,364,18,0,0
78395,07:17:00,07:18:00,412,19,0,0
78395,07:22:00,07:23:00,330,20,0,0
78395,07:27:00,07:28:00,203,21,0,0
78003,06:14:00,06:15:00,1,1,0,0
78003,06:18:00,06:19:00,386,2,0,0
78003,06:23:00,06:24:00,391,3,0,0
78003,06:26:00,06:27:00,248,4,0,0
78003,06:28:00,06:29:00,392,5,0,0
78003,06:31:00,06:32:00,305,6,0,0
78003,06:34:00,06:35:00,213,7,0,0
78003,06:45:00,06:46:00,358,8,0,0
78003,06:51:00,06:52:00,296,9,0,0
78003,06:54:00,06:55:00,229,10,0,0
78003,06:57:00,06:58:00,255,11,0,0
78003,07:00:00,07:01:00,316,12,0,0
78003,07:03:00,07:04:00,252,13,0,0
78397,06:23:00,06:24:00,1,1,0,0
78397,06:28:00,06:29:00,450,2,0,0
78397,06:33:00,06:34:00,331,3,0,0
78397,06:35:00,06:36:00,245,4,0,0
78397,06:37:00,06:38:00,421,5,0,0
78397,06:39:00,06:40:00,274,6,0,0
78397,06:41:00,06:42:00,377,7,0,0
78397,06:44:00,06:45:00,241,8,0,0
78397,06:47:00,06:48:00,250,9,0,0
78397,06:49:00,06:50:00,380,10,0,0
78397,06:54:00,06:55:00,384,11,0,0
78397,06:58:00,06:59:00,299,12,0,0
78397,07:03:00,07:04:00,343,13,0,0
78397,07:05:00,07:06:00,339,14,0,0
78681,06:29:00,06:30:00,1,1,0,0
78681,06:38:00,06:39:00,400,2,0,0
78681,06:43:00,06:44:00,238,3,0,0
78681,06:46:00,06:47:00,540,4,0,0
78681,06:50:00,06:51:00,362,5,0,0
78681,07:01:00,07:02:00,374,6,0,0
78681,07:10:00,07:11:00,271,7,0,0
78681,07:16:00,07:17:00,433,8,0,0
78681,07:23:00,07:24:00,307,9,0,0
78681,07:28:00,07:29:00,256,10,0,0
78681,07:38:00,07:39:00,408,11,0,0
78681,07:50:00,07:51:00,301,12,0,0
78681,07:59:00,08:00:00,297,13,0,0
78681,08:05:00,08:06:00,324,14,0,0
78681,08:12:00,08:13:00,206,15,0,0
78681,08:21:00,08:22:00,233,16,0,0
78681,08:27:00,08:28:00,323,17,0,0
78681,08:35:00,08:36:00,309,18,0,0
78681,08:48:00,08:49:00,432,19,0,0
78004,06:29:00,06:30:00,1,1,0,0
78004,06:33:00,06:34:00,386,2,0,0
78004,06:38:00,06:39:00,391,3,0,0
78004,06:41:00,06:42:00,248,4,0,0
78004,06:43:00,06:44:00,392,5,0,0
78004,06:46:00,06:47:00,305,6,0,0
78004,06:49:00,06:50:00,213,7,0,0
78004,07:00:00,07:01:00,358,8,0,0
78004,07:06:00,07:07:00,296,9,0,0
78004,07:09:00,07:10:00,229,10,0,0
78004,07:12:00,07:13:00,255,11,0,0
78004,07:15:00,07:16:00,316,12,0,0
78004,07:18:00,07:19:00,252,13,0,0
78105,06:34:00,06:35:00,1,1,0,0
78105,06:38:00,06:39:00,386,2,0,0
78105,06:41:00,06:42:00,500,3,0,0
78105,06:43:00,06:44:00,387,4,0,0
78105,06:46:00,06:47:00,388,5,0,0
78105,06:50:00,06:51:00,520,6,0,0
78105,06:54:00,06:55:00,346,7,0,0
78105,07:00:00,07:01:00,340,8,0,0
78105,07:05:00,07:06:00,239,9,0,0
78105,07:09:00,07:10:00,232,10,0,0
78105,07:12:00,07:13:00,342,11,0,0
78105,07:16:00,07:17:00,237,12,0,0
78105,07:20:00,07:21:00,349,13,0,0
78566,06:37:00,06:38:00,1,1,0,0
78566,06:44:00,06:45:00,400,2,0,0
78566,06:46:00,06:47:00,225,3,0,0
78566,06:49:00,06:50:00,382,4,0,0
78566,06:51:00,06:52:00,501,5,0,0
78566,06:53:00,06:54:00,385,6,0,0
78566,06:57:00,06:58:00,452,7,0,0
78566,07:00:00,07:01:00,449,8,0,0
78566,07:03:00,07:04:00,451,9,0,0
78566,07:06:00,07:07:00,258,10,0,0
78566,07:09:00,07:10:00,276,11,0,0
78566,07:12:00,07:13:00,281,12,0,0
78566,07:16:00,07:17:00,230,13,0,0
78566,07:18:00,07:19:00,282,14,0,0
78566,07:23:00,07:24:00,306,15,0,0
78566,07:29:00,07:30:00,310,16,0,0
78566,07:31:00,07:32:00,352,17,0,0
78566,07:36:00,07:37:00,398,18,0,0
78566,07:38:00,07:39:00,287,19,0,0
78566,07:41:00,07:42:00,453,20,0,0
78566,07:44:00,07:45:00,399,21,0,0
78399,06:38:00,06:39:00,1,1,0,0
78399,06:43:00,06:44:00,450,2,0,0
78399,06:48:00,06:49:00,331,3,0,0
78399,06:50:00,06:51:00,245,4,0,0
78399,06:52:00,06:53:00,421,5,0,0
78399,06:54:00,06:55:00,274,6,0,0
78399,06:56:00,06:57:00,377,7,0,0
78399,06:58:00,06:59:00,241,8,0,0
78399,07:01:00,07:02:00,250,9,0,0
78399,07:04:00,07:05:00,380,10,0,0
78399,07:08:00,07:09:00,384,11,0,0
78399,07:12:00,07:13:00,299,12,0,0
78399,07:17:00,07:18:00,343,13,0,0
78399,07:19:00,07:20:00,339,14,0,0
78399,07:21:00,07:22:00,354,15,0,0
78399,07:25:00,07:26:00,235,16,0,0
78399,07:29:00,07:30:00,283,17,0,0
78399,07:34:00,07:35:00,298,18,0,0
77984,06:59:00,07:00:00,1,1,0,0
77984,07:03:00,07:04:00,386,2,0,0
77984,07:08:00,07:09:00,391,3,0,0
77984,07:10:00,07:11:00,248,4,0,0
77984,07:12:00,07:13:00,392,5,0,0
77984,07:15:00,07:16:00,305,6,0,0
77984,07:18:00,07:19:00,213,7,0,0
77984,07:23:00,07:24:00,358,8,0,0
77984,07:28:00,07:29:00,296,9,0,0
77984,07:31:00,07:32:00,229,10,0,0
77984,07:33:00,07:34:00,255,11,0,0
77984,07:37:00,07:38:00,316,12,0,0
77984,07:52:00,07:53:00,252,13,0,0
77984,07:57:00,07:58:00,336,14,0,0
77984,07:59:00,08:00:00,359,15,0,0
77984,08:01:00,08:02:00,322,16,0,0
77984,08:03:00,08:04:00,207,17,0,0
77984,08:05:00,08:06:00,393,18,0,0
77984,08:12:00,08:13:00,394,19,0,0
77984,08:17:00,08:18:00,275,20,0,0
77984,08:22:00,08:23:00,286,21,0,0
77984,08:29:00,08:30:00,395,22,0,0
77984,08:34:00,08:35:00,328,23,0,0
77984,08:39:00,08:40:00,396,24,0,0
77984,08:43:00,08:44:00,397,25,0,0
78265,07:00:00,07:01:00,1,1,0,0
78265,07:10:00,07:11:00,331,2,0,0
78265,07:23:00,07:24:00,380,3,0,0
78265,07:38:00,07:39:00,339,4,0,0
78265,07:52:00,07:53:00,298,5,0,0
78265,08:15:00,08:16:00,203,6,0,0
78265,08:26:00,08:27:00,267,7,0,0
78265,08:35:00,08:36:00,204,8,0,0
78265,08:46:00,08:47:00,357,9,0,0
78265,09:01:00,09:02:00,273,10,0,0
78265,09:15:00,09:16:00,427,11,0,0
78265,09:26:00,09:27:00,308,12,0,0
78265,09:36:00,09:37:00,360,13,0,0
78265,09:49:00,09:50:00,335,14,0,0
78265,10:00:00,10:01:00,430,15,0,0
78265,10:05:00,10:06:00,304,16,0,0
78265,10:18:00,10:19:00,243,17,0,0
78106,07:03:00,07:04:00,1,1,0,0
78106,07:10:00,07:11:00,386,2,0,0
78106,07:15:00,07:16:00,387,3,0,0
78106,07:28:00,07:29:00,340,4,0,0
78106,07:39:00,07:40:00,342,5,0,0
78106,07:44:00,07:45:00,237,6,0,0
78106,07:49:00,07:50:00,349,7,0,0
78585,07:07:00,07:08:00,1,1,0,0
78585,07:14:00,07:15:00,400,2,0,0
78585,07:16:00,07:17:00,225,3,0,0
78585,07:19:00,07:20:00,382,4,0,0
78585,07:21:00,07:22:00,501,5,0,0
78585,07:23:00,07:24:00,385,6,0,0
78585,07:27:00,07:28:00,452,7,0,0
78585,07:30:00,07:31:00,449,8,0,0
78585,07:33:00,07:34:00,451,9,0,0
78585,07:36:00,07:37:00,258,10,0,0
78585,07:39:00,07:40:00,276,11,0,0
78585,07:42:00,07:43:00,281,12,0,0
78585,07:46:00,07:47:00,230,13,0,0
78585,07:48:00,07:49:00,282,14,0,0
78585,07:53:00,07:54:00,306,15,0,0
78585,07:59:00,08:00:00,310,16,0,0
78585,08:01:00,08:02:00,352,17,0,0
78585,08:05:00,08:06:00,398,18,0,0
78402,07:08:00,07:09:00,1,1,0,0
78402,07:13:00,07:14:00,450,2,0,0
78402,07:18:00,07:19:00,331,3,0,0
78402,07:20:00,07:21:00,245,4,0,0
78402,07:22:00,07:23:00,421,5,0,0
78402,07:24:00,07:25:00,274,6,0,0
78402,07:29:00,07:30:00,250,7,0,0
78402,07:31:00,07:32:00,380,8,0,0
78402,07:36:00,07:37:00,384,9,0,0
78402,07:40:00,07:41:00,299,10,0,0
78402,07:44:00,07:45:00,343,11,0,0
78402,07:47:00,07:48:00,339,12,0,0
78402,07:49:00,07:50:00,354,13,0,0
78402,07:52:00,07:53:00,235,14,0,0
78402,07:57:00,07:58:00,283,15,0,0
78402,08:02:00,08:03:00,298,16,0,0
78402,08:06:00,08:07:00,367,17,0,0
78402,08:11:00,08:12:00,364,18,0,0
78402,08:17:00,08:18:00,412,19,0,0
78402,08:22:00,08:23:00,330,20,0,0
78402,08:27:00,08:28:00,203,21,0,0
78005,07:14:00,07:15:00,1,1,0,0
78005,07:18:00,07:19:00,386,2,0,0
78005,07:23:00,07:24:00,391,3,0,0
78005,07:26:00,07:27:00,248,4,0,0
78005,07:28:00,07:29:00,392,5,0,0
78005,07:31:00,07:32:00,305,6,0,0
78005,07:34:00,07:35:00,213,7,0,0
78005,07:45:00,07:46:00,358,8,0,0
78005,07:51:00,07:52:00,296,9,0,0
78005,07:54:00,07:55:00,229,10,0,0
78005,07:57:00,07:58:00,255,11,0,0
78005,08:00:00,08:01:00,316,12,0,0
78005,08:03:00,08:04:00,252,13,0,0
78006,07:29:00,07:30:00,1,1,0,0
78006,07:33:00,07:34:00,386,2,0,0
78006,07:38:00,07:39:00,391,3,0,0
78006,07:41:00,07:42:00,248,4,0,0
78006,07:43:00,07:44:00,392,5,0,0
78006,07:46:00,07:47:00,305,6,0,0
78006,07:49:00,07:50:00,213,7,0,0
78006,08:00:00,08:01:00,358,8,0,0
78006,08:06:00,08:07:00,296,9,0,0
78006,08:09:00,08:10:00,229,10,0,0
78006,08:12:00,08:13:00,255,11,0,0
78006,08:15:00,08:16:00,316,12,0,0
78006,08:18:00,08:19:00,252,13,0,0
78108,07:34:00,07:35:00,1,1,0,0
78108,07:38:00,07:39:00,386,2,0,0
78108,07:41:00,07:42:00,500,3,0,0
78108,07:43:00,07:44:00,387,4,0,0
78108,07:46:00,07:47:00,388,5,0,0
78108,07:50:00,07:51:00,520,6,0,0
78108,07:54:00,07:55:00,346,7,0,0
78108,08:00:00,08:01:00,340,8,0,0
78108,08:05:00,08:06:00,239,9,0,0
78108,08:09:00,08:10:00,232,10,0,0
78108,08:12:00,08:13:00,342,11,0,0
78108,08:16:00,08:17:00,237,12,0,0
78108,08:20:00,08:21:00,349,13,0,0
78567,07:37:00,07:38:00,1,1,0,0
78567,07:44:00,07:45:00,400,2,0,0
78567,07:46:00,07:47:00,225,3,0,0
78567,07:49:00,07:50:00,382,4,0,0
78567,07:51:00,07:52:00,501,5,0,0
78567,07:53:00,07:54:00,385,6,0,0
78567,07:57:00,07:58:00,452,7,0,0
78567,08:00:00,08:01:00,449,8,0,0
78567,08:03:00,08:04:00,451,9,0,0
78567,08:06:00,08:07:00,258,10,0,0
78567,08:09:00,08:10:00,276,11,0,0
78567,08:12:00,08:13:00,281,12,0,0
78567,08:16:00,08:17:00,230,13,0,0
78567,08:18:00,08:19:00,282,14,0,0
78567,08:23:00,08:24:00,306,15,0,0
78567,08:29:00,08:30:00,310,16,0,0
78567,08:31:00,08:32:00,352,17,0,0
78567,08:36:00,08:37:00,398,18,0,0
78567,08:38:00,08:39:00,287,19,0,0
78567,08:41:00,08:42:00,453,20,0,0
78567,08:44:00,08:45:00,399,21,0,0
78404,07:38:00,07:39:00,1,1,0,0
78404,07:43:00,07:44:00,450,2,0,0
78404,07:48:00,07:49:00,331,3,0,0
78404,07:50:00,07:51:00,245,4,0,0
78404,07:52:00,07:53:00,421,5,0,0
78404,07:54:00,07:55:00,274,6,0,0
78404,07:56:00,07:57:00,377,7,0,0
78404,07:59:00,08:00:00,241,8,0,0
78404,08:02:00,08:03:00,250,9,0,0
78404,08:04:00,08:05:00,380,10,0,0
78404,08:09:00,08:10:00,384,11,0,0
78404,08:14:00,08:15:00,299,12,0,0
78404,08:19:00,08:20:00,343,13,0,0
78404,08:21:00,08:22:00,339,14,0,0
78404,08:24:00,08:25:00,354,15,0,0
78404,08:27:00,08:28:00,235,16,0,0
78404,08:32:00,08:33:00,283,17,0,0
78404,08:37:00,08:38:00,298,18,0,0
78682,07:59:00,08:00:00,1,1,0,0
78682,08:08:00,08:09:00,400,2,0,0
78682,08:13:00,08:14:00,238,3,0,0
78682,08:16:00,08:17:00,540,4,0,0
78682,08:20:00,08:21:00,362,5,0,0
78682,08:31:00,08:32:00,374,6,0,0
78682,08:39:00,08:40:00,271,7,0,0
78682,08:45:00,08:46:00,433,8,0,0
78682,08:52:00,08:53:00,307,9,0,0
78682,08:57:00,08:58:00,256,10,0,0
78682,09:07:00,09:08:00,408,11,0,0
77985,07:59:00,08:00:00,1,1,0,0
77985,08:03:00,08:04:00,386,2,0,0
77985,08:08:00,08:09:00,391,3,0,0
77985,08:10:00,08:11:00,248,4,0,0
77985,08:12:00,08:13:00,392,5,0,0
77985,08:15:00,08:16:00,305,6,0,0
77985,08:18:00,08:19:00,213,7,0,0
77985,08:23:00,08:24:00,358,8,0,0
77985,08:28:00,08:29:00,296,9,0,0
77985,08:31:00,08:32:00,229,10,0,0
77985,08:33:00,08:34:00,255,11,0,0
77985,08:37:00,08:38:00,316,12,0,0
77985,08:52:00,08:53:00,252,13,0,0
77985,08:57:00,08:58:00,336,14,0,0
77985,08:59:00,09:00:00,359,15,0,0
77985,09:01:00,09:02:00,322,16,0,0
77985,09:03:00,09:04:00,207,17,0,0
77985,09:05:00,09:06:00,393,18,0,0
77985,09:12:00,09:13:00,394,19,0,0
77985,09:17:00,09:18:00,275,20,0,0
77985,09:22:00,09:23:00,286,21,0,0
77985,09:29:00,09:30:00,395,22,0,0
77985,09:34:00,09:35:00,328,23,0,0
77985,09:39:00,09:40:00,396,24,0,0
77985,09:43:00,09:44:00,397,25,0,0
78107,08:00:00,08:01:00,1,1,0,0
78107,08:10:00,08:11:00,331,2,0,0
78107,08:34:00,08:35:00,339,3,0,0
78107,08:48:00,08:49:00,298,4,0,0
78107,09:11:00,09:12:00,203,5,0,0
78107,09:22:00,09:23:00,267,6,0,0
78107,09:39:00,09:40:00,357,7,0,0
78107,09:54:00,09:55:00,273,8,0,0
78107,10:07:00,10:08:00,279,9,0,0
78107,10:17:00,10:18:00,326,10,0,0
78107,10:26:00,10:27:00,208,11,0,0
78107,10:39:00,10:40:00,418,12,0,0
78107,10:47:00,10:48:00,434,13,0,0
78107,10:57:00,10:58:00,441,14,0,0
78107,11:09:00,11:10:00,379,15,0,0
78107,11:22:00,11:23:00,372,16,0,0
78107,11:31:00,11:32:00,423,17,0,0
78107,11:37:00,11:38:00,236,18,0,0
78107,11:49:00,11:50:00,311,19,0,0
78107,11:58:00,11:59:00,317,20,0,0
78107,12:09:00,12:10:00,333,21,0,0
78107,12:16:00,12:17:00,227,22,0,0
78107,12:23:00,12:24:00,446,23,0,0
78109,08:03:00,08:04:00,1,1,0,0
78109,08:10:00,08:11:00,386,2,0,0
78109,08:15:00,08:16:00,387,3,0,0
78109,08:28:00,08:29:00,340,4,0,0
78109,08:39:00,08:40:00,342,5,0,0
78109,08:44:00,08:45:00,237,6,0,0
78109,08:49:00,08:50:00,349,7,0,0
78405,08:08:00,08:09:00,1,1,0,0
78405,08:13:00,08:14:00,450,2,0,0
78405,08:18:00,08:19:00,331,3,0,0
78405,08:20:00,08:21:00,245,4,0,0
78405,08:22:00,08:23:00,421,5,0,0
78405,08:24:00,08:25:00,274,6,0,0
78405,08:29:00,08:30:00,250,7,0,0
78405,08:31:00,08:32:00,380,8,0,0
78405,08:36:00,08:37:00,384,9,0,0
78405,08:40:00,08:41:00,299,10,0,0
78405,08:44:00,08:45:00,343,11,0,0
78405,08:47:00,08:48:00,339,12,0,0
78405,08:49:00,08:50:00,354,13,0,0
78405,08:52:00,08:53:00,235,14,0,0
78405,08:57:00,08:58:00,283,15,0,0
78405,09:02:00,09:03:00,298,16,0,0
78405,09:06:00,09:07:00,367,17,0,0
78405,09:11:00,09:12:00,364,18,0,0
78405,09:17:00,09:18:00,412,19,0,0
78405,09:22:00,09:23:00,330,20,0,0
78405,09:27:00,09:28:00,203,21,0,0
78586,08:09:00,08:10:00,1,1,0,0
78586,08:16:00,08:17:00,400,2,0,0
78586,08:18:00,08:19:00,225,3,0,0
78586,08:21:00,08:22:00,382,4,0,0
78586,08:23:00,08:24:00,501,5,0,0
78586,08:25:00,08:26:00,385,6,0,0
78586,08:29:00,08:30:00,452,7,0,0
78586,08:32:00,08:33:00,449,8,0,0
78586,08:35:00,08:36:00,451,9,0,0
78586,08:38:00,08:39:00,258,10,0,0
78586,08:42:00,08:43:00,276,11,0,0
78586,08:45:00,08:46:00,281,12,0,0
78586,08:48:00,08:49:00,230,13,0,0
78007,08:14:00,08:15:00,1,1,0,0
78007,08:18:00,08:19:00,386,2,0,0
78007,08:23:00,08:24:00,391,3,0,0
78007,08:26:00,08:27:00,248,4,0,0
78007,08:28:00,08:29:00,392,5,0,0
78007,08:31:00,08:32:00,305,6,0,0
78007,08:34:00,08:35:00,213,7,0,0
78007,08:45:00,08:46:00,358,8,0,0
78007,08:51:00,08:52:00,296,9,0,0
78007,08:54:00,08:55:00,229,10,0,0
78007,08:57:00,08:58:00,255,11,0,0
78007,09:00:00,09:01:00,316,12,0,0
78007,09:03:00,09:04:00,252,13,0,0
78008,08:29:00,08:30:00,1,1,0,0
78008,08:33:00,08:34:00,386,2,0,0
78008,08:38:00,08:39:00,391,3,0,0
78008,08:41:00,08:42:00,248,4,0,0
78008,08:43:00,08:44:00,392,5,0,0
78008,08:46:00,08:47:00,305,6,0,0
78008,08:49:00,08:50:00,213,7,0,0
78008,09:00:00,09:01:00,358,8,0,0
78008,09:06:00,09:07:00,296,9,0,0
78008,09:09:00,09:10:00,229,10,0,0
78008,09:12:00,09:13:00,255,11,0,0
78008,09:15:00,09:16:00,316,12,0,0
78008,09:18:00,09:19:00,252,13,0,0
78110,08:34:00,08:35:00,1,1,0,0
78110,08:38:00,08:39:00,386,2,0,0
78110,08:41:00,08:42:00,500,3,0,0
78110,08:43:00,08:44:00,387,4,0,0
78110,08:46:00,08:47:00,388,5,0,0
78110,08:50:00,08:51:00,520,6,0,0
78110,08:54:00,08:55:00,346,7,0,0
78110,09:00:00,09:01:00,340,8,0,0
78110,09:05:00,09:06:00,239,9,0,0
78110,09:09:00,09:10:00,232,10,0,0
78110,09:12:00,09:13:00,342,11,0,0
78110,09:16:00,09:17:00,237,12,0,0
78110,09:20:00,09:21:00,349,13,0,0
78568,08:37:00,08:38:00,1,1,0,0
78568,08:44:00,08:45:00,400,2,0,0
78568,08:46:00,08:47:00,225,3,0,0
78568,08:49:00,08:50:00,382,4,0,0
78568,08:51:00,08:52:00,501,5,0,0
78568,08:53:00,08:54:00,385,6,0,0
78568,08:57:00,08:58:00,452,7,0,0
78568,09:00:00,09:01:00,449,8,0,0
78568,09:03:00,09:04:00,451,9,0,0
78568,09:06:00,09:07:00,258,10,0,0
78568,09:09:00,09:10:00,276,11,0,0
78568,09:12:00,09:13:00,281,12,0,0
78568,09:16:00,09:17:00,230,13,0,0
78568,09:18:00,09:19:00,282,14,0,0
78568,09:23:00,09:24:00,306,15,0,0
78568,09:29:00,09:30:00,310,16,0,0
78568,09:31:00,09:32:00,352,17,0,0
78568,09:36:00,09:37:00,398,18,0,0
78568,09:38:00,09:39:00,287,19,0,0
78568,09:41:00,09:42:00,453,20,0,0
78568,09:44:00,09:45:00,399,21,0,0
78407,08:38:00,08:39:00,1,1,0,0
78407,08:43:00,08:44:00,450,2,0,0
78407,08:48:00,08:49:00,331,3,0,0
78407,08:50:00,08:51:00,245,4,0,0
78407,08:52:00,08:53:00,421,5,0,0
78407,08:54:00,08:55:00,274,6,0,0
78407,08:56:00,08:57:00,377,7,0,0
78407,08:58:00,08:59:00,241,8,0,0
78407,09:01:00,09:02:00,250,9,0,0
78407,09:04:00,09:05:00,380,10,0,0
78407,09:08:00,09:09:00,384,11,0,0
78407,09:13:00,09:14:00,299,12,0,0
78407,09:17:00,09:18:00,343,13,0,0
78407,09:20:00,09:21:00,339,14,0,0
78407,09:22:00,09:23:00,354,15,0,0
78407,09:25:00,09:26:00,235,16,0,0
78407,09:30:00,09:31:00,283,17,0,0
78407,09:35:00,09:36:00,298,18,0,0
77986,08:59:00,09:00:00,1,1,0,0
77986,09:03:00,09:04:00,386,2,0,0
77986,09:08:00,09:09:00,391,3,0,0
77986,09:10:00,09:11:00,248,4,0,0
77986,09:12:00,09:13:00,392,5,0,0
77986,09:15:00,09:16:00,305,6,0,0
77986,09:18:00,09:19:00,213,7,0,0
77986,09:23:00,09:24:00,358,8,0,0
77986,09:28:00,09:29:00,296,9,0,0
77986,09:31:00,09:32:00,229,10,0,0
77986,09:33:00,09:34:00,255,11,0,0
77986,09:37:00,09:38:00,316,12,0,0
77986,09:52:00,09:53:00,252,13,0,0
77986,09:57:00,09:58:00,336,14,0,0
77986,09:59:00,10:00:00,359,15,0,0
77986,10:01:00,10:02:00,322,16,0,0
77986,10:03:00,10:04:00,207,17,0,0
77986,10:05:00,10:06:00,393,18,0,0
77986,10:12:00,10:13:00,394,19,0,0
77986,10:17:00,10:18:00,275,20,0,0
77986,10:22:00,10:23:00,286,21,0,0
77986,10:29:00,10:30:00,395,22,0,0
77986,10:34:00,10:35:00,328,23,0,0
77986,10:39:00,10:40:00,396,24,0,0
77986,10:43:00,10:44:00,397,25,0,0
78409,09:08:00,09:09:00,1,1,0,0
78409,09:13:00,09:14:00,450,2,0,0
78409,09:18:00,09:19:00,331,3,0,0
78409,09:20:00,09:21:00,245,4,0,0
78409,09:22:00,09:23:00,421,5,0,0
78409,09:24:00,09:25:00,274,6,0,0
78409,09:26:00,09:27:00,377,7,0,0
78409,09:28:00,09:29:00,241,8,0,0
78409,09:31:00,09:32:00,250,9,0,0
78409,09:34:00,09:35:00,380,10,0,0
78409,09:38:00,09:39:00,384,11,0,0
78409,09:42:00,09:43:00,299,12,0,0
78409,09:47:00,09:48:00,343,13,0,0
78409,09:49:00,09:50:00,339,14,0,0
78009,09:14:00,09:15:00,1,1,0,0
78009,09:18:00,09:19:00,386,2,0,0
78009,09:23:00,09:24:00,391,3,0,0
78009,09:26:00,09:27:00,248,4,0,0
78009,09:28:00,09:29:00,392,5,0,0
78009,09:31:00,09:32:00,305,6,0,0
78009,09:34:00,09:35:00,213,7,0,0
78009,09:45:00,09:46:00,358,8,0,0
78009,09:51:00,09:52:00,296,9,0,0
78009,09:54:00,09:55:00,229,10,0,0
78009,09:57:00,09:58:00,255,11,0,0
78009,10:00:00,10:01:00,316,12,0,0
78009,10:03:00,10:04:00,252,13,0,0
78684,09:29:00,09:30:00,1,1,0,0
78684,09:38:00,09:39:00,400,2,0,0
78684,09:43:00,09:44:00,238,3,0,0
78684,09:46:00,09:47:00,540,4,0,0
78684,09:50:00,09:51:00,362,5,0,0
78684,10:01:00,10:02:00,374,6,0,0
78684,10:09:00,10:10:00,271,7,0,0
78684,10:15:00,10:16:00,433,8,0,0
78684,10:22:00,10:23:00,307,9,0,0
78684,10:27:00,10:28:00,256,10,0,0
78684,10:37:00,10:38:00,408,11,0,0
78010,09:29:00,09:30:00,1,1,0,0
78010,09:33:00,09:34:00,386,2,0,0
78010,09:38:00,09:39:00,391,3,0,0
78010,09:41:00,09:42:00,248,4,0,0
78010,09:43:00,09:44:00,392,5,0,0
78010,09:46:00,09:47:00,305,6,0,0
78010,09:49:00,09:50:00,213,7,0,0
78010,10:00:00,10:01:00,358,8,0,0
78010,10:06:00,10:07:00,296,9,0,0
78010,10:09:00,10:10:00,229,10,0,0
78010,10:12:00,10:13:00,255,11,0,0
78010,10:15:00,10:16:00,316,12,0,0
78010,10:18:00,10:19:00,252,13,0,0
78111,09:34:00,09:35:00,1,1,0,0
78111,09:38:00,09:39:00,386,2,0,0
78111,09:41:00,09:42:00,500,3,0,0
78111,09:43:00,09:44:00,387,4,0,0
78111,09:46:00,09:47:00,388,5,0,0
78111,09:50:00,09:51:00,520,6,0,0
78111,09:54:00,09:55:00,346,7,0,0
78111,10:00:00,10:01:00,340,8,0,0
78111,10:05:00,10:06:00,239,9,0,0
78111,10:09:00,10:10:00,232,10,0,0
78111,10:12:00,10:13:00,342,11,0,0
78111,10:16:00,10:17:00,237,12,0,0
78111,10:20:00,10:21:00,349,13,0,0
78588,09:37:00,09:38:00,1,1,0,0
78588,09:44:00,09:45:00,400,2,0,0
78588,09:46:00,09:47:00,225,3,0,0
78588,09:49:00,09:50:00,382,4,0,0
78588,09:51:00,09:52:00,501,5,0,0
78588,09:53:00,09:54:00,385,6,0,0
78588,09:57:00,09:58:00,452,7,0,0
78588,10:00:00,10:01:00,449,8,0,0
78588,10:03:00,10:04:00,451,9,0,0
78588,10:06:00,10:07:00,258,10,0,0
78588,10:09:00,10:10:00,276,11,0,0
78588,10:12:00,10:13:00,281,12,0,0
78588,10:16:00,10:17:00,230,13,0,0
78588,10:18:00,10:19:00,282,14,0,0
78588,10:23:00,10:24:00,306,15,0,0
78588,10:29:00,10:30:00,310,16,0,0
78588,10:31:00,10:32:00,352,17,0,0
78588,10:35:00,10:36:00,398,18,0,0
78411,09:38:00,09:39:00,1,1,0,0
78411,09:43:00,09:44:00,450,2,0,0
78411,09:48:00,09:49:00,331,3,0,0
78411,09:50:00,09:51:00,245,4,0,0
78411,09:52:00,09:53:00,421,5,0,0
78411,09:58:00,09:59:00,250,6,0,0
78411,10:00:00,10:01:00,380,7,0,0
78411,10:05:00,10:06:00,384,8,0,0
78411,10:09:00,10:10:00,299,9,0,0
78411,10:13:00,10:14:00,343,10,0,0
78411,10:16:00,10:17:00,339,11,0,0
78411,10:18:00,10:19:00,354,12,0,0
78411,10:21:00,10:22:00,235,13,0,0
78411,10:26:00,10:27:00,283,14,0,0
78411,10:31:00,10:32:00,298,15,0,0
78411,10:35:00,10:36:00,367,16,0,0
78411,10:40:00,10:41:00,364,17,0,0
78411,10:46:00,10:47:00,412,18,0,0
78411,10:51:00,10:52:00,330,19,0,0
78411,10:56:00,10:57:00,203,20,0,0
77987,09:59:00,10:00:00,1,1,0,0
77987,10:03:00,10:04:00,386,2,0,0
77987,10:08:00,10:09:00,391,3,0,0
77987,10:10:00,10:11:00,248,4,0,0
77987,10:12:00,10:13:00,392,5,0,0
77987,10:15:00,10:16:00,305,6,0,0
77987,10:18:00,10:19:00,213,7,0,0
77987,10:23:00,10:24:00,358,8,0,0
77987,10:28:00,10:29:00,296,9,0,0
77987,10:31:00,10:32:00,229,10,0,0
77987,10:33:00,10:34:00,255,11,0,0
77987,10:37:00,10:38:00,316,12,0,0
77987,10:52:00,10:53:00,252,13,0,0
77987,10:57:00,10:58:00,336,14,0,0
77987,10:59:00,11:00:00,359,15,0,0
77987,11:01:00,11:02:00,322,16,0,0
77987,11:03:00,11:04:00,207,17,0,0
77987,11:05:00,11:06:00,393,18,0,0
77987,11:12:00,11:13:00,394,19,0,0
77987,11:17:00,11:18:00,275,20,0,0
77987,11:22:00,11:23:00,286,21,0,0
77987,11:29:00,11:30:00,395,22,0,0
77987,11:34:00,11:35:00,328,23,0,0
77987,11:38:00,11:39:00,396,24,0,0
78310,10:00:00,10:01:00,1,1,0,0
78310,10:31:00,10:32:00,339,2,0,0
78310,11:04:00,11:05:00,203,3,0,0
78310,11:15:00,11:16:00,267,4,0,0
78310,11:32:00,11:33:00,357,5,0,0
78310,11:47:00,11:48:00,273,6,0,0
78310,12:09:00,12:10:00,308,7,0,0
78310,12:31:00,12:32:00,335,8,0,0
78310,12:54:00,12:55:00,243,9,0,0
78011,10:14:00,10:15:00,1,1,0,0
78011,10:18:00,10:19:00,386,2,0,0
78011,10:23:00,10:24:00,391,3,0,0
78011,10:26:00,10:27:00,248,4,0,0
78011,10:28:00,10:29:00,392,5,0,0
78011,10:31:00,10:32:00,305,6,0,0
78011,10:34:00,10:35:00,213,7,0,0
78011,10:45:00,10:46:00,358,8,0,0
78011,10:51:00,10:52:00,296,9,0,0
78011,10:54:00,10:55:00,229,10,0,0
78011,10:57:00,10:58:00,255,11,0,0
78011,11:00:00,11:01:00,316,12,0,0
78011,11:03:00,11:04:00,252,13,0,0
78012,10:29:00,10:30:00,1,1,0,0
78012,10:33:00,10:34:00,386,2,0,0
78012,10:38:00,10:39:00,391,3,0,0
78012,10:41:00,10:42:00,248,4,0,0
78012,10:43:00,10:44:00,392,5,0,0
78012,10:46:00,10:47:00,305,6,0,0
78012,10:49:00,10:50:00,213,7,0,0
78012,11:00:00,11:01:00,358,8,0,0
78012,11:06:00,11:07:00,296,9,0,0
78012,11:09:00,11:10:00,229,10,0,0
78012,11:12:00,11:13:00,255,11,0,0
78012,11:15:00,11:16:00,316,12,0,0
78012,11:18:00,11:19:00,252,13,0,0
78112,10:34:00,10:35:00,1,1,0,0
78112,10:38:00,10:39:00,386,2,0,0
78112,10:41:00,10:42:00,500,3,0,0
78112,10:43:00,10:44:00,387,4,0,0
78112,10:46:00,10:47:00,388,5,0,0
78112,10:50:00,10:51:00,520,6,0,0
78112,10:54:00,10:55:00,346,7,0,0
78112,10:59:00,11:00:00,340,8,0,0
78112,11:04:00,11:05:00,239,9,0,0
78112,11:11:00,11:12:00,232,10,0,0
78112,11:14:00,11:15:00,342,11,0,0
78112,11:19:00,11:20:00,237,12,0,0
78112,11:23:00,11:24:00,349,13,0,0
78569,10:37:00,10:38:00,1,1,0,0
78569,10:44:00,10:45:00,400,2,0,0
78569,10:46:00,10:47:00,225,3,0,0
78569,10:49:00,10:50:00,382,4,0,0
78569,10:51:00,10:52:00,501,5,0,0
78569,10:53:00,10:54:00,385,6,0,0
78569,10:57:00,10:58:00,452,7,0,0
78569,11:00:00,11:01:00,449,8,0,0
78569,11:03:00,11:04:00,451,9,0,0
78569,11:06:00,11:07:00,258,10,0,0
78569,11:09:00,11:10:00,276,11,0,0
78569,11:12:00,11:13:00,281,12,0,0
78569,11:16:00,11:17:00,230,13,0,0
78569,11:18:00,11:19:00,282,14,0,0
78569,11:23:00,11:24:00,306,15,0,0
78569,11:29:00,11:30:00,310,16,0,0
78569,11:31:00,11:32:00,352,17,0,0
78569,11:36:00,11:37:00,398,18,0,0
78569,11:38:00,11:39:00,287,19,0,0
78569,11:41:00,11:42:00,453,20,0,0
78569,11:44:00,11:45:00,399,21,0,0
78413,10:38:00,10:39:00,1,1,0,0
78413,10:43:00,10:44:00,450,2,0,0
78413,10:48:00,10:49:00,331,3,0,0
78413,10:50:00,10:51:00,245,4,0,0
78413,10:52:00,10:53:00,421,5,0,0
78413,10:54:00,10:55:00,274,6,0,0
78413,10:56:00,10:57:00,377,7,0,0
78413,10:58:00,10:59:00,241,8,0,0
78413,11:01:00,11:02:00,250,9,0,0
78413,11:04:00,11:05:00,380,10,0,0
78413,11:08:00,11:09:00,384,11,0,0
78413,11:12:00,11:13:00,299,12,0,0
78413,11:17:00,11:18:00,343,13,0,0
78413,11:19:00,11:20:00,339,14,0,0
78413,11:21:00,11:22:00,354,15,0,0
78413,11:25:00,11:26:00,235,16,0,0
78413,11:29:00,11:30:00,283,17,0,0
78413,11:34:00,11:35:00,298,18,0,0
77988,10:59:00,11:00:00,1,1,0,0
77988,11:03:00,11:04:00,386,2,0,0
77988,11:08:00,11:09:00,391,3,0,0
77988,11:10:00,11:11:00,248,4,0,0
77988,11:12:00,11:13:00,392,5,0,0
77988,11:15:00,11:16:00,305,6,0,0
77988,11:18:00,11:19:00,213,7,0,0
77988,11:23:00,11:24:00,358,8,0,0
77988,11:28:00,11:29:00,296,9,0,0
77988,11:31:00,11:32:00,229,10,0,0
77988,11:33:00,11:34:00,255,11,0,0
77988,11:37:00,11:38:00,316,12,0,0
77988,11:52:00,11:53:00,252,13,0,0
77988,11:57:00,11:58:00,336,14,0,0
77988,11:59:00,12:00:00,359,15,0,0
77988,12:01:00,12:02:00,322,16,0,0
77988,12:03:00,12:04:00,207,17,0,0
77988,12:05:00,12:06:00,393,18,0,0
77988,12:18:00,12:19:00,394,19,0,0
77988,12:23:00,12:24:00,275,20,0,0
77988,12:27:00,12:28:00,286,21,0,0
78013,11:14:00,11:15:00,1,1,0,0
78013,11:18:00,11:19:00,386,2,0,0
78013,11:23:00,11:24:00,391,3,0,0
78013,11:26:00,11:27:00,248,4,0,0
78013,11:28:00,11:29:00,392,5,0,0
78013,11:31:00,11:32:00,305,6,0,0
78013,11:34:00,11:35:00,213,7,0,0
78013,11:45:00,11:46:00,358,8,0,0
78013,11:51:00,11:52:00,296,9,0,0
78013,11:54:00,11:55:00,229,10,0,0
78013,11:57:00,11:58:00,255,11,0,0
78013,12:00:00,12:01:00,316,12,0,0
78013,12:03:00,12:04:00,252,13,0,0
78113,11:34:00,11:35:00,1,1,0,0
78113,11:38:00,11:39:00,386,2,0,0
78113,11:41:00,11:42:00,500,3,0,0
78113,11:43:00,11:44:00,387,4,0,0
78113,11:46:00,11:47:00,388,5,0,0
78113,11:50:00,11:51:00,520,6,0,0
78113,11:54:00,11:55:00,346,7,0,0
78113,12:00:00,12:01:00,340,8,0,0
78113,12:05:00,12:06:00,239,9,0,0
78113,12:09:00,12:10:00,232,10,0,0
78113,12:12:00,12:13:00,342,11,0,0
78113,12:16:00,12:17:00,237,12,0,0
78113,12:20:00,12:21:00,349,13,0,0
78592,11:37:00,11:38:00,1,1,0,0
78592,11:44:00,11:45:00,400,2,0,0
78592,11:46:00,11:47:00,225,3,0,0
78592,11:49:00,11:50:00,382,4,0,0
78592,11:51:00,11:52:00,501,5,0,0
78592,11:53:00,11:54:00,385,6,0,0
78592,11:57:00,11:58:00,452,7,0,0
78592,12:00:00,12:01:00,449,8,0,0
78592,12:03:00,12:04:00,451,9,0,0
78592,12:06:00,12:07:00,258,10,0,0
78592,12:09:00,12:10:00,276,11,0,0
78592,12:12:00,12:13:00,281,12,0,0
78592,12:16:00,12:17:00,230,13,0,0
78592,12:18:00,12:19:00,282,14,0,0
78592,12:23:00,12:24:00,306,15,0,0
78592,12:29:00,12:30:00,310,16,0,0
78592,12:31:00,12:32:00,352,17,0,0
78592,12:35:00,12:36:00,398,18,0,0
78416,11:38:00,11:39:00,1,1,0,0
78416,11:43:00,11:44:00,450,2,0,0
78416,11:48:00,11:49:00,331,3,0,0
78416,11:50:00,11:51:00,245,4,0,0
78416,11:52:00,11:53:00,421,5,0,0
78416,11:58:00,11:59:00,250,6,0,0
78416,12:00:00,12:01:00,380,7,0,0
78416,12:05:00,12:06:00,384,8,0,0
78416,12:09:00,12:10:00,299,9,0,0
78416,12:13:00,12:14:00,343,10,0,0
78416,12:16:00,12:17:00,339,11,0,0
78416,12:18:00,12:19:00,354,12,0,0
78416,12:21:00,12:22:00,235,13,0,0
78416,12:26:00,12:27:00,283,14,0,0
78416,12:31:00,12:32:00,298,15,0,0
78416,12:35:00,12:36:00,367,16,0,0
78416,12:40:00,12:41:00,364,17,0,0
78416,12:46:00,12:47:00,412,18,0,0
78416,12:51:00,12:52:00,330,19,0,0
78416,12:56:00,12:57:00,203,20,0,0
77989,11:44:00,11:45:00,1,1,0,0
77989,11:48:00,11:49:00,386,2,0,0
77989,11:53:00,11:54:00,391,3,0,0
77989,11:55:00,11:56:00,248,4,0,0
77989,11:57:00,11:58:00,392,5,0,0
77989,12:00:00,12:01:00,305,6,0,0
77989,12:03:00,12:04:00,213,7,0,0
77989,12:08:00,12:09:00,358,8,0,0
77989,12:13:00,12:14:00,296,9,0,0
77989,12:16:00,12:17:00,229,10,0,0
77989,12:19:00,12:20:00,255,11,0,0
77989,12:22:00,12:23:00,316,12,0,0
77989,12:38:00,12:39:00,252,13,0,0
77989,12:43:00,12:44:00,336,14,0,0
77989,12:45:00,12:46:00,359,15,0,0
77989,12:47:00,12:48:00,322,16,0,0
77989,12:49:00,12:50:00,207,17,0,0
77989,12:51:00,12:52:00,393,18,0,0
77989,12:58:00,12:59:00,394,19,0,0
77989,13:03:00,13:04:00,275,20,0,0
77989,13:08:00,13:09:00,286,21,0,0
77989,13:15:00,13:16:00,395,22,0,0
77989,13:20:00,13:21:00,328,23,0,0
77989,13:25:00,13:26:00,396,24,0,0
77989,13:29:00,13:30:00,397,25,0,0
78715,11:44:00,11:45:00,1,1,0,0
78715,11:53:00,11:54:00,400,2,0,0
78715,12:00:00,12:01:00,362,3,0,0
78715,12:21:00,12:22:00,307,4,0,0
78715,12:32:00,12:33:00,408,5,0,0
78715,12:41:00,12:42:00,301,6,0,0
78715,13:03:00,13:04:00,233,7,0,0
78715,13:15:00,13:16:00,309,8,0,0
78715,13:28:00,13:29:00,432,9,0,0
78715,13:42:00,13:43:00,419,10,0,0
78715,13:59:00,14:00:00,312,11,0,0
78715,14:04:00,14:05:00,460,12,0,0
78014,11:59:00,12:00:00,1,1,0,0
78014,12:03:00,12:04:00,386,2,0,0
78014,12:08:00,12:09:00,391,3,0,0
78014,12:11:00,12:12:00,248,4,0,0
78014,12:13:00,12:14:00,392,5,0,0
78014,12:16:00,12:17:00,305,6,0,0
78014,12:19:00,12:20:00,213,7,0,0
78014,12:30:00,12:31:00,358,8,0,0
78014,12:36:00,12:37:00,296,9,0,0
78014,12:39:00,12:40:00,229,10,0,0
78014,12:42:00,12:43:00,255,11,0,0
78014,12:45:00,12:46:00,316,12,0,0
78014,12:48:00,12:49:00,252,13,0,0
78345,12:00:00,12:01:00,1,1,0,0
78345,12:31:00,12:32:00,339,2,0,0
78345,13:04:00,13:05:00,203,3,0,0
78345,13:27:00,13:28:00,357,4,0,0
78345,13:43:00,13:44:00,273,5,0,0
78345,14:28:00,14:29:00,441,6,0,0
78345,14:49:00,14:50:00,372,7,0,0
78345,15:09:00,15:10:00,311,8,0,0
78015,12:14:00,12:15:00,1,1,0,0
78015,12:18:00,12:19:00,386,2,0,0
78015,12:23:00,12:24:00,391,3,0,0
78015,12:26:00,12:27:00,248,4,0,0
78015,12:28:00,12:29:00,392,5,0,0
78015,12:31:00,12:32:00,305,6,0,0
78015,12:34:00,12:35:00,213,7,0,0
78015,12:45:00,12:46:00,358,8,0,0
78015,12:51:00,12:52:00,296,9,0,0
78015,12:54:00,12:55:00,229,10,0,0
78015,12:57:00,12:58:00,255,11,0,0
78015,13:00:00,13:01:00,316,12,0,0
78015,13:03:00,13:04:00,252,13,0,0
78688,12:29:00,12:30:00,1,1,0,0
78688,12:38:00,12:39:00,400,2,0,0
78688,12:43:00,12:44:00,238,3,0,0
78688,12:46:00,12:47:00,540,4,0,0
78688,12:50:00,12:51:00,362,5,0,0
78688,13:01:00,13:02:00,374,6,0,0
78688,13:09:00,13:10:00,271,7,0,0
78688,13:15:00,13:16:00,433,8,0,0
78688,13:22:00,13:23:00,307,9,0,0
78688,13:27:00,13:28:00,256,10,0,0
78688,13:37:00,13:38:00,408,11,0,0
78267,12:30:00,12:31:00,1,1,0,0
78267,12:40:00,12:41:00,331,2,0,0
78267,13:04:00,13:05:00,339,3,0,0
78267,13:18:00,13:19:00,298,4,0,0
78267,13:41:00,13:42:00,203,5,0,0
78267,13:52:00,13:53:00,267,6,0,0
78267,14:01:00,14:02:00,204,7,0,0
78267,14:12:00,14:13:00,357,8,0,0
78267,14:27:00,14:28:00,273,9,0,0
78267,14:41:00,14:42:00,427,10,0,0
78267,14:52:00,14:53:00,308,11,0,0
78267,15:02:00,15:03:00,360,12,0,0
78267,15:15:00,15:16:00,335,13,0,0
78267,15:26:00,15:27:00,430,14,0,0
78267,15:31:00,15:32:00,304,15,0,0
78267,15:44:00,15:45:00,243,16,0,0
78114,12:34:00,12:35:00,1,1,0,0
78114,12:38:00,12:39:00,386,2,0,0
78114,12:41:00,12:42:00,500,3,0,0
78114,12:43:00,12:44:00,387,4,0,0
78114,12:46:00,12:47:00,388,5,0,0
78114,12:50:00,12:51:00,520,6,0,0
78114,12:54:00,12:55:00,346,7,0,0
78114,13:00:00,13:01:00,340,8,0,0
78114,13:05:00,13:06:00,239,9,0,0
78114,13:09:00,13:10:00,232,10,0,0
78114,13:12:00,13:13:00,342,11,0,0
78114,13:16:00,13:17:00,237,12,0,0
78114,13:20:00,13:21:00,349,13,0,0
78570,12:37:00,12:38:00,1,1,0,0
78570,12:44:00,12:45:00,400,2,0,0
78570,12:46:00,12:47:00,225,3,0,0
78570,12:49:00,12:50:00,382,4,0,0
78570,12:51:00,12:52:00,501,5,0,0
78570,12:53:00,12:54:00,385,6,0,0
78570,12:57:00,12:58:00,452,7,0,0
78570,13:00:00,13:01:00,449,8,0,0
78570,13:03:00,13:04:00,451,9,0,0
78570,13:06:00,13:07:00,258,10,0,0
78570,13:09:00,13:10:00,276,11,0,0
78570,13:12:00,13:13:00,281,12,0,0
78570,13:16:00,13:17:00,230,13,0,0
78570,13:18:00,13:19:00,282,14,0,0
78570,13:23:00,13:24:00,306,15,0,0
78570,13:29:00,13:30:00,310,16,0,0
78570,13:31:00,13:32:00,352,17,0,0
78570,13:36:00,13:37:00,398,18,0,0
78570,13:38:00,13:39:00,287,19,0,0
78570,13:41:00,13:42:00,453,20,0,0
78570,13:44:00,13:45:00,399,21,0,0
78419,12:38:00,12:39:00,1,1,0,0
78419,12:43:00,12:44:00,450,2,0,0
78419,12:48:00,12:49:00,331,3,0,0
78419,12:50:00,12:51:00,245,4,0,0
78419,12:52:00,12:53:00,421,5,0,0
78419,12:54:00,12:55:00,274,6,0,0
78419,12:56:00,12:57:00,377,7,0,0
78419,12:58:00,12:59:00,241,8,0,0
78419,13:01:00,13:02:00,250,9,0,0
78419,13:04:00,13:05:00,380,10,0,0
78419,13:08:00,13:09:00,384,11,0,0
78419,13:12:00,13:13:00,299,12,0,0
78419,13:17:00,13:18:00,343,13,0,0
78419,13:19:00,13:20:00,339,14,0,0
78419,13:21:00,13:22:00,354,15,0,0
78419,13:25:00,13:26:00,235,16,0,0
78419,13:29:00,13:30:00,283,17,0,0
78419,13:34:00,13:35:00,298,18,0,0
78419,13:39:00,13:40:00,367,19,0,0
78419,13:43:00,13:44:00,364,20,0,0
78419,13:50:00,13:51:00,412,21,0,0
78419,13:55:00,13:56:00,330,22,0,0
78419,14:00:00,14:01:00,203,23,0,0
77990,12:44:00,12:45:00,1,1,0,0
77990,12:48:00,12:49:00,386,2,0,0
77990,12:53:00,12:54:00,391,3,0,0
77990,12:55:00,12:56:00,248,4,0,0
77990,12:57:00,12:58:00,392,5,0,0
77990,13:00:00,13:01:00,305,6,0,0
77990,13:03:00,13:04:00,213,7,0,0
77990,13:08:00,13:09:00,358,8,0,0
77990,13:13:00,13:14:00,296,9,0,0
77990,13:16:00,13:17:00,229,10,0,0
77990,13:19:00,13:20:00,255,11,0,0
77990,13:22:00,13:23:00,316,12,0,0
77990,13:38:00,13:39:00,252,13,0,0
77990,13:43:00,13:44:00,336,14,0,0
77990,13:45:00,13:46:00,359,15,0,0
77990,13:47:00,13:48:00,322,16,0,0
77990,13:49:00,13:50:00,207,17,0,0
77990,13:51:00,13:52:00,393,18,0,0
77990,13:58:00,13:59:00,394,19,0,0
77990,14:03:00,14:04:00,275,20,0,0
77990,14:08:00,14:09:00,286,21,0,0
77990,14:15:00,14:16:00,395,22,0,0
77990,14:20:00,14:21:00,328,23,0,0
77990,14:25:00,14:26:00,396,24,0,0
77990,14:29:00,14:30:00,397,25,0,0
78420,13:08:00,13:09:00,1,1,0,0
78420,13:13:00,13:14:00,450,2,0,0
78420,13:18:00,13:19:00,331,3,0,0
78420,13:20:00,13:21:00,245,4,0,0
78420,13:22:00,13:23:00,421,5,0,0
78420,13:24:00,13:25:00,274,6,0,0
78420,13:26:00,13:27:00,377,7,0,0
78420,13:28:00,13:29:00,241,8,0,0
78420,13:31:00,13:32:00,250,9,0,0
78420,13:34:00,13:35:00,380,10,0,0
78420,13:39:00,13:40:00,384,11,0,0
78420,13:42:00,13:43:00,299,12,0,0
78420,13:47:00,13:48:00,343,13,0,0
78420,13:49:00,13:50:00,339,14,0,0
78016,13:14:00,13:15:00,1,1,0,0
78016,13:18:00,13:19:00,386,2,0,0
78016,13:23:00,13:24:00,391,3,0,0
78016,13:26:00,13:27:00,248,4,0,0
78016,13:28:00,13:29:00,392,5,0,0
78016,13:31:00,13:32:00,305,6,0,0
78016,13:34:00,13:35:00,213,7,0,0
78016,13:45:00,13:46:00,358,8,0,0
78016,13:51:00,13:52:00,296,9,0,0
78016,13:54:00,13:55:00,229,10,0,0
78016,13:57:00,13:58:00,255,11,0,0
78016,14:00:00,14:01:00,316,12,0,0
78016,14:03:00,14:04:00,252,13,0,0
78118,13:34:00,13:35:00,1,1,0,0
78118,13:38:00,13:39:00,386,2,0,0
78118,13:41:00,13:42:00,500,3,0,0
78118,13:43:00,13:44:00,387,4,0,0
78118,13:46:00,13:47:00,388,5,0,0
78118,13:50:00,13:51:00,520,6,0,0
78118,13:54:00,13:55:00,346,7,0,0
78118,14:00:00,14:01:00,340,8,0,0
78118,14:05:00,14:06:00,239,9,0,0
78118,14:09:00,14:10:00,232,10,0,0
78118,14:12:00,14:13:00,342,11,0,0
78118,14:16:00,14:17:00,237,12,0,0
78118,14:20:00,14:21:00,349,13,0,0
78598,13:37:00,13:38:00,1,1,0,0
78598,13:44:00,13:45:00,400,2,0,0
78598,13:46:00,13:47:00,225,3,0,0
78598,13:49:00,13:50:00,382,4,0,0
78598,13:51:00,13:52:00,501,5,0,0
78598,13:53:00,13:54:00,385,6,0,0
78598,13:57:00,13:58:00,452,7,0,0
78598,14:00:00,14:01:00,449,8,0,0
78598,14:03:00,14:04:00,451,9,0,0
78598,14:06:00,14:07:00,258,10,0,0
78598,14:09:00,14:10:00,276,11,0,0
78598,14:12:00,14:13:00,281,12,0,0
78598,14:16:00,14:17:00,230,13,0,0
78598,14:18:00,14:19:00,282,14,0,0
78598,14:23:00,14:24:00,306,15,0,0
78598,14:29:00,14:30:00,310,16,0,0
78598,14:31:00,14:32:00,352,17,0,0
78598,14:35:00,14:36:00,398,18,0,0
78421,13:38:00,13:39:00,1,1,0,0
78421,13:43:00,13:44:00,450,2,0,0
78421,13:48:00,13:49:00,331,3,0,0
78421,13:50:00,13:51:00,245,4,0,0
78421,13:52:00,13:53:00,421,5,0,0
78421,13:58:00,13:59:00,250,6,0,0
78421,14:00:00,14:01:00,380,7,0,0
78421,14:05:00,14:06:00,384,8,0,0
78421,14:09:00,14:10:00,299,9,0,0
78421,14:13:00,14:14:00,343,10,0,0
78421,14:16:00,14:17:00,339,11,0,0
78421,14:18:00,14:19:00,354,12,0,0
78421,14:21:00,14:22:00,235,13,0,0
78421,14:26:00,14:27:00,283,14,0,0
78421,14:31:00,14:32:00,298,15,0,0
78421,14:35:00,14:36:00,367,16,0,0
78421,14:40:00,14:41:00,364,17,0,0
78421,14:46:00,14:47:00,412,18,0,0
78421,14:51:00,14:52:00,330,19,0,0
78421,14:56:00,14:57:00,203,20,0,0
77991,13:44:00,13:45:00,1,1,0,0
77991,13:48:00,13:49:00,386,2,0,0
77991,13:53:00,13:54:00,391,3,0,0
77991,13:55:00,13:56:00,248,4,0,0
77991,13:57:00,13:58:00,392,5,0,0
77991,14:00:00,14:01:00,305,6,0,0
77991,14:03:00,14:04:00,213,7,0,0
77991,14:08:00,14:09:00,358,8,0,0
77991,14:13:00,14:14:00,296,9,0,0
77991,14:16:00,14:17:00,229,10,0,0
77991,14:19:00,14:20:00,255,11,0,0
77991,14:22:00,14:23:00,316,12,0,0
77991,14:38:00,14:39:00,252,13,0,0
77991,14:43:00,14:44:00,336,14,0,0
77991,14:45:00,14:46:00,359,15,0,0
77991,14:47:00,14:48:00,322,16,0,0
77991,14:49:00,14:50:00,207,17,0,0
77991,14:51:00,14:52:00,393,18,0,0
77991,14:58:00,14:59:00,394,19,0,0
77991,15:03:00,15:04:00,275,20,0,0
77991,15:08:00,15:09:00,286,21,0,0
77991,15:15:00,15:16:00,395,22,0,0
77991,15:20:00,15:21:00,328,23,0,0
77991,15:25:00,15:26:00,396,24,0,0
77991,15:29:00,15:30:00,397,25,0,0
78017,13:59:00,14:00:00,1,1,0,0
78017,14:03:00,14:04:00,386,2,0,0
78017,14:08:00,14:09:00,391,3,0,0
78017,14:11:00,14:12:00,248,4,0,0
78017,14:13:00,14:14:00,392,5,0,0
78017,14:16:00,14:17:00,305,6,0,0
78017,14:19:00,14:20:00,213,7,0,0
78017,14:30:00,14:31:00,358,8,0,0
78017,14:36:00,14:37:00,296,9,0,0
78017,14:39:00,14:40:00,229,10,0,0
78017,14:42:00,14:43:00,255,11,0,0
78017,14:45:00,14:46:00,316,12,0,0
78017,14:48:00,14:49:00,252,13,0,0
78423,14:08:00,14:09:00,1,1,0,0
78423,14:13:00,14:14:00,450,2,0,0
78423,14:18:00,14:19:00,331,3,0,0
78423,14:20:00,14:21:00,245,4,0,0
78423,14:22:00,14:23:00,421,5,0,0
78423,14:24:00,14:25:00,274,6,0,0
78423,14:26:00,14:27:00,377,7,0,0
78423,14:28:00,14:29:00,241,8,0,0
78423,14:31:00,14:32:00,250,9,0,0
78423,14:34:00,14:35:00,380,10,0,0
78423,14:38:00,14:39:00,384,11,0,0
78423,14:42:00,14:43:00,299,12,0,0
78423,14:47:00,14:48:00,343,13,0,0
78423,14:49:00,14:50:00,339,14,0,0
78423,14:51:00,14:52:00,354,15,0,0
78423,14:55:00,14:56:00,235,16,0,0
78423,14:59:00,15:00:00,283,17,0,0
78423,15:04:00,15:05:00,298,18,0,0
78018,14:14:00,14:15:00,1,1,0,0
78018,14:18:00,14:19:00,386,2,0,0
78018,14:23:00,14:24:00,391,3,0,0
78018,14:26:00,14:27:00,248,4,0,0
78018,14:28:00,14:29:00,392,5,0,0
78018,14:31:00,14:32:00,305,6,0,0
78018,14:34:00,14:35:00,213,7,0,0
78018,14:45:00,14:46:00,358,8,0,0
78018,14:51:00,14:52:00,296,9,0,0
78018,14:54:00,14:55:00,229,10,0,0
78018,14:57:00,14:58:00,255,11,0,0
78018,15:00:00,15:01:00,316,12,0,0
78018,15:03:00,15:04:00,252,13,0,0
78689,14:29:00,14:30:00,1,1,0,0
78689,14:38:00,14:39:00,400,2,0,0
78689,14:43:00,14:44:00,238,3,0,0
78689,14:46:00,14:47:00,540,4,0,0
78689,14:50:00,14:51:00,362,5,0,0
78689,15:01:00,15:02:00,374,6,0,0
78689,15:09:00,15:10:00,271,7,0,0
78689,15:15:00,15:16:00,433,8,0,0
78689,15:22:00,15:23:00,307,9,0,0
78689,15:27:00,15:28:00,256,10,0,0
78689,15:37:00,15:38:00,408,11,0,0
78120,14:34:00,14:35:00,1,1,0,0
78120,14:38:00,14:39:00,386,2,0,0
78120,14:41:00,14:42:00,500,3,0,0
78120,14:43:00,14:44:00,387,4,0,0
78120,14:46:00,14:47:00,388,5,0,0
78120,14:50:00,14:51:00,520,6,0,0
78120,14:54:00,14:55:00,346,7,0,0
78120,15:00:00,15:01:00,340,8,0,0
78120,15:05:00,15:06:00,239,9,0,0
78120,15:09:00,15:10:00,232,10,0,0
78120,15:12:00,15:13:00,342,11,0,0
78120,15:16:00,15:17:00,237,12,0,0
78120,15:20:00,15:21:00,349,13,0,0
78571,14:37:00,14:38:00,1,1,0,0
78571,14:44:00,14:45:00,400,2,0,0
78571,14:46:00,14:47:00,225,3,0,0
78571,14:49:00,14:50:00,382,4,0,0
78571,14:51:00,14:52:00,501,5,0,0
78571,14:53:00,14:54:00,385,6,0,0
78571,14:57:00,14:58:00,452,7,0,0
78571,15:00:00,15:01:00,449,8,0,0
78571,15:03:00,15:04:00,451,9,0,0
78571,15:06:00,15:07:00,258,10,0,0
78571,15:09:00,15:10:00,276,11,0,0
78571,15:12:00,15:13:00,281,12,0,0
78571,15:16:00,15:17:00,230,13,0,0
78571,15:18:00,15:19:00,282,14,0,0
78571,15:23:00,15:24:00,306,15,0,0
78571,15:29:00,15:30:00,310,16,0,0
78571,15:31:00,15:32:00,352,17,0,0
78571,15:36:00,15:37:00,398,18,0,0
78571,15:38:00,15:39:00,287,19,0,0
78571,15:41:00,15:42:00,453,20,0,0
78571,15:44:00,15:45:00,399,21,0,0
78274,14:38:00,14:39:00,1,1,0,0
78274,14:43:00,14:44:00,450,2,0,0
78274,14:48:00,14:49:00,331,3,0,0
78274,14:51:00,14:52:00,421,4,0,0
78274,14:57:00,14:58:00,250,5,0,0
78274,14:59:00,15:00:00,380,6,0,0
78274,15:06:00,15:07:00,299,7,0,0
78274,15:10:00,15:11:00,343,8,0,0
78274,15:13:00,15:14:00,339,9,0,0
78274,15:15:00,15:16:00,354,10,0,0
78274,15:21:00,15:22:00,283,11,0,0
78274,15:26:00,15:27:00,298,12,0,0
78274,15:33:00,15:34:00,364,13,0,0
78274,15:40:00,15:41:00,412,14,0,0
78274,15:53:00,15:54:00,203,15,0,0
78274,16:04:00,16:05:00,267,16,0,0
78274,16:20:00,16:21:00,357,17,0,0
78274,16:35:00,16:36:00,273,18,0,0
78274,16:57:00,16:58:00,308,19,0,0
78274,17:20:00,17:21:00,335,20,0,0
78274,17:43:00,17:44:00,243,21,0,0
77992,14:44:00,14:45:00,1,1,0,0
77992,14:48:00,14:49:00,386,2,0,0
77992,14:53:00,14:54:00,391,3,0,0
77992,14:55:00,14:56:00,248,4,0,0
77992,14:57:00,14:58:00,392,5,0,0
77992,15:00:00,15:01:00,305,6,0,0
77992,15:03:00,15:04:00,213,7,0,0
77992,15:08:00,15:09:00,358,8,0,0
77992,15:13:00,15:14:00,296,9,0,0
77992,15:16:00,15:17:00,229,10,0,0
77992,15:19:00,15:20:00,255,11,0,0
77992,15:22:00,15:23:00,316,12,0,0
77992,15:38:00,15:39:00,252,13,0,0
77992,15:43:00,15:44:00,336,14,0,0
77992,15:45:00,15:46:00,359,15,0,0
77992,15:47:00,15:48:00,322,16,0,0
77992,15:49:00,15:50:00,207,17,0,0
77992,15:51:00,15:52:00,393,18,0,0
77992,15:58:00,15:59:00,394,19,0,0
77992,16:03:00,16:04:00,275,20,0,0
77992,16:08:00,16:09:00,286,21,0,0
77992,16:15:00,16:16:00,395,22,0,0
77992,16:20:00,16:21:00,328,23,0,0
77992,16:25:00,16:26:00,396,24,0,0
77992,16:29:00,16:30:00,397,25,0,0
78019,14:59:00,15:00:00,1,1,0,0
78019,15:03:00,15:04:00,386,2,0,0
78019,15:08:00,15:09:00,391,3,0,0
78019,15:11:00,15:12:00,248,4,0,0
78019,15:13:00,15:14:00,392,5,0,0
78019,15:16:00,15:17:00,305,6,0,0
78019,15:19:00,15:20:00,213,7,0,0
78019,15:30:00,15:31:00,358,8,0,0
78019,15:36:00,15:37:00,296,9,0,0
78019,15:39:00,15:40:00,229,10,0,0
78019,15:42:00,15:43:00,255,11,0,0
78019,15:45:00,15:46:00,316,12,0,0
78019,15:48:00,15:49:00,252,13,0,0
78424,15:08:00,15:09:00,1,1,0,0
78424,15:13:00,15:14:00,450,2,0,0
78424,15:18:00,15:19:00,331,3,0,0
78424,15:20:00,15:21:00,245,4,0,0
78424,15:22:00,15:23:00,421,5,0,0
78424,15:24:00,15:25:00,274,6,0,0
78424,15:26:00,15:27:00,377,7,0,0
78424,15:28:00,15:29:00,241,8,0,0
78424,15:31:00,15:32:00,250,9,0,0
78424,15:34:00,15:35:00,380,10,0,0
78424,15:38:00,15:39:00,384,11,0,0
78424,15:43:00,15:44:00,299,12,0,0
78424,15:47:00,15:48:00,343,13,0,0
78424,15:50:00,15:51:00,339,14,0,0
78424,15:52:00,15:53:00,354,15,0,0
78424,15:55:00,15:56:00,235,16,0,0
78424,16:00:00,16:01:00,283,17,0,0
78424,16:05:00,16:06:00,298,18,0,0
78600,15:09:00,15:10:00,1,1,0,0
78600,15:16:00,15:17:00,400,2,0,0
78600,15:18:00,15:19:00,225,3,0,0
78600,15:21:00,15:22:00,382,4,0,0
78600,15:23:00,15:24:00,501,5,0,0
78600,15:25:00,15:26:00,385,6,0,0
78600,15:29:00,15:30:00,452,7,0,0
78600,15:32:00,15:33:00,449,8,0,0
78600,15:35:00,15:36:00,451,9,0,0
78600,15:38:00,15:39:00,258,10,0,0
78600,15:42:00,15:43:00,276,11,0,0
78600,15:45:00,15:46:00,281,12,0,0
78600,15:48:00,15:49:00,230,13,0,0
78020,15:14:00,15:15:00,1,1,0,0
78020,15:18:00,15:19:00,386,2,0,0
78020,15:23:00,15:24:00,391,3,0,0
78020,15:26:00,15:27:00,248,4,0,0
78020,15:28:00,15:29:00,392,5,0,0
78020,15:31:00,15:32:00,305,6,0,0
78020,15:34:00,15:35:00,213,7,0,0
78020,15:45:00,15:46:00,358,8,0,0
78020,15:51:00,15:52:00,296,9,0,0
78020,15:54:00,15:55:00,229,10,0,0
78020,15:57:00,15:58:00,255,11,0,0
78020,16:00:00,16:01:00,316,12,0,0
78020,16:03:00,16:04:00,252,13,0,0
78690,15:24:00,15:25:00,1,1,0,0
78690,15:33:00,15:34:00,400,2,0,0
78690,15:37:00,15:38:00,238,3,0,0
78690,15:41:00,15:42:00,540,4,0,0
78690,15:45:00,15:46:00,362,5,0,0
78690,15:55:00,15:56:00,374,6,0,0
78690,16:10:00,16:11:00,433,7,0,0
78690,16:17:00,16:18:00,307,8,0,0
78690,16:21:00,16:22:00,256,9,0,0
78690,16:32:00,16:33:00,408,10,0,0
78690,16:42:00,16:43:00,301,11,0,0
78690,16:51:00,16:52:00,297,12,0,0
78690,17:01:00,17:02:00,206,13,0,0
78690,17:10:00,17:11:00,233,14,0,0
78121,15:34:00,15:35:00,1,1,0,0
78121,15:38:00,15:39:00,386,2,0,0
78121,15:41:00,15:42:00,500,3,0,0
78121,15:43:00,15:44:00,387,4,0,0
78121,15:46:00,15:47:00,388,5,0,0
78121,15:50:00,15:51:00,520,6,0,0
78121,15:54:00,15:55:00,346,7,0,0
78121,16:00:00,16:01:00,340,8,0,0
78121,16:05:00,16:06:00,239,9,0,0
78121,16:09:00,16:10:00,232,10,0,0
78121,16:12:00,16:13:00,342,11,0,0
78121,16:16:00,16:17:00,237,12,0,0
78121,16:20:00,16:21:00,349,13,0,0
78573,15:37:00,15:38:00,1,1,0,0
78573,15:44:00,15:45:00,400,2,0,0
78573,15:46:00,15:47:00,225,3,0,0
78573,15:49:00,15:50:00,382,4,0,0
78573,15:51:00,15:52:00,501,5,0,0
78573,15:53:00,15:54:00,385,6,0,0
78573,15:57:00,15:58:00,452,7,0,0
78573,16:00:00,16:01:00,449,8,0,0
78573,16:03:00,16:04:00,451,9,0,0
78573,16:06:00,16:07:00,258,10,0,0
78573,16:09:00,16:10:00,276,11,0,0
78573,16:12:00,16:13:00,281,12,0,0
78573,16:16:00,16:17:00,230,13,0,0
78573,16:18:00,16:19:00,282,14,0,0
78573,16:23:00,16:24:00,306,15,0,0
78573,16:29:00,16:30:00,310,16,0,0
78573,16:31:00,16:32:00,352,17,0,0
78573,16:36:00,16:37:00,398,18,0,0
78573,16:38:00,16:39:00,287,19,0,0
78573,16:41:00,16:42:00,453,20,0,0
78573,16:44:00,16:45:00,399,21,0,0
78426,15:38:00,15:39:00,1,1,0,0
78426,15:43:00,15:44:00,450,2,0,0
78426,15:48:00,15:49:00,331,3,0,0
78426,15:50:00,15:51:00,245,4,0,0
78426,15:52:00,15:53:00,421,5,0,0
78426,15:54:00,15:55:00,274,6,0,0
78426,15:59:00,16:00:00,250,7,0,0
78426,16:01:00,16:02:00,380,8,0,0
78426,16:06:00,16:07:00,384,9,0,0
78426,16:10:00,16:11:00,299,10,0,0
78426,16:14:00,16:15:00,343,11,0,0
78426,16:17:00,16:18:00,339,12,0,0
78426,16:19:00,16:20:00,354,13,0,0
78426,16:22:00,16:23:00,235,14,0,0
78426,16:27:00,16:28:00,283,15,0,0
78426,16:32:00,16:33:00,298,16,0,0
78426,16:36:00,16:37:00,367,17,0,0
78426,16:41:00,16:42:00,364,18,0,0
78426,16:47:00,16:48:00,412,19,0,0
78426,16:52:00,16:53:00,330,20,0,0
78426,16:57:00,16:58:00,203,21,0,0
77993,15:44:00,15:45:00,1,1,0,0
77993,15:48:00,15:49:00,386,2,0,0
77993,15:53:00,15:54:00,391,3,0,0
77993,15:55:00,15:56:00,248,4,0,0
77993,15:57:00,15:58:00,392,5,0,0
77993,16:00:00,16:01:00,305,6,0,0
77993,16:03:00,16:04:00,213,7,0,0
77993,16:08:00,16:09:00,358,8,0,0
77993,16:13:00,16:14:00,296,9,0,0
77993,16:16:00,16:17:00,229,10,0,0
77993,16:19:00,16:20:00,255,11,0,0
77993,16:22:00,16:23:00,316,12,0,0
77993,16:38:00,16:39:00,252,13,0,0
77993,16:43:00,16:44:00,336,14,0,0
77993,16:45:00,16:46:00,359,15,0,0
77993,16:47:00,16:48:00,322,16,0,0
77993,16:49:00,16:50:00,207,17,0,0
77993,16:51:00,16:52:00,393,18,0,0
77993,16:58:00,16:59:00,394,19,0,0
77993,17:03:00,17:04:00,275,20,0,0
77993,17:08:00,17:09:00,286,21,0,0
77993,17:15:00,17:16:00,395,22,0,0
77993,17:20:00,17:21:00,328,23,0,0
77993,17:25:00,17:26:00,396,24,0,0
77993,17:29:00,17:30:00,397,25,0,0
78021,15:59:00,16:00:00,1,1,0,0
78021,16:03:00,16:04:00,386,2,0,0
78021,16:08:00,16:09:00,391,3,0,0
78021,16:11:00,16:12:00,248,4,0,0
78021,16:13:00,16:14:00,392,5,0,0
78021,16:16:00,16:17:00,305,6,0,0
78021,16:19:00,16:20:00,213,7,0,0
78021,16:30:00,16:31:00,358,8,0,0
78021,16:36:00,16:37:00,296,9,0,0
78021,16:39:00,16:40:00,229,10,0,0
78021,16:42:00,16:43:00,255,11,0,0
78021,16:45:00,16:46:00,316,12,0,0
78021,16:48:00,16:49:00,252,13,0,0
78122,16:04:00,16:05:00,1,1,0,0
78122,16:10:00,16:11:00,386,2,0,0
78122,16:15:00,16:16:00,387,3,0,0
78122,16:28:00,16:29:00,340,4,0,0
78122,16:39:00,16:40:00,342,5,0,0
78122,16:44:00,16:45:00,237,6,0,0
78122,16:49:00,16:50:00,349,7,0,0
78427,16:08:00,16:09:00,1,1,0,0
78427,16:13:00,16:14:00,450,2,0,0
78427,16:18:00,16:19:00,331,3,0,0
78427,16:20:00,16:21:00,245,4,0,0
78427,16:22:00,16:23:00,421,5,0,0
78427,16:24:00,16:25:00,274,6,0,0
78427,16:26:00,16:27:00,377,7,0,0
78427,16:28:00,16:29:00,241,8,0,0
78427,16:31:00,16:32:00,250,9,0,0
78427,16:34:00,16:35:00,380,10,0,0
78427,16:38:00,16:39:00,384,11,0,0
78427,16:42:00,16:43:00,299,12,0,0
78427,16:47:00,16:48:00,343,13,0,0
78427,16:49:00,16:50:00,339,14,0,0
78427,16:51:00,16:52:00,354,15,0,0
78427,16:55:00,16:56:00,235,16,0,0
78427,16:59:00,17:00:00,283,17,0,0
78427,17:04:00,17:05:00,298,18,0,0
78601,16:09:00,16:10:00,1,1,0,0
78601,16:16:00,16:17:00,400,2,0,0
78601,16:18:00,16:19:00,225,3,0,0
78601,16:21:00,16:22:00,382,4,0,0
78601,16:23:00,16:24:00,501,5,0,0
78601,16:25:00,16:26:00,385,6,0,0
78601,16:29:00,16:30:00,452,7,0,0
78601,16:32:00,16:33:00,449,8,0,0
78601,16:35:00,16:36:00,451,9,0,0
78601,16:38:00,16:39:00,258,10,0,0
78601,16:42:00,16:43:00,276,11,0,0
78601,16:45:00,16:46:00,281,12,0,0
78601,16:48:00,16:49:00,230,13,0,0
78022,16:14:00,16:15:00,1,1,0,0
78022,16:18:00,16:19:00,386,2,0,0
78022,16:23:00,16:24:00,391,3,0,0
78022,16:26:00,16:27:00,248,4,0,0
78022,16:28:00,16:29:00,392,5,0,0
78022,16:31:00,16:32:00,305,6,0,0
78022,16:34:00,16:35:00,213,7,0,0
78022,16:45:00,16:46:00,358,8,0,0
78022,16:51:00,16:52:00,296,9,0,0
78022,16:54:00,16:55:00,229,10,0,0
78022,16:57:00,16:58:00,255,11,0,0
78022,17:00:00,17:01:00,316,12,0,0
78022,17:03:00,17:04:00,252,13,0,0
78691,16:19:00,16:20:00,1,1,0,0
78691,16:28:00,16:29:00,400,2,0,0
78691,16:33:00,16:34:00,238,3,0,0
78691,16:36:00,16:37:00,540,4,0,0
78691,16:40:00,16:41:00,362,5,0,0
78691,16:51:00,16:52:00,374,6,0,0
78691,16:59:00,17:00:00,271,7,0,0
78691,17:05:00,17:06:00,433,8,0,0
78691,17:12:00,17:13:00,307,9,0,0
78691,17:17:00,17:18:00,256,10,0,0
78691,17:27:00,17:28:00,408,11,0,0
78864,16:30:00,16:31:00,1,1,0,0
78864,17:01:00,17:02:00,339,2,0,0
78864,17:34:00,17:35:00,203,3,0,0
78864,17:57:00,17:58:00,357,4,0,0
78864,18:12:00,18:13:00,273,5,0,0
78864,18:34:00,18:35:00,308,6,0,0
78864,19:18:00,19:19:00,243,7,0,0
78864,19:49:00,19:50:00,269,8,0,0
78864,20:08:00,20:09:00,313,9,0,0
78124,16:34:00,16:35:00,1,1,0,0
78124,16:38:00,16:39:00,386,2,0,0
78124,16:41:00,16:42:00,500,3,0,0
78124,16:43:00,16:44:00,387,4,0,0
78124,16:46:00,16:47:00,388,5,0,0
78124,16:50:00,16:51:00,520,6,0,0
78124,16:54:00,16:55:00,346,7,0,0
78124,17:00:00,17:01:00,340,8,0,0
78124,17:05:00,17:06:00,239,9,0,0
78124,17:09:00,17:10:00,232,10,0,0
78124,17:12:00,17:13:00,342,11,0,0
78124,17:16:00,17:17:00,237,12,0,0
78124,17:20:00,17:21:00,349,13,0,0
78574,16:37:00,16:38:00,1,1,0,0
78574,16:44:00,16:45:00,400,2,0,0
78574,16:46:00,16:47:00,225,3,0,0
78574,16:49:00,16:50:00,382,4,0,0
78574,16:51:00,16:52:00,501,5,0,0
78574,16:53:00,16:54:00,385,6,0,0
78574,16:57:00,16:58:00,452,7,0,0
78574,17:00:00,17:01:00,449,8,0,0
78574,17:03:00,17:04:00,451,9,0,0
78574,17:06:00,17:07:00,258,10,0,0
78574,17:09:00,17:10:00,276,11,0,0
78574,17:12:00,17:13:00,281,12,0,0
78574,17:16:00,17:17:00,230,13,0,0
78574,17:18:00,17:19:00,282,14,0,0
78574,17:23:00,17:24:00,306,15,0,0
78574,17:29:00,17:30:00,310,16,0,0
78574,17:31:00,17:32:00,352,17,0,0
78574,17:36:00,17:37:00,398,18,0,0
78574,17:38:00,17:39:00,287,19,0,0
78574,17:41:00,17:42:00,453,20,0,0
78574,17:44:00,17:45:00,399,21,0,0
78428,16:38:00,16:39:00,1,1,0,0
78428,16:43:00,16:44:00,450,2,0,0
78428,16:48:00,16:49:00,331,3,0,0
78428,16:50:00,16:51:00,245,4,0,0
78428,16:52:00,16:53:00,421,5,0,0
78428,16:54:00,16:55:00,274,6,0,0
78428,16:59:00,17:00:00,250,7,0,0
78428,17:01:00,17:02:00,380,8,0,0
78428,17:06:00,17:07:00,384,9,0,0
78428,17:10:00,17:11:00,299,10,0,0
78428,17:14:00,17:15:00,343,11,0,0
78428,17:17:00,17:18:00,339,12,0,0
78428,17:19:00,17:20:00,354,13,0,0
78428,17:22:00,17:23:00,235,14,0,0
78428,17:27:00,17:28:00,283,15,0,0
78428,17:32:00,17:33:00,298,16,0,0
78428,17:36:00,17:37:00,367,17,0,0
78428,17:41:00,17:42:00,364,18,0,0
78428,17:47:00,17:48:00,412,19,0,0
78428,17:52:00,17:53:00,330,20,0,0
78428,17:57:00,17:58:00,203,21,0,0
77994,16:44:00,16:45:00,1,1,0,0
77994,16:48:00,16:49:00,386,2,0,0
77994,16:53:00,16:54:00,391,3,0,0
77994,16:55:00,16:56:00,248,4,0,0
77994,16:57:00,16:58:00,392,5,0,0
77994,17:00:00,17:01:00,305,6,0,0
77994,17:03:00,17:04:00,213,7,0,0
77994,17:08:00,17:09:00,358,8,0,0
77994,17:13:00,17:14:00,296,9,0,0
77994,17:16:00,17:17:00,229,10,0,0
77994,17:19:00,17:20:00,255,11,0,0
77994,17:22:00,17:23:00,316,12,0,0
77994,17:38:00,17:39:00,252,13,0,0
77994,17:43:00,17:44:00,336,14,0,0
77994,17:45:00,17:46:00,359,15,0,0
77994,17:47:00,17:48:00,322,16,0,0
77994,17:49:00,17:50:00,207,17,0,0
77994,17:51:00,17:52:00,393,18,0,0
77994,17:58:00,17:59:00,394,19,0,0
77994,18:03:00,18:04:00,275,20,0,0
77994,18:08:00,18:09:00,286,21,0,0
77994,18:15:00,18:16:00,395,22,0,0
77994,18:20:00,18:21:00,328,23,0,0
77994,18:25:00,18:26:00,396,24,0,0
77994,18:29:00,18:30:00,397,25,0,0
78023,16:59:00,17:00:00,1,1,0,0
78023,17:03:00,17:04:00,386,2,0,0
78023,17:08:00,17:09:00,391,3,0,0
78023,17:11:00,17:12:00,248,4,0,0
78023,17:13:00,17:14:00,392,5,0,0
78023,17:16:00,17:17:00,305,6,0,0
78023,17:19:00,17:20:00,213,7,0,0
78023,17:30:00,17:31:00,358,8,0,0
78023,17:36:00,17:37:00,296,9,0,0
78023,17:39:00,17:40:00,229,10,0,0
78023,17:42:00,17:43:00,255,11,0,0
78023,17:45:00,17:46:00,316,12,0,0
78023,17:48:00,17:49:00,252,13,0,0
78123,17:00:00,17:01:00,1,1,0,0
78123,17:10:00,17:11:00,331,2,0,0
78123,17:23:00,17:24:00,380,3,0,0
78123,17:38:00,17:39:00,339,4,0,0
78123,17:52:00,17:53:00,298,5,0,0
78123,18:15:00,18:16:00,203,6,0,0
78123,18:26:00,18:27:00,267,7,0,0
78123,18:43:00,18:44:00,357,8,0,0
78123,18:58:00,18:59:00,273,9,0,0
78123,19:11:00,19:12:00,279,10,0,0
78123,19:21:00,19:22:00,326,11,0,0
78123,19:30:00,19:31:00,208,12,0,0
78123,19:43:00,19:44:00,418,13,0,0
78123,19:51:00,19:52:00,434,14,0,0
78123,20:01:00,20:02:00,441,15,0,0
78123,20:13:00,20:14:00,379,16,0,0
78123,20:26:00,20:27:00,372,17,0,0
78123,20:35:00,20:36:00,423,18,0,0
78123,20:41:00,20:42:00,236,19,0,0
78123,20:53:00,20:54:00,311,20,0,0
78123,21:02:00,21:03:00,317,21,0,0
78123,21:13:00,21:14:00,333,22,0,0
78123,21:20:00,21:21:00,227,23,0,0
78123,21:27:00,21:28:00,446,24,0,0
78126,17:07:00,17:08:00,1,1,0,0
78126,17:13:00,17:14:00,386,2,0,0
78126,17:18:00,17:19:00,387,3,0,0
78126,17:32:00,17:33:00,340,4,0,0
78126,17:43:00,17:44:00,342,5,0,0
78126,17:48:00,17:49:00,237,6,0,0
78126,17:53:00,17:54:00,349,7,0,0
78602,17:07:00,17:08:00,1,1,0,0
78602,17:14:00,17:15:00,400,2,0,0
78602,17:16:00,17:17:00,225,3,0,0
78602,17:19:00,17:20:00,382,4,0,0
78602,17:21:00,17:22:00,501,5,0,0
78602,17:23:00,17:24:00,385,6,0,0
78602,17:27:00,17:28:00,452,7,0,0
78602,17:30:00,17:31:00,449,8,0,0
78602,17:33:00,17:34:00,451,9,0,0
78602,17:36:00,17:37:00,258,10,0,0
78602,17:39:00,17:40:00,276,11,0,0
78602,17:42:00,17:43:00,281,12,0,0
78602,17:46:00,17:47:00,230,13,0,0
78602,17:48:00,17:49:00,282,14,0,0
78602,17:53:00,17:54:00,306,15,0,0
78602,18:00:00,18:01:00,352,16,0,0
78602,18:03:00,18:04:00,398,17,0,0
78429,17:08:00,17:09:00,1,1,0,0
78429,17:13:00,17:14:00,450,2,0,0
78429,17:18:00,17:19:00,331,3,0,0
78429,17:20:00,17:21:00,245,4,0,0
78429,17:22:00,17:23:00,421,5,0,0
78429,17:24:00,17:25:00,274,6,0,0
78429,17:26:00,17:27:00,377,7,0,0
78429,17:28:00,17:29:00,241,8,0,0
78429,17:31:00,17:32:00,250,9,0,0
78429,17:34:00,17:35:00,380,10,0,0
78429,17:38:00,17:39:00,384,11,0,0
78429,17:42:00,17:43:00,299,12,0,0
78429,17:47:00,17:48:00,343,13,0,0
78429,17:49:00,17:50:00,339,14,0,0
78429,17:51:00,17:52:00,354,15,0,0
78429,17:55:00,17:56:00,235,16,0,0
78429,17:59:00,18:00:00,283,17,0,0
78429,18:04:00,18:05:00,298,18,0,0
78024,17:14:00,17:15:00,1,1,0,0
78024,17:18:00,17:19:00,386,2,0,0
78024,17:23:00,17:24:00,391,3,0,0
78024,17:26:00,17:27:00,248,4,0,0
78024,17:28:00,17:29:00,392,5,0,0
78024,17:31:00,17:32:00,305,6,0,0
78024,17:34:00,17:35:00,213,7,0,0
78024,17:45:00,17:46:00,358,8,0,0
78024,17:51:00,17:52:00,296,9,0,0
78024,17:54:00,17:55:00,229,10,0,0
78024,17:57:00,17:58:00,255,11,0,0
78024,18:00:00,18:01:00,316,12,0,0
78024,18:03:00,18:04:00,252,13,0,0
78430,17:23:00,17:24:00,1,1,0,0
78430,17:28:00,17:29:00,450,2,0,0
78430,17:33:00,17:34:00,331,3,0,0
78430,17:35:00,17:36:00,245,4,0,0
78430,17:37:00,17:38:00,421,5,0,0
78430,17:39:00,17:40:00,274,6,0,0
78430,17:41:00,17:42:00,377,7,0,0
78430,17:43:00,17:44:00,241,8,0,0
78430,17:46:00,17:47:00,250,9,0,0
78430,17:49:00,17:50:00,380,10,0,0
78430,17:53:00,17:54:00,384,11,0,0
78430,17:57:00,17:58:00,299,12,0,0
78430,18:02:00,18:03:00,343,13,0,0
78430,18:04:00,18:05:00,339,14,0,0
78692,17:25:00,17:26:00,1,1,0,0
78692,17:34:00,17:35:00,400,2,0,0
78692,18:02:00,18:03:00,307,3,0,0
78692,18:15:00,18:16:00,408,4,0,0
78692,18:44:00,18:45:00,233,5,0,0
78692,18:57:00,18:58:00,309,6,0,0
78692,19:10:00,19:11:00,432,7,0,0
78127,17:34:00,17:35:00,1,1,0,0
78127,17:38:00,17:39:00,386,2,0,0
78127,17:41:00,17:42:00,500,3,0,0
78127,17:43:00,17:44:00,387,4,0,0
78127,17:46:00,17:47:00,388,5,0,0
78127,17:50:00,17:51:00,520,6,0,0
78127,17:54:00,17:55:00,346,7,0,0
78127,18:00:00,18:01:00,340,8,0,0
78127,18:05:00,18:06:00,239,9,0,0
78127,18:09:00,18:10:00,232,10,0,0
78127,18:12:00,18:13:00,342,11,0,0
78127,18:16:00,18:17:00,237,12,0,0
78127,18:20:00,18:21:00,349,13,0,0
78576,17:37:00,17:38:00,1,1,0,0
78576,17:44:00,17:45:00,400,2,0,0
78576,17:46:00,17:47:00,225,3,0,0
78576,17:49:00,17:50:00,382,4,0,0
78576,17:51:00,17:52:00,501,5,0,0
78576,17:53:00,17:54:00,385,6,0,0
78576,17:57:00,17:58:00,452,7,0,0
78576,18:00:00,18:01:00,449,8,0,0
78576,18:03:00,18:04:00,451,9,0,0
78576,18:06:00,18:07:00,258,10,0,0
78576,18:09:00,18:10:00,276,11,0,0
78576,18:12:00,18:13:00,281,12,0,0
78576,18:16:00,18:17:00,230,13,0,0
78576,18:18:00,18:19:00,282,14,0,0
78576,18:23:00,18:24:00,306,15,0,0
78576,18:29:00,18:30:00,310,16,0,0
78576,18:31:00,18:32:00,352,17,0,0
78576,18:36:00,18:37:00,398,18,0,0
78576,18:38:00,18:39:00,287,19,0,0
78576,18:41:00,18:42:00,453,20,0,0
78576,18:44:00,18:45:00,399,21,0,0
78431,17:38:00,17:39:00,1,1,0,0
78431,17:43:00,17:44:00,450,2,0,0
78431,17:48:00,17:49:00,331,3,0,0
78431,17:50:00,17:51:00,245,4,0,0
78431,17:52:00,17:53:00,421,5,0,0
78431,17:54:00,17:55:00,274,6,0,0
78431,17:59:00,18:00:00,250,7,0,0
78431,18:01:00,18:02:00,380,8,0,0
78431,18:06:00,18:07:00,384,9,0,0
78431,18:10:00,18:11:00,299,10,0,0
78431,18:14:00,18:15:00,343,11,0,0
78431,18:17:00,18:18:00,339,12,0,0
78431,18:19:00,18:20:00,354,13,0,0
78431,18:22:00,18:23:00,235,14,0,0
78431,18:27:00,18:28:00,283,15,0,0
78431,18:32:00,18:33:00,298,16,0,0
78431,18:36:00,18:37:00,367,17,0,0
78431,18:41:00,18:42:00,364,18,0,0
78431,18:47:00,18:48:00,412,19,0,0
78431,18:52:00,18:53:00,330,20,0,0
78431,18:57:00,18:58:00,203,21,0,0
78693,17:44:00,17:45:00,1,1,0,0
78693,17:53:00,17:54:00,400,2,0,0
78693,17:58:00,17:59:00,238,3,0,0
78693,18:01:00,18:02:00,540,4,0,0
78693,18:05:00,18:06:00,362,5,0,0
78693,18:16:00,18:17:00,374,6,0,0
78693,18:24:00,18:25:00,271,7,0,0
78693,18:30:00,18:31:00,433,8,0,0
78693,18:37:00,18:38:00,307,9,0,0
78693,18:42:00,18:43:00,256,10,0,0
78693,18:52:00,18:53:00,408,11,0,0
77995,17:44:00,17:45:00,1,1,0,0
77995,17:48:00,17:49:00,386,2,0,0
77995,17:53:00,17:54:00,391,3,0,0
77995,17:55:00,17:56:00,248,4,0,0
77995,17:57:00,17:58:00,392,5,0,0
77995,18:00:00,18:01:00,305,6,0,0
77995,18:03:00,18:04:00,213,7,0,0
77995,18:08:00,18:09:00,358,8,0,0
77995,18:13:00,18:14:00,296,9,0,0
77995,18:16:00,18:17:00,229,10,0,0
77995,18:19:00,18:20:00,255,11,0,0
77995,18:22:00,18:23:00,316,12,0,0
77995,18:38:00,18:39:00,252,13,0,0
77995,18:43:00,18:44:00,336,14,0,0
77995,18:45:00,18:46:00,359,15,0,0
77995,18:47:00,18:48:00,322,16,0,0
77995,18:49:00,18:50:00,207,17,0,0
77995,18:51:00,18:52:00,393,18,0,0
77995,18:58:00,18:59:00,394,19,0,0
77995,19:03:00,19:04:00,275,20,0,0
77995,19:08:00,19:09:00,286,21,0,0
77995,19:15:00,19:16:00,395,22,0,0
77995,19:20:00,19:21:00,328,23,0,0
77995,19:25:00,19:26:00,396,24,0,0
77995,19:29:00,19:30:00,397,25,0,0
78025,17:59:00,18:00:00,1,1,0,0
78025,18:03:00,18:04:00,386,2,0,0
78025,18:08:00,18:09:00,391,3,0,0
78025,18:11:00,18:12:00,248,4,0,0
78025,18:13:00,18:14:00,392,5,0,0
78025,18:16:00,18:17:00,305,6,0,0
78025,18:19:00,18:20:00,213,7,0,0
78025,18:30:00,18:31:00,358,8,0,0
78025,18:36:00,18:37:00,296,9,0,0
78025,18:39:00,18:40:00,229,10,0,0
78025,18:42:00,18:43:00,255,11,0,0
78025,18:45:00,18:46:00,316,12,0,0
78025,18:48:00,18:49:00,252,13,0,0
78269,18:00:00,18:01:00,1,1,0,0
78269,18:10:00,18:11:00,331,2,0,0
78269,18:34:00,18:35:00,339,3,0,0
78269,18:48:00,18:49:00,298,4,0,0
78269,19:11:00,19:12:00,203,5,0,0
78269,19:22:00,19:23:00,267,6,0,0
78269,19:31:00,19:32:00,204,7,0,0
78269,19:42:00,19:43:00,357,8,0,0
78269,19:57:00,19:58:00,273,9,0,0
78269,20:11:00,20:12:00,427,10,0,0
78269,20:22:00,20:23:00,308,11,0,0
78269,20:32:00,20:33:00,360,12,0,0
78269,20:45:00,20:46:00,335,13,0,0
78269,20:56:00,20:57:00,430,14,0,0
78269,21:01:00,21:02:00,304,15,0,0
78269,21:14:00,21:15:00,243,16,0,0
78130,18:04:00,18:05:00,1,1,0,0
78130,18:10:00,18:11:00,386,2,0,0
78130,18:15:00,18:16:00,387,3,0,0
78130,18:28:00,18:29:00,340,4,0,0
78130,18:39:00,18:40:00,342,5,0,0
78130,18:44:00,18:45:00,237,6,0,0
78130,18:49:00,18:50:00,349,7,0,0
78605,18:07:00,18:08:00,1,1,0,0
78605,18:14:00,18:15:00,400,2,0,0
78605,18:16:00,18:17:00,225,3,0,0
78605,18:19:00,18:20:00,382,4,0,0
78605,18:21:00,18:22:00,501,5,0,0
78605,18:23:00,18:24:00,385,6,0,0
78605,18:27:00,18:28:00,452,7,0,0
78605,18:30:00,18:31:00,449,8,0,0
78605,18:33:00,18:34:00,451,9,0,0
78605,18:36:00,18:37:00,258,10,0,0
78605,18:39:00,18:40:00,276,11,0,0
78605,18:42:00,18:43:00,281,12,0,0
78605,18:46:00,18:47:00,230,13,0,0
78605,18:48:00,18:49:00,282,14,0,0
78605,18:53:00,18:54:00,306,15,0,0
78605,19:00:00,19:01:00,352,16,0,0
78605,19:03:00,19:04:00,398,17,0,0
78432,18:08:00,18:09:00,1,1,0,0
78432,18:13:00,18:14:00,450,2,0,0
78432,18:18:00,18:19:00,331,3,0,0
78432,18:20:00,18:21:00,245,4,0,0
78432,18:22:00,18:23:00,421,5,0,0
78432,18:24:00,18:25:00,274,6,0,0
78432,18:26:00,18:27:00,377,7,0,0
78432,18:28:00,18:29:00,241,8,0,0
78432,18:31:00,18:32:00,250,9,0,0
78432,18:34:00,18:35:00,380,10,0,0
78432,18:38:00,18:39:00,384,11,0,0
78432,18:43:00,18:44:00,299,12,0,0
78432,18:47:00,18:48:00,343,13,0,0
78432,18:50:00,18:51:00,339,14,0,0
78432,18:52:00,18:53:00,354,15,0,0
78432,18:55:00,18:56:00,235,16,0,0
78432,19:00:00,19:01:00,283,17,0,0
78432,19:05:00,19:06:00,298,18,0,0
78026,18:14:00,18:15:00,1,1,0,0
78026,18:18:00,18:19:00,386,2,0,0
78026,18:23:00,18:24:00,391,3,0,0
78026,18:26:00,18:27:00,248,4,0,0
78026,18:28:00,18:29:00,392,5,0,0
78026,18:31:00,18:32:00,305,6,0,0
78026,18:34:00,18:35:00,213,7,0,0
78026,18:45:00,18:46:00,358,8,0,0
78026,18:51:00,18:52:00,296,9,0,0
78026,18:54:00,18:55:00,229,10,0,0
78026,18:57:00,18:58:00,255,11,0,0
78026,19:00:00,19:01:00,316,12,0,0
78026,19:03:00,19:04:00,252,13,0,0
78153,18:19:00,18:20:00,1,1,0,0
78153,18:25:00,18:26:00,386,2,0,0
78153,18:41:00,18:42:00,340,3,0,0
78153,19:04:00,19:05:00,349,4,0,0
78153,19:26:00,19:27:00,249,5,0,0
78153,19:46:00,19:47:00,222,6,0,0
78153,20:14:00,20:15:00,381,7,0,0
78153,20:38:00,20:39:00,413,8,0,0
78153,21:34:00,21:35:00,300,9,0,0
78716,18:29:00,18:30:00,1,1,0,0
78716,18:38:00,18:39:00,400,2,0,0
78716,18:46:00,18:47:00,362,3,0,0
78716,18:56:00,18:57:00,374,4,0,0
78716,19:13:00,19:14:00,307,5,0,0
78716,19:25:00,19:26:00,408,6,0,0
78716,19:35:00,19:36:00,301,7,0,0
78716,20:05:00,20:06:00,233,8,0,0
78716,20:18:00,20:19:00,309,9,0,0
78716,20:31:00,20:32:00,432,10,0,0
78716,20:48:00,20:49:00,419,11,0,0
78716,21:05:00,21:06:00,312,12,0,0
78716,21:11:00,21:12:00,460,13,0,0
78131,18:34:00,18:35:00,1,1,0,0
78131,18:38:00,18:39:00,386,2,0,0
78131,18:41:00,18:42:00,500,3,0,0
78131,18:43:00,18:44:00,387,4,0,0
78131,18:46:00,18:47:00,388,5,0,0
78131,18:50:00,18:51:00,520,6,0,0
78131,18:54:00,18:55:00,346,7,0,0
78131,19:00:00,19:01:00,340,8,0,0
78131,19:05:00,19:06:00,239,9,0,0
78131,19:09:00,19:10:00,232,10,0,0
78131,19:12:00,19:13:00,342,11,0,0
78131,19:16:00,19:17:00,237,12,0,0
78131,19:20:00,19:21:00,349,13,0,0
78577,18:37:00,18:38:00,1,1,0,0
78577,18:44:00,18:45:00,400,2,0,0
78577,18:46:00,18:47:00,225,3,0,0
78577,18:49:00,18:50:00,382,4,0,0
78577,18:51:00,18:52:00,501,5,0,0
78577,18:53:00,18:54:00,385,6,0,0
78577,18:57:00,18:58:00,452,7,0,0
78577,19:00:00,19:01:00,449,8,0,0
78577,19:03:00,19:04:00,451,9,0,0
78577,19:06:00,19:07:00,258,10,0,0
78577,19:09:00,19:10:00,276,11,0,0
78577,19:12:00,19:13:00,281,12,0,0
78577,19:16:00,19:17:00,230,13,0,0
78577,19:18:00,19:19:00,282,14,0,0
78577,19:23:00,19:24:00,306,15,0,0
78577,19:29:00,19:30:00,310,16,0,0
78577,19:31:00,19:32:00,352,17,0,0
78577,19:36:00,19:37:00,398,18,0,0
78577,19:38:00,19:39:00,287,19,0,0
78577,19:41:00,19:42:00,453,20,0,0
78577,19:44:00,19:45:00,399,21,0,0
78433,18:38:00,18:39:00,1,1,0,0
78433,18:43:00,18:44:00,450,2,0,0
78433,18:48:00,18:49:00,331,3,0,0
78433,18:50:00,18:51:00,245,4,0,0
78433,18:52:00,18:53:00,421,5,0,0
78433,18:54:00,18:55:00,274,6,0,0
78433,18:59:00,19:00:00,250,7,0,0
78433,19:01:00,19:02:00,380,8,0,0
78433,19:06:00,19:07:00,384,9,0,0
78433,19:10:00,19:11:00,299,10,0,0
78433,19:14:00,19:15:00,343,11,0,0
78433,19:17:00,19:18:00,339,12,0,0
78433,19:19:00,19:20:00,354,13,0,0
78433,19:22:00,19:23:00,235,14,0,0
78433,19:27:00,19:28:00,283,15,0,0
78433,19:32:00,19:33:00,298,16,0,0
78433,19:36:00,19:37:00,367,17,0,0
78433,19:41:00,19:42:00,364,18,0,0
78433,19:47:00,19:48:00,412,19,0,0
78433,19:52:00,19:53:00,330,20,0,0
78433,19:57:00,19:58:00,203,21,0,0
77996,18:44:00,18:45:00,1,1,0,0
77996,18:48:00,18:49:00,386,2,0,0
77996,18:53:00,18:54:00,391,3,0,0
77996,18:55:00,18:56:00,248,4,0,0
77996,18:57:00,18:58:00,392,5,0,0
77996,19:00:00,19:01:00,305,6,0,0
77996,19:03:00,19:04:00,213,7,0,0
77996,19:08:00,19:09:00,358,8,0,0
77996,19:13:00,19:14:00,296,9,0,0
77996,19:16:00,19:17:00,229,10,0,0
77996,19:19:00,19:20:00,255,11,0,0
77996,19:22:00,19:23:00,316,12,0,0
77996,19:38:00,19:39:00,252,13,0,0
77996,19:43:00,19:44:00,336,14,0,0
77996,19:45:00,19:46:00,359,15,0,0
77996,19:47:00,19:48:00,322,16,0,0
77996,19:49:00,19:50:00,207,17,0,0
77996,19:51:00,19:52:00,393,18,0,0
77996,19:58:00,19:59:00,394,19,0,0
77996,20:03:00,20:04:00,275,20,0,0
77996,20:08:00,20:09:00,286,21,0,0
77996,20:15:00,20:16:00,395,22,0,0
77996,20:20:00,20:21:00,328,23,0,0
77996,20:25:00,20:26:00,396,24,0,0
77996,20:29:00,20:30:00,397,25,0,0
78027,18:59:00,19:00:00,1,1,0,0
78027,19:03:00,19:04:00,386,2,0,0
78027,19:08:00,19:09:00,391,3,0,0
78027,19:11:00,19:12:00,248,4,0,0
78027,19:13:00,19:14:00,392,5,0,0
78027,19:16:00,19:17:00,305,6,0,0
78027,19:19:00,19:20:00,213,7,0,0
78027,19:30:00,19:31:00,358,8,0,0
78027,19:36:00,19:37:00,296,9,0,0
78027,19:39:00,19:40:00,229,10,0,0
78027,19:42:00,19:43:00,255,11,0,0
78027,19:45:00,19:46:00,316,12,0,0
78027,19:48:00,19:49:00,252,13,0,0
78202,19:00:00,19:01:00,1,1,0,0
78202,19:10:00,19:11:00,331,2,0,0
78202,19:34:00,19:35:00,339,3,0,0
78202,19:48:00,19:49:00,298,4,0,0
78202,20:04:00,20:05:00,412,5,0,0
78202,20:13:00,20:14:00,203,6,0,0
78202,20:24:00,20:25:00,267,7,0,0
78202,20:41:00,20:42:00,357,8,0,0
78202,20:58:00,20:59:00,341,9,0,0
78202,21:05:00,21:06:00,260,10,0,0
78202,21:12:00,21:13:00,319,11,0,0
78202,21:25:00,21:26:00,315,12,0,0
78606,19:07:00,19:08:00,1,1,0,0
78606,19:14:00,19:15:00,400,2,0,0
78606,19:16:00,19:17:00,225,3,0,0
78606,19:19:00,19:20:00,382,4,0,0
78606,19:21:00,19:22:00,501,5,0,0
78606,19:23:00,19:24:00,385,6,0,0
78606,19:27:00,19:28:00,452,7,0,0
78606,19:30:00,19:31:00,449,8,0,0
78606,19:33:00,19:34:00,451,9,0,0
78606,19:36:00,19:37:00,258,10,0,0
78606,19:39:00,19:40:00,276,11,0,0
78606,19:42:00,19:43:00,281,12,0,0
78606,19:46:00,19:47:00,230,13,0,0
78606,19:48:00,19:49:00,282,14,0,0
78606,19:53:00,19:54:00,306,15,0,0
78606,20:00:00,20:01:00,352,16,0,0
78606,20:03:00,20:04:00,398,17,0,0
78434,19:08:00,19:09:00,1,1,0,0
78434,19:13:00,19:14:00,450,2,0,0
78434,19:18:00,19:19:00,331,3,0,0
78434,19:20:00,19:21:00,245,4,0,0
78434,19:22:00,19:23:00,421,5,0,0
78434,19:24:00,19:25:00,274,6,0,0
78434,19:26:00,19:27:00,377,7,0,0
78434,19:28:00,19:29:00,241,8,0,0
78434,19:31:00,19:32:00,250,9,0,0
78434,19:34:00,19:35:00,380,10,0,0
78434,19:38:00,19:39:00,384,11,0,0
78434,19:43:00,19:44:00,299,12,0,0
78434,19:47:00,19:48:00,343,13,0,0
78434,19:50:00,19:51:00,339,14,0,0
78434,19:52:00,19:53:00,354,15,0,0
78434,19:56:00,19:57:00,235,16,0,0
78434,20:00:00,20:01:00,283,17,0,0
78434,20:05:00,20:06:00,298,18,0,0
78028,19:14:00,19:15:00,1,1,0,0
78028,19:18:00,19:19:00,386,2,0,0
78028,19:23:00,19:24:00,391,3,0,0
78028,19:26:00,19:27:00,248,4,0,0
78028,19:28:00,19:29:00,392,5,0,0
78028,19:31:00,19:32:00,305,6,0,0
78028,19:34:00,19:35:00,213,7,0,0
78028,19:45:00,19:46:00,358,8,0,0
78028,19:51:00,19:52:00,296,9,0,0
78028,19:54:00,19:55:00,229,10,0,0
78028,19:57:00,19:58:00,255,11,0,0
78028,20:00:00,20:01:00,316,12,0,0
78028,20:03:00,20:04:00,252,13,0,0
78694,19:29:00,19:30:00,1,1,0,0
78694,19:38:00,19:39:00,400,2,0,0
78694,19:42:00,19:43:00,238,3,0,0
78694,19:46:00,19:47:00,540,4,0,0
78694,19:50:00,19:51:00,362,5,0,0
78694,20:00:00,20:01:00,374,6,0,0
78694,20:08:00,20:09:00,271,7,0,0
78694,20:15:00,20:16:00,433,8,0,0
78694,20:22:00,20:23:00,307,9,0,0
78694,20:26:00,20:27:00,256,10,0,0
78694,20:37:00,20:38:00,408,11,0,0
78694,20:47:00,20:48:00,301,12,0,0
78694,20:56:00,20:57:00,297,13,0,0
78694,21:02:00,21:03:00,324,14,0,0
78694,21:08:00,21:09:00,206,15,0,0
78694,21:17:00,21:18:00,233,16,0,0
78694,21:24:00,21:25:00,323,17,0,0
78694,21:32:00,21:33:00,309,18,0,0
78694,21:45:00,21:46:00,432,19,0,0
78132,19:34:00,19:35:00,1,1,0,0
78132,19:38:00,19:39:00,386,2,0,0
78132,19:41:00,19:42:00,500,3,0,0
78132,19:43:00,19:44:00,387,4,0,0
78132,19:46:00,19:47:00,388,5,0,0
78132,19:50:00,19:51:00,520,6,0,0
78132,19:54:00,19:55:00,346,7,0,0
78132,20:00:00,20:01:00,340,8,0,0
78132,20:05:00,20:06:00,239,9,0,0
78132,20:09:00,20:10:00,232,10,0,0
78132,20:12:00,20:13:00,342,11,0,0
78132,20:16:00,20:17:00,237,12,0,0
78132,20:20:00,20:21:00,349,13,0,0
78578,19:37:00,19:38:00,1,1,0,0
78578,19:44:00,19:45:00,400,2,0,0
78578,19:46:00,19:47:00,225,3,0,0
78578,19:49:00,19:50:00,382,4,0,0
78578,19:51:00,19:52:00,501,5,0,0
78578,19:53:00,19:54:00,385,6,0,0
78578,19:57:00,19:58:00,452,7,0,0
78578,20:00:00,20:01:00,449,8,0,0
78578,20:03:00,20:04:00,451,9,0,0
78578,20:06:00,20:07:00,258,10,0,0
78578,20:09:00,20:10:00,276,11,0,0
78578,20:12:00,20:13:00,281,12,0,0
78578,20:16:00,20:17:00,230,13,0,0
78578,20:18:00,20:19:00,282,14,0,0
78578,20:23:00,20:24:00,306,15,0,0
78578,20:29:00,20:30:00,310,16,0,0
78578,20:31:00,20:32:00,352,17,0,0
78578,20:36:00,20:37:00,398,18,0,0
78578,20:38:00,20:39:00,287,19,0,0
78578,20:41:00,20:42:00,453,20,0,0
78578,20:44:00,20:45:00,399,21,0,0
78435,19:38:00,19:39:00,1,1,0,0
78435,19:43:00,19:44:00,450,2,0,0
78435,19:48:00,19:49:00,331,3,0,0
78435,19:50:00,19:51:00,245,4,0,0
78435,19:52:00,19:53:00,421,5,0,0
78435,19:54:00,19:55:00,274,6,0,0
78435,19:56:00,19:57:00,377,7,0,0
78435,19:58:00,19:59:00,241,8,0,0
78435,20:01:00,20:02:00,250,9,0,0
78435,20:04:00,20:05:00,380,10,0,0
78435,20:08:00,20:09:00,384,11,0,0
78435,20:12:00,20:13:00,299,12,0,0
78435,20:17:00,20:18:00,343,13,0,0
78435,20:19:00,20:20:00,339,14,0,0
78435,20:21:00,20:22:00,354,15,0,0
78435,20:25:00,20:26:00,235,16,0,0
78435,20:29:00,20:30:00,283,17,0,0
78435,20:34:00,20:35:00,298,18,0,0
77997,19:44:00,19:45:00,1,1,0,0
77997,19:48:00,19:49:00,386,2,0,0
77997,19:53:00,19:54:00,391,3,0,0
77997,19:55:00,19:56:00,248,4,0,0
77997,19:57:00,19:58:00,392,5,0,0
77997,20:00:00,20:01:00,305,6,0,0
77997,20:03:00,20:04:00,213,7,0,0
77997,20:08:00,20:09:00,358,8,0,0
77997,20:13:00,20:14:00,296,9,0,0
77997,20:16:00,20:17:00,229,10,0,0
77997,20:19:00,20:20:00,255,11,0,0
77997,20:22:00,20:23:00,316,12,0,0
77997,20:38:00,20:39:00,252,13,0,0
77997,20:43:00,20:44:00,336,14,0,0
77997,20:45:00,20:46:00,359,15,0,0
77997,20:47:00,20:48:00,322,16,0,0
77997,20:49:00,20:50:00,207,17,0,0
77997,20:51:00,20:52:00,393,18,0,0
77997,20:58:00,20:59:00,394,19,0,0
77997,21:03:00,21:04:00,275,20,0,0
77997,21:08:00,21:09:00,286,21,0,0
77997,21:15:00,21:16:00,395,22,0,0
77997,21:20:00,21:21:00,328,23,0,0
77997,21:25:00,21:26:00,396,24,0,0
77997,21:29:00,21:30:00,397,25,0,0
78029,19:59:00,20:00:00,1,1,0,0
78029,20:03:00,20:04:00,386,2,0,0
78029,20:08:00,20:09:00,391,3,0,0
78029,20:11:00,20:12:00,248,4,0,0
78029,20:13:00,20:14:00,392,5,0,0
78029,20:16:00,20:17:00,305,6,0,0
78029,20:19:00,20:20:00,213,7,0,0
78029,20:30:00,20:31:00,358,8,0,0
78029,20:36:00,20:37:00,296,9,0,0
78029,20:39:00,20:40:00,229,10,0,0
78029,20:42:00,20:43:00,255,11,0,0
78029,20:45:00,20:46:00,316,12,0,0
78029,20:48:00,20:49:00,252,13,0,0
78607,20:07:00,20:08:00,1,1,0,0
78607,20:14:00,20:15:00,400,2,0,0
78607,20:16:00,20:17:00,225,3,0,0
78607,20:19:00,20:20:00,382,4,0,0
78607,20:21:00,20:22:00,501,5,0,0
78607,20:23:00,20:24:00,385,6,0,0
78607,20:27:00,20:28:00,452,7,0,0
78607,20:30:00,20:31:00,449,8,0,0
78607,20:33:00,20:34:00,451,9,0,0
78607,20:36:00,20:37:00,258,10,0,0
78607,20:39:00,20:40:00,276,11,0,0
78607,20:42:00,20:43:00,281,12,0,0
78607,20:46:00,20:47:00,230,13,0,0
78607,20:48:00,20:49:00,282,14,0,0
78607,20:53:00,20:54:00,306,15,0,0
78607,21:00:00,21:01:00,352,16,0,0
78607,21:03:00,21:04:00,398,17,0,0
78436,20:08:00,20:09:00,1,1,0,0
78436,20:13:00,20:14:00,450,2,0,0
78436,20:18:00,20:19:00,331,3,0,0
78436,20:20:00,20:21:00,245,4,0,0
78436,20:22:00,20:23:00,421,5,0,0
78436,20:28:00,20:29:00,250,6,0,0
78436,20:30:00,20:31:00,380,7,0,0
78436,20:35:00,20:36:00,384,8,0,0
78436,20:39:00,20:40:00,299,9,0,0
78436,20:43:00,20:44:00,343,10,0,0
78436,20:46:00,20:47:00,339,11,0,0
78436,20:48:00,20:49:00,354,12,0,0
78436,20:51:00,20:52:00,235,13,0,0
78436,20:56:00,20:57:00,283,14,0,0
78436,21:01:00,21:02:00,298,15,0,0
78436,21:05:00,21:06:00,367,16,0,0
78436,21:10:00,21:11:00,364,17,0,0
78436,21:16:00,21:17:00,412,18,0,0
78436,21:21:00,21:22:00,330,19,0,0
78436,21:26:00,21:27:00,203,20,0,0
78030,20:14:00,20:15:00,1,1,0,0
78030,20:18:00,20:19:00,386,2,0,0
78030,20:23:00,20:24:00,391,3,0,0
78030,20:26:00,20:27:00,248,4,0,0
78030,20:28:00,20:29:00,392,5,0,0
78030,20:31:00,20:32:00,305,6,0,0
78030,20:34:00,20:35:00,213,7,0,0
78030,20:45:00,20:46:00,358,8,0,0
78030,20:51:00,20:52:00,296,9,0,0
78030,20:54:00,20:55:00,229,10,0,0
78030,20:57:00,20:58:00,255,11,0,0
78030,21:00:00,21:01:00,316,12,0,0
78030,21:03:00,21:04:00,252,13,0,0
78702,20:29:00,20:30:00,1,1,0,0
78702,20:38:00,20:39:00,400,2,0,0
78702,20:43:00,20:44:00,238,3,0,0
78702,20:46:00,20:47:00,540,4,0,0
78702,20:50:00,20:51:00,362,5,0,0
78702,21:01:00,21:02:00,374,6,0,0
78702,21:09:00,21:10:00,271,7,0,0
78702,21:15:00,21:16:00,433,8,0,0
78702,21:22:00,21:23:00,307,9,0,0
78702,21:27:00,21:28:00,256,10,0,0
78702,21:37:00,21:38:00,408,11,0,0
78133,20:34:00,20:35:00,1,1,0,0
78133,20:38:00,20:39:00,386,2,0,0
78133,20:41:00,20:42:00,500,3,0,0
78133,20:43:00,20:44:00,387,4,0,0
78133,20:46:00,20:47:00,388,5,0,0
78133,20:50:00,20:51:00,520,6,0,0
78133,20:54:00,20:55:00,346,7,0,0
78133,21:00:00,21:01:00,340,8,0,0
78133,21:05:00,21:06:00,239,9,0,0
78133,21:09:00,21:10:00,232,10,0,0
78133,21:12:00,21:13:00,342,11,0,0
78133,21:16:00,21:17:00,237,12,0,0
78133,21:20:00,21:21:00,349,13,0,0
78579,20:37:00,20:38:00,1,1,0,0
78579,20:44:00,20:45:00,400,2,0,0
78579,20:46:00,20:47:00,225,3,0,0
78579,20:49:00,20:50:00,382,4,0,0
78579,20:51:00,20:52:00,501,5,0,0
78579,20:53:00,20:54:00,385,6,0,0
78579,20:57:00,20:58:00,452,7,0,0
78579,21:00:00,21:01:00,449,8,0,0
78579,21:03:00,21:04:00,451,9,0,0
78579,21:06:00,21:07:00,258,10,0,0
78579,21:09:00,21:10:00,276,11,0,0
78579,21:12:00,21:13:00,281,12,0,0
78579,21:16:00,21:17:00,230,13,0,0
78579,21:18:00,21:19:00,282,14,0,0
78579,21:23:00,21:24:00,306,15,0,0
78579,21:29:00,21:30:00,310,16,0,0
78579,21:31:00,21:32:00,352,17,0,0
78579,21:36:00,21:37:00,398,18,0,0
78579,21:38:00,21:39:00,287,19,0,0
78579,21:41:00,21:42:00,453,20,0,0
78579,21:44:00,21:45:00,399,21,0,0
78440,20:38:00,20:39:00,1,1,0,0
78440,20:43:00,20:44:00,450,2,0,0
78440,20:48:00,20:49:00,331,3,0,0
78440,20:50:00,20:51:00,245,4,0,0
78440,20:52:00,20:53:00,421,5,0,0
78440,20:54:00,20:55:00,274,6,0,0
78440,20:56:00,20:57:00,377,7,0,0
78440,20:58:00,20:59:00,241,8,0,0
78440,21:01:00,21:02:00,250,9,0,0
78440,21:03:00,21:04:00,380,10,0,0
78440,21:08:00,21:09:00,384,11,0,0
78440,21:12:00,21:13:00,299,12,0,0
78440,21:17:00,21:18:00,343,13,0,0
78440,21:19:00,21:20:00,339,14,0,0
78440,21:21:00,21:22:00,354,15,0,0
78440,21:25:00,21:26:00,235,16,0,0
78440,21:30:00,21:31:00,283,17,0,0
78440,21:35:00,21:36:00,298,18,0,0
77998,20:44:00,20:45:00,1,1,0,0
77998,20:48:00,20:49:00,386,2,0,0
77998,20:53:00,20:54:00,391,3,0,0
77998,20:55:00,20:56:00,248,4,0,0
77998,20:57:00,20:58:00,392,5,0,0
77998,21:00:00,21:01:00,305,6,0,0
77998,21:03:00,21:04:00,213,7,0,0
77998,21:08:00,21:09:00,358,8,0,0
77998,21:13:00,21:14:00,296,9,0,0
77998,21:16:00,21:17:00,229,10,0,0
77998,21:19:00,21:20:00,255,11,0,0
77998,21:22:00,21:23:00,316,12,0,0
77998,21:38:00,21:39:00,252,13,0,0
77998,21:43:00,21:44:00,336,14,0,0
77998,21:45:00,21:46:00,359,15,0,0
77998,21:47:00,21:48:00,322,16,0,0
77998,21:49:00,21:50:00,207,17,0,0
77998,21:51:00,21:52:00,393,18,0,0
77998,21:58:00,21:59:00,394,19,0,0
77998,22:03:00,22:04:00,275,20,0,0
77998,22:08:00,22:09:00,286,21,0,0
77998,22:15:00,22:16:00,395,22,0,0
77998,22:20:00,22:21:00,328,23,0,0
77998,22:25:00,22:26:00,396,24,0,0
77998,22:29:00,22:30:00,397,25,0,0
78031,20:59:00,21:00:00,1,1,0,0
78031,21:03:00,21:04:00,386,2,0,0
78031,21:08:00,21:09:00,391,3,0,0
78031,21:11:00,21:12:00,248,4,0,0
78031,21:13:00,21:14:00,392,5,0,0
78031,21:16:00,21:17:00,305,6,0,0
78031,21:19:00,21:20:00,213,7,0,0
78031,21:30:00,21:31:00,358,8,0,0
78031,21:36:00,21:37:00,296,9,0,0
78031,21:39:00,21:40:00,229,10,0,0
78031,21:42:00,21:43:00,255,11,0,0
78031,21:45:00,21:46:00,316,12,0,0
78031,21:48:00,21:49:00,252,13,0,0
78272,21:00:00,21:01:00,1,1,0,0
78272,21:10:00,21:11:00,331,2,0,0
78272,21:34:00,21:35:00,339,3,0,0
78272,21:48:00,21:49:00,298,4,0,0
78272,22:04:00,22:05:00,412,5,0,0
78272,22:13:00,22:14:00,203,6,0,0
78272,22:24:00,22:25:00,267,7,0,0
78272,22:41:00,22:42:00,357,8,0,0
78272,22:56:00,22:57:00,273,9,0,0
78272,23:18:00,23:19:00,308,10,0,0
78272,23:28:00,23:29:00,360,11,0,0
78272,23:41:00,23:42:00,335,12,0,0
78272,23:52:00,23:53:00,430,13,0,0
78272,23:58:00,23:59:00,304,14,0,0
78272,24:11:00,24:12:00,243,15,0,0
78441,21:08:00,21:09:00,1,1,0,0
78441,21:13:00,21:14:00,450,2,0,0
78441,21:18:00,21:19:00,331,3,0,0
78441,21:20:00,21:21:00,245,4,0,0
78441,21:22:00,21:23:00,421,5,0,0
78441,21:24:00,21:25:00,274,6,0,0
78441,21:26:00,21:27:00,377,7,0,0
78441,21:28:00,21:29:00,241,8,0,0
78441,21:31:00,21:32:00,250,9,0,0
78441,21:34:00,21:35:00,380,10,0,0
78441,21:38:00,21:39:00,384,11,0,0
78441,21:42:00,21:43:00,299,12,0,0
78441,21:47:00,21:48:00,343,13,0,0
78441,21:49:00,21:50:00,339,14,0,0
78441,21:51:00,21:52:00,354,15,0,0
78441,21:55:00,21:56:00,235,16,0,0
78441,21:59:00,22:00:00,283,17,0,0
78441,22:04:00,22:05:00,298,18,0,0
78032,21:14:00,21:15:00,1,1,0,0
78032,21:18:00,21:19:00,386,2,0,0
78032,21:23:00,21:24:00,391,3,0,0
78032,21:26:00,21:27:00,248,4,0,0
78032,21:28:00,21:29:00,392,5,0,0
78032,21:31:00,21:32:00,305,6,0,0
78032,21:34:00,21:35:00,213,7,0,0
78032,21:45:00,21:46:00,358,8,0,0
78032,21:51:00,21:52:00,296,9,0,0
78032,21:54:00,21:55:00,229,10,0,0
78032,21:57:00,21:58:00,255,11,0,0
78032,22:00:00,22:01:00,316,12,0,0
78032,22:03:00,22:04:00,252,13,0,0
78705,21:29:00,21:30:00,1,1,0,0
78705,21:38:00,21:39:00,400,2,0,0
78705,21:43:00,21:44:00,238,3,0,0
78705,21:46:00,21:47:00,540,4,0,0
78705,21:50:00,21:51:00,362,5,0,0
78705,22:01:00,22:02:00,374,6,0,0
78705,22:09:00,22:10:00,271,7,0,0
78705,22:15:00,22:16:00,433,8,0,0
78705,22:22:00,22:23:00,307,9,0,0
78705,22:27:00,22:28:00,256,10,0,0
78705,22:37:00,22:38:00,408,11,0,0
78705,22:47:00,22:48:00,301,12,0,0
78705,23:09:00,23:10:00,233,13,0,0
78134,21:34:00,21:35:00,1,1,0,0
78134,21:38:00,21:39:00,386,2,0,0
78134,21:41:00,21:42:00,500,3,0,0
78134,21:43:00,21:44:00,387,4,0,0
78134,21:46:00,21:47:00,388,5,0,0
78134,21:50:00,21:51:00,520,6,0,0
78134,21:54:00,21:55:00,346,7,0,0
78134,22:00:00,22:01:00,340,8,0,0
78134,22:05:00,22:06:00,239,9,0,0
78134,22:09:00,22:10:00,232,10,0,0
78134,22:12:00,22:13:00,342,11,0,0
78134,22:16:00,22:17:00,237,12,0,0
78134,22:20:00,22:21:00,349,13,0,0
78580,21:37:00,21:38:00,1,1,0,0
78580,21:44:00,21:45:00,400,2,0,0
78580,21:46:00,21:47:00,225,3,0,0
78580,21:49:00,21:50:00,382,4,0,0
78580,21:51:00,21:52:00,501,5,0,0
78580,21:53:00,21:54:00,385,6,0,0
78580,21:57:00,21:58:00,452,7,0,0
78580,22:00:00,22:01:00,449,8,0,0
78580,22:03:00,22:04:00,451,9,0,0
78580,22:06:00,22:07:00,258,10,0,0
78580,22:09:00,22:10:00,276,11,0,0
78580,22:12:00,22:13:00,281,12,0,0
78580,22:16:00,22:17:00,230,13,0,0
78580,22:18:00,22:19:00,282,14,0,0
78580,22:23:00,22:24:00,306,15,0,0
78580,22:29:00,22:30:00,310,16,0,0
78580,22:31:00,22:32:00,352,17,0,0
78580,22:36:00,22:37:00,398,18,0,0
78580,22:38:00,22:39:00,287,19,0,0
78580,22:41:00,22:42:00,453,20,0,0
78580,22:44:00,22:45:00,399,21,0,0
78443,21:38:00,21:39:00,1,1,0,0
78443,21:43:00,21:44:00,450,2,0,0
78443,21:48:00,21:49:00,331,3,0,0
78443,21:50:00,21:51:00,245,4,0,0
78443,21:52:00,21:53:00,421,5,0,0
78443,21:58:00,21:59:00,250,6,0,0
78443,22:00:00,22:01:00,380,7,0,0
78443,22:05:00,22:06:00,384,8,0,0
78443,22:09:00,22:10:00,299,9,0,0
78443,22:13:00,22:14:00,343,10,0,0
78443,22:16:00,22:17:00,339,11,0,0
78443,22:18:00,22:19:00,354,12,0,0
78443,22:21:00,22:22:00,235,13,0,0
78443,22:26:00,22:27:00,283,14,0,0
78443,22:31:00,22:32:00,298,15,0,0
78443,22:35:00,22:36:00,367,16,0,0
78443,22:40:00,22:41:00,364,17,0,0
78443,22:46:00,22:47:00,412,18,0,0
78443,22:51:00,22:52:00,330,19,0,0
78443,22:56:00,22:57:00,203,20,0,0
77999,21:44:00,21:45:00,1,1,0,0
77999,21:48:00,21:49:00,386,2,0,0
77999,21:53:00,21:54:00,391,3,0,0
77999,21:55:00,21:56:00,248,4,0,0
77999,21:57:00,21:58:00,392,5,0,0
77999,22:00:00,22:01:00,305,6,0,0
77999,22:03:00,22:04:00,213,7,0,0
77999,22:08:00,22:09:00,358,8,0,0
77999,22:13:00,22:14:00,296,9,0,0
77999,22:16:00,22:17:00,229,10,0,0
77999,22:19:00,22:20:00,255,11,0,0
77999,22:22:00,22:23:00,316,12,0,0
77999,22:38:00,22:39:00,252,13,0,0
77999,22:43:00,22:44:00,336,14,0,0
77999,22:45:00,22:46:00,359,15,0,0
77999,22:47:00,22:48:00,322,16,0,0
77999,22:49:00,22:50:00,207,17,0,0
77999,22:51:00,22:52:00,393,18,0,0
77999,22:58:00,22:59:00,394,19,0,0
77999,23:03:00,23:04:00,275,20,0,0
77999,23:08:00,23:09:00,286,21,0,0
77999,23:15:00,23:16:00,395,22,0,0
77999,23:20:00,23:21:00,328,23,0,0
77999,23:25:00,23:26:00,396,24,0,0
77999,23:29:00,23:30:00,397,25,0,0
78583,22:14:00,22:15:00,1,1,0,0
78583,22:18:00,22:19:00,386,2,0,0
78583,22:23:00,22:24:00,391,3,0,0
78583,22:26:00,22:27:00,248,4,0,0
78583,22:28:00,22:29:00,392,5,0,0
78583,22:31:00,22:32:00,305,6,0,0
78583,22:34:00,22:35:00,213,7,0,0
78583,22:45:00,22:46:00,358,8,0,0
78583,22:51:00,22:52:00,296,9,0,0
78583,22:54:00,22:55:00,229,10,0,0
78583,22:57:00,22:58:00,255,11,0,0
78583,23:00:00,23:01:00,316,12,0,0
78583,23:03:00,23:04:00,252,13,0,0
78706,22:29:00,22:30:00,1,1,0,0
78706,22:38:00,22:39:00,400,2,0,0
78706,22:43:00,22:44:00,238,3,0,0
78706,22:46:00,22:47:00,540,4,0,0
78706,22:50:00,22:51:00,362,5,0,0
78706,23:01:00,23:02:00,374,6,0,0
78706,23:09:00,23:10:00,271,7,0,0
78706,23:15:00,23:16:00,433,8,0,0
78706,23:22:00,23:23:00,307,9,0,0
78706,23:27:00,23:28:00,256,10,0,0
78706,23:37:00,23:38:00,408,11,0,0
78136,22:34:00,22:35:00,1,1,0,0
78136,22:38:00,22:39:00,386,2,0,0
78136,22:41:00,22:42:00,500,3,0,0
78136,22:43:00,22:44:00,387,4,0,0
78136,22:46:00,22:47:00,388,5,0,0
78136,22:50:00,22:51:00,520,6,0,0
78136,22:54:00,22:55:00,346,7,0,0
78136,23:00:00,23:01:00,340,8,0,0
78136,23:05:00,23:06:00,239,9,0,0
78136,23:09:00,23:10:00,232,10,0,0
78136,23:12:00,23:13:00,342,11,0,0
78136,23:16:00,23:17:00,237,12,0,0
78136,23:20:00,23:21:00,349,13,0,0
78581,22:37:00,22:38:00,1,1,0,0
78581,22:44:00,22:45:00,400,2,0,0
78581,22:46:00,22:47:00,225,3,0,0
78581,22:49:00,22:50:00,382,4,0,0
78581,22:51:00,22:52:00,501,5,0,0
78581,22:53:00,22:54:00,385,6,0,0
78581,22:57:00,22:58:00,452,7,0,0
78581,23:00:00,23:01:00,449,8,0,0
78581,23:03:00,23:04:00,451,9,0,0
78581,23:06:00,23:07:00,258,10,0,0
78581,23:09:00,23:10:00,276,11,0,0
78581,23:12:00,23:13:00,281,12,0,0
78581,23:16:00,23:17:00,230,13,0,0
78581,23:18:00,23:19:00,282,14,0,0
78581,23:23:00,23:24:00,306,15,0,0
78581,23:29:00,23:30:00,310,16,0,0
78581,23:31:00,23:32:00,352,17,0,0
78581,23:36:00,23:37:00,398,18,0,0
78581,23:38:00,23:39:00,287,19,0,0
78581,23:41:00,23:42:00,453,20,0,0
78581,23:44:00,23:45:00,399,21,0,0
78444,22:38:00,22:39:00,1,1,0,0
78444,22:43:00,22:44:00,450,2,0,0
78444,22:48:00,22:49:00,331,3,0,0
78444,22:50:00,22:51:00,245,4,0,0
78444,22:52:00,22:53:00,421,5,0,0
78444,22:58:00,22:59:00,250,6,0,0
78444,23:00:00,23:01:00,380,7,0,0
78444,23:05:00,23:06:00,384,8,0,0
78444,23:09:00,23:10:00,299,9,0,0
78444,23:13:00,23:14:00,343,10,0,0
78444,23:16:00,23:17:00,339,11,0,0
78444,23:18:00,23:19:00,354,12,0,0
78444,23:21:00,23:22:00,235,13,0,0
78444,23:26:00,23:27:00,283,14,0,0
78444,23:31:00,23:32:00,298,15,0,0
78444,23:35:00,23:36:00,367,16,0,0
78444,23:40:00,23:41:00,364,17,0,0
78444,23:46:00,23:47:00,412,18,0,0
78444,23:55:00,23:56:00,203,19,0,0
78000,22:44:00,22:45:00,1,1,0,0
78000,22:48:00,22:49:00,386,2,0,0
78000,22:53:00,22:54:00,391,3,0,0
78000,22:55:00,22:56:00,248,4,0,0
78000,22:57:00,22:58:00,392,5,0,0
78000,23:00:00,23:01:00,305,6,0,0
78000,23:03:00,23:04:00,213,7,0,0
78000,23:08:00,23:09:00,358,8,0,0
78000,23:13:00,23:14:00,296,9,0,0
78000,23:16:00,23:17:00,229,10,0,0
78000,23:19:00,23:20:00,255,11,0,0
78000,23:22:00,23:23:00,316,12,0,0
78000,23:38:00,23:39:00,252,13,0,0
78000,23:43:00,23:44:00,336,14,0,0
78000,23:45:00,23:46:00,359,15,0,0
78000,23:47:00,23:48:00,322,16,0,0
78000,23:49:00,23:50:00,207,17,0,0
78000,23:51:00,23:52:00,393,18,0,0
78000,23:58:00,23:59:00,394,19,0,0
78000,24:03:00,24:04:00,275,20,0,0
78000,24:08:00,24:09:00,286,21,0,0
78000,24:15:00,24:16:00,395,22,0,0
78000,24:20:00,24:21:00,328,23,0,0
78000,24:25:00,24:26:00,396,24,0,0
78000,24:29:00,24:30:00,397,25,0,0
78138,23:34:00,23:35:00,1,1,0,0
78138,23:38:00,23:39:00,386,2,0,0
78138,23:41:00,23:42:00,500,3,0,0
78138,23:43:00,23:44:00,387,4,0,0
78138,23:46:00,23:47:00,388,5,0,0
78138,23:50:00,23:51:00,520,6,0,0
78138,23:54:00,23:55:00,346,7,0,0
78138,23:59:00,24:00:00,340,8,0,0
78138,24:04:00,24:05:00,239,9,0,0
78138,24:08:00,24:09:00,232,10,0,0
78138,24:11:00,24:12:00,342,11,0,0
78138,24:15:00,24:16:00,237,12,0,0
78138,24:19:00,24:20:00,349,13,0,0
78582,23:37:00,23:38:00,1,1,0,0
78582,23:44:00,23:45:00,400,2,0,0
78582,23:46:00,23:47:00,225,3,0,0
78582,23:49:00,23:50:00,382,4,0,0
78582,23:51:00,23:52:00,501,5,0,0
78582,23:53:00,23:54:00,385,6,0,0
78582,23:57:00,23:58:00,452,7,0,0
78582,24:00:00,24:01:00,449,8,0,0
78582,24:03:00,24:04:00,451,9,0,0
78582,24:06:00,24:07:00,258,10,0,0
78582,24:09:00,24:10:00,276,11,0,0
78582,24:12:00,24:13:00,281,12,0,0
78582,24:16:00,24:17:00,230,13,0,0
78582,24:18:00,24:19:00,282,14,0,0
78582,24:23:00,24:24:00,306,15,0,0
78582,24:29:00,24:30:00,310,16,0,0
78582,24:31:00,24:32:00,352,17,0,0
78582,24:36:00,24:37:00,398,18,0,0
78582,24:38:00,24:39:00,287,19,0,0
78582,24:41:00,24:42:00,453,20,0,0
78582,24:44:00,24:45:00,399,21,0,0
78445,23:38:00,23:39:00,1,1,0,0
78445,23:43:00,23:44:00,450,2,0,0
78445,23:48:00,23:49:00,331,3,0,0
78445,23:50:00,23:51:00,245,4,0,0
78445,23:52:00,23:53:00,421,5,0,0
78445,23:58:00,23:59:00,250,6,0,0
78445,24:00:00,24:01:00,380,7,0,0
78445,24:05:00,24:06:00,384,8,0,0
78445,24:09:00,24:10:00,299,9,0,0
78445,24:13:00,24:14:00,343,10,0,0
78445,24:16:00,24:17:00,339,11,0,0
78445,24:18:00,24:19:00,354,12,0,0
78445,24:21:00,24:22:00,235,13,0,0
78445,24:26:00,24:27:00,283,14,0,0
78445,24:30:00,24:31:00,298,15,0,0
78001,23:44:00,23:45:00,1,1,0,0
78001,23:48:00,23:49:00,386,2,0,0
78001,23:53:00,23:54:00,391,3,0,0
78001,23:55:00,23:56:00,248,4,0,0
78001,23:57:00,23:58:00,392,5,0,0
78001,24:00:00,24:01:00,305,6,0,0
78001,24:03:00,24:04:00,213,7,0,0
78001,24:08:00,24:09:00,358,8,0,0
78001,24:13:00,24:14:00,296,9,0,0
78001,24:16:00,24:17:00,229,10,0,0
78001,24:19:00,24:20:00,255,11,0,0
78001,24:22:00,24:23:00,316,12,0,0
78001,24:28:00,24:29:00,252,13,0,0
78001,24:33:00,24:34:00,336,14,0,0
78001,24:35:00,24:36:00,359,15,0,0
78001,24:37:00,24:38:00,322,16,0,0
78001,24:39:00,24:40:00,207,17,0,0
78001,24:41:00,24:42:00,393,18,0,0
78001,24:48:00,24:49:00,394,19,0,0
78001,24:53:00,24:54:00,275,20,0,0
78001,24:58:00,24:59:00,286,21,0,0
78001,25:05:00,25:06:00,395,22,0,0
78001,25:10:00,25:11:00,328,23,0,0
78001,25:15:00,25:16:00,396,24,0,0
78001,25:19:00,25:20:00,397,25,0,0
78714,09:29:00,09:30:00,1,1,0,0
78714,09:38:00,09:39:00,400,2,0,0
78714,09:43:00,09:44:00,238,3,0,0
78714,09:46:00,09:47:00,540,4,0,0
78714,09:50:00,09:51:00,362,5,0,0
78714,10:01:00,10:02:00,374,6,0,0
78714,10:09:00,10:10:00,271,7,0,0
78714,10:15:00,10:16:00,433,8,0,0
78714,10:22:00,10:23:00,307,9,0,0
78714,10:27:00,10:28:00,256,10,0,0
78714,10:37:00,10:38:00,408,11,0,0
78714,10:47:00,10:48:00,301,12,0,0
78714,10:56:00,10:57:00,297,13,0,0
78714,11:07:00,11:08:00,206,14,0,0
78714,11:16:00,11:17:00,233,15,0,0
78714,11:22:00,11:23:00,323,16,0,0
78714,11:30:00,11:31:00,309,17,0,0
78714,11:44:00,11:45:00,432,18,0,0
78714,12:00:00,12:01:00,419,19,0,0
78714,12:17:00,12:18:00,312,20,0,0
78714,12:23:00,12:24:00,460,21,0,0
78687,10:59:00,11:00:00,1,1,0,0
78687,11:08:00,11:09:00,400,2,0,0
78687,11:13:00,11:14:00,238,3,0,0
78687,11:16:00,11:17:00,540,4,0,0
78687,11:20:00,11:21:00,362,5,0,0
78687,11:31:00,11:32:00,374,6,0,0
78687,11:39:00,11:40:00,271,7,0,0
78687,11:45:00,11:46:00,433,8,0,0
78687,11:52:00,11:53:00,307,9,0,0
78687,11:57:00,11:58:00,256,10,0,0
78687,12:07:00,12:08:00,408,11,0,0
78210,19:00:00,19:01:00,1,1,0,0
78210,19:10:00,19:11:00,331,2,0,0
78210,19:34:00,19:35:00,339,3,0,0
78210,19:48:00,19:49:00,298,4,0,0
78210,20:04:00,20:05:00,412,5,0,0
78210,20:13:00,20:14:00,203,6,0,0
78210,20:24:00,20:25:00,267,7,0,0
78210,20:41:00,20:42:00,357,8,0,0
78210,20:58:00,20:59:00,341,9,0,0
78210,21:05:00,21:06:00,260,10,0,0
78210,21:12:00,21:13:00,319,11,0,0
78210,21:26:00,21:27:00,315,12,0,0
78210,21:39:00,21:40:00,234,13,0,0
78210,21:58:00,21:59:00,338,14,0,0
78210,22:13:00,22:14:00,291,15,0,0
78185,08:30:00,08:31:00,1,1,0,0
78185,08:40:00,08:41:00,331,2,0,0
78185,09:04:00,09:05:00,339,3,0,0
78185,09:18:00,09:19:00,298,4,0,0
78185,09:41:00,09:42:00,203,5,0,0
78185,09:52:00,09:53:00,267,6,0,0
78185,10:09:00,10:10:00,357,7,0,0
78185,10:26:00,10:27:00,341,8,0,0
78185,10:33:00,10:34:00,260,9,0,0
78185,10:40:00,10:41:00,319,10,0,0
78185,10:54:00,10:55:00,315,11,0,0
78185,11:07:00,11:08:00,234,12,0,0
78185,11:26:00,11:27:00,338,13,0,0
78185,11:41:00,11:42:00,291,14,0,0
78314,16:30:00,16:31:00,1,1,0,0
78314,17:01:00,17:02:00,339,2,0,0
78314,17:34:00,17:35:00,203,3,0,0
78314,17:57:00,17:58:00,357,4,0,0
78314,18:12:00,18:13:00,273,5,0,0
78314,18:34:00,18:35:00,308,6,0,0
78314,19:18:00,19:19:00,243,7,0,0
78314,19:48:00,19:49:00,269,8,0,0
78141,13:54:00,13:55:00,1,1,0,0
78141,14:00:00,14:01:00,386,2,0,0
78141,14:16:00,14:17:00,340,3,0,0
78141,14:34:00,14:35:00,349,4,0,0
78141,14:56:00,14:57:00,249,5,0,0
78141,15:15:00,15:16:00,222,6,0,0
78141,15:43:00,15:44:00,381,7,0,0
78141,16:07:00,16:08:00,413,8,0,0
78141,17:03:00,17:04:00,300,9,0,0
78703,20:29:00,20:30:00,1,1,0,0
78703,20:38:00,20:39:00,400,2,0,0
78703,20:43:00,20:44:00,238,3,0,0
78703,20:46:00,20:47:00,540,4,0,0
78703,20:50:00,20:51:00,362,5,0,0
78703,21:01:00,21:02:00,374,6,0,0
78703,21:09:00,21:10:00,271,7,0,0
78703,21:15:00,21:16:00,433,8,0,0
78703,21:22:00,21:23:00,307,9,0,0
78703,21:27:00,21:28:00,256,10,0,0
78703,21:37:00,21:38:00,408,11,0,0
78703,21:47:00,21:48:00,301,12,0,0
78703,22:09:00,22:10:00,233,13,0,0
78703,22:22:00,22:23:00,309,14,0,0
78703,22:35:00,22:36:00,432,15,0,0
78447,05:02:00,05:03:00,203,1,0,0
78447,05:06:00,05:07:00,330,2,0,0
78447,05:11:00,05:12:00,412,3,0,0
78447,05:17:00,05:18:00,364,4,0,0
78447,05:22:00,05:23:00,367,5,0,0
78447,05:27:00,05:28:00,298,6,0,0
78447,05:31:00,05:32:00,283,7,0,0
78447,05:36:00,05:37:00,235,8,0,0
78447,05:40:00,05:41:00,354,9,0,0
78447,05:42:00,05:43:00,339,10,0,0
78447,05:44:00,05:45:00,343,11,0,0
78447,05:49:00,05:50:00,299,12,0,0
78447,05:53:00,05:54:00,384,13,0,0
78447,05:58:00,05:59:00,380,14,0,0
78447,06:00:00,06:01:00,250,15,0,0
78447,06:06:00,06:07:00,421,16,0,0
78447,06:08:00,06:09:00,245,17,0,0
78447,06:10:00,06:11:00,331,18,0,0
78447,06:15:00,06:16:00,450,19,0,0
78447,06:20:00,06:21:00,1,20,0,0
78449,06:01:00,06:02:00,203,1,0,0
78449,06:05:00,06:06:00,330,2,0,0
78449,06:10:00,06:11:00,412,3,0,0
78449,06:16:00,06:17:00,364,4,0,0
78449,06:21:00,06:22:00,367,5,0,0
78449,06:26:00,06:27:00,298,6,0,0
78449,06:30:00,06:31:00,283,7,0,0
78449,06:35:00,06:36:00,235,8,0,0
78449,06:39:00,06:40:00,354,9,0,0
78449,06:41:00,06:42:00,339,10,0,0
78449,06:43:00,06:44:00,343,11,0,0
78449,06:48:00,06:49:00,299,12,0,0
78449,06:52:00,06:53:00,384,13,0,0
78449,06:57:00,06:58:00,380,14,0,0
78449,06:59:00,07:00:00,250,15,0,0
78449,07:03:00,07:04:00,274,16,0,0
78449,07:06:00,07:07:00,421,17,0,0
78449,07:08:00,07:09:00,245,18,0,0
78449,07:10:00,07:11:00,331,19,0,0
78449,07:15:00,07:16:00,450,20,0,0
78449,07:20:00,07:21:00,1,21,0,0
78453,07:01:00,07:02:00,203,1,0,0
78453,07:05:00,07:06:00,330,2,0,0
78453,07:10:00,07:11:00,412,3,0,0
78453,07:16:00,07:17:00,364,4,0,0
78453,07:21:00,07:22:00,367,5,0,0
78453,07:26:00,07:27:00,298,6,0,0
78453,07:30:00,07:31:00,283,7,0,0
78453,07:35:00,07:36:00,235,8,0,0
78453,07:39:00,07:40:00,354,9,0,0
78453,07:41:00,07:42:00,339,10,0,0
78453,07:43:00,07:44:00,343,11,0,0
78453,07:48:00,07:49:00,299,12,0,0
78453,07:52:00,07:53:00,384,13,0,0
78453,07:57:00,07:58:00,380,14,0,0
78453,07:59:00,08:00:00,250,15,0,0
78453,08:03:00,08:04:00,274,16,0,0
78453,08:06:00,08:07:00,421,17,0,0
78453,08:08:00,08:09:00,245,18,0,0
78453,08:10:00,08:11:00,331,19,0,0
78453,08:15:00,08:16:00,450,20,0,0
78453,08:20:00,08:21:00,1,21,0,0
78456,08:06:00,08:07:00,203,1,0,0
78456,08:13:00,08:14:00,412,2,0,0
78456,08:20:00,08:21:00,364,3,0,0
78456,08:24:00,08:25:00,367,4,0,0
78456,08:29:00,08:30:00,298,5,0,0
78456,08:33:00,08:34:00,283,6,0,0
78456,08:40:00,08:41:00,354,7,0,0
78456,08:43:00,08:44:00,339,8,0,0
78456,08:45:00,08:46:00,343,9,0,0
78456,08:49:00,08:50:00,299,10,0,0
78456,08:53:00,08:54:00,384,11,0,0
78456,08:58:00,08:59:00,380,12,0,0
78456,09:00:00,09:01:00,250,13,0,0
78456,09:06:00,09:07:00,421,14,0,0
78456,09:08:00,09:09:00,245,15,0,0
78456,09:10:00,09:11:00,331,16,0,0
78456,09:15:00,09:16:00,450,17,0,0
78456,09:20:00,09:21:00,1,18,0,0
78458,09:02:00,09:03:00,203,1,0,0
78458,09:06:00,09:07:00,330,2,0,0
78458,09:11:00,09:12:00,412,3,0,0
78458,09:17:00,09:18:00,364,4,0,0
78458,09:22:00,09:23:00,367,5,0,0
78458,09:27:00,09:28:00,298,6,0,0
78458,09:31:00,09:32:00,283,7,0,0
78458,09:36:00,09:37:00,235,8,0,0
78458,09:40:00,09:41:00,354,9,0,0
78458,09:42:00,09:43:00,339,10,0,0
78458,09:44:00,09:45:00,343,11,0,0
78458,09:49:00,09:50:00,299,12,0,0
78458,09:53:00,09:54:00,384,13,0,0
78458,09:58:00,09:59:00,380,14,0,0
78458,10:00:00,10:01:00,250,15,0,0
78458,10:06:00,10:07:00,421,16,0,0
78458,10:08:00,10:09:00,245,17,0,0
78458,10:10:00,10:11:00,331,18,0,0
78458,10:15:00,10:16:00,450,19,0,0
78458,10:20:00,10:21:00,1,20,0,0
78461,10:29:00,10:30:00,203,1,0,0
78461,10:33:00,10:34:00,330,2,0,0
78461,10:38:00,10:39:00,412,3,0,0
78461,10:44:00,10:45:00,364,4,0,0
78461,10:49:00,10:50:00,367,5,0,0
78461,10:54:00,10:55:00,298,6,0,0
78461,10:58:00,10:59:00,283,7,0,0
78461,11:03:00,11:04:00,235,8,0,0
78461,11:07:00,11:08:00,354,9,0,0
78461,11:09:00,11:10:00,339,10,0,0
78461,11:11:00,11:12:00,343,11,0,0
78461,11:16:00,11:17:00,299,12,0,0
78461,11:20:00,11:21:00,384,13,0,0
78461,11:25:00,11:26:00,380,14,0,0
78461,11:27:00,11:28:00,250,15,0,0
78461,11:30:00,11:31:00,241,16,0,0
78461,11:32:00,11:33:00,377,17,0,0
78461,11:34:00,11:35:00,274,18,0,0
78461,11:36:00,11:37:00,421,19,0,0
78461,11:38:00,11:39:00,245,20,0,0
78461,11:40:00,11:41:00,331,21,0,0
78461,11:45:00,11:46:00,450,22,0,0
78461,11:50:00,11:51:00,1,23,0,0
78462,11:29:00,11:30:00,203,1,0,0
78462,11:33:00,11:34:00,330,2,0,0
78462,11:38:00,11:39:00,412,3,0,0
78462,11:44:00,11:45:00,364,4,0,0
78462,11:49:00,11:50:00,367,5,0,0
78462,11:54:00,11:55:00,298,6,0,0
78462,11:58:00,11:59:00,283,7,0,0
78462,12:03:00,12:04:00,235,8,0,0
78462,12:07:00,12:08:00,354,9,0,0
78462,12:09:00,12:10:00,339,10,0,0
78462,12:11:00,12:12:00,343,11,0,0
78462,12:16:00,12:17:00,299,12,0,0
78462,12:20:00,12:21:00,384,13,0,0
78462,12:25:00,12:26:00,380,14,0,0
78462,12:27:00,12:28:00,250,15,0,0
78462,12:30:00,12:31:00,241,16,0,0
78462,12:32:00,12:33:00,377,17,0,0
78462,12:34:00,12:35:00,274,18,0,0
78462,12:36:00,12:37:00,421,19,0,0
78462,12:38:00,12:39:00,245,20,0,0
78462,12:40:00,12:41:00,331,21,0,0
78462,12:45:00,12:46:00,450,22,0,0
78462,12:50:00,12:51:00,1,23,0,0
78464,13:29:00,13:30:00,203,1,0,0
78464,13:33:00,13:34:00,330,2,0,0
78464,13:38:00,13:39:00,412,3,0,0
78464,13:44:00,13:45:00,364,4,0,0
78464,13:49:00,13:50:00,367,5,0,0
78464,13:54:00,13:55:00,298,6,0,0
78464,13:58:00,13:59:00,283,7,0,0
78464,14:03:00,14:04:00,235,8,0,0
78464,14:07:00,14:08:00,354,9,0,0
78464,14:09:00,14:10:00,339,10,0,0
78464,14:11:00,14:12:00,343,11,0,0
78464,14:16:00,14:17:00,299,12,0,0
78464,14:20:00,14:21:00,384,13,0,0
78464,14:25:00,14:26:00,380,14,0,0
78464,14:27:00,14:28:00,250,15,0,0
78464,14:30:00,14:31:00,241,16,0,0
78464,14:32:00,14:33:00,377,17,0,0
78464,14:34:00,14:35:00,274,18,0,0
78464,14:36:00,14:37:00,421,19,0,0
78464,14:38:00,14:39:00,245,20,0,0
78464,14:40:00,14:41:00,331,21,0,0
78464,14:45:00,14:46:00,450,22,0,0
78464,14:50:00,14:51:00,1,23,0,0
78468,14:31:00,14:32:00,203,1,0,0
78468,14:35:00,14:36:00,330,2,0,0
78468,14:40:00,14:41:00,412,3,0,0
78468,14:46:00,14:47:00,364,4,0,0
78468,14:51:00,14:52:00,367,5,0,0
78468,14:56:00,14:57:00,298,6,0,0
78468,15:00:00,15:01:00,283,7,0,0
78468,15:05:00,15:06:00,235,8,0,0
78468,15:09:00,15:10:00,354,9,0,0
78468,15:11:00,15:12:00,339,10,0,0
78468,15:13:00,15:14:00,343,11,0,0
78468,15:18:00,15:19:00,299,12,0,0
78468,15:22:00,15:23:00,384,13,0,0
78468,15:27:00,15:28:00,380,14,0,0
78468,15:29:00,15:30:00,250,15,0,0
78468,15:33:00,15:34:00,274,16,0,0
78468,15:36:00,15:37:00,421,17,0,0
78468,15:38:00,15:39:00,245,18,0,0
78468,15:40:00,15:41:00,331,19,0,0
78468,15:45:00,15:46:00,450,20,0,0
78468,15:50:00,15:51:00,1,21,0,0
78471,16:31:00,16:32:00,203,1,0,0
78471,16:35:00,16:36:00,330,2,0,0
78471,16:40:00,16:41:00,412,3,0,0
78471,16:46:00,16:47:00,364,4,0,0
78471,16:51:00,16:52:00,367,5,0,0
78471,16:56:00,16:57:00,298,6,0,0
78471,17:00:00,17:01:00,283,7,0,0
78471,17:05:00,17:06:00,235,8,0,0
78471,17:09:00,17:10:00,354,9,0,0
78471,17:11:00,17:12:00,339,10,0,0
78471,17:13:00,17:14:00,343,11,0,0
78471,17:18:00,17:19:00,299,12,0,0
78471,17:22:00,17:23:00,384,13,0,0
78471,17:27:00,17:28:00,380,14,0,0
78471,17:29:00,17:30:00,250,15,0,0
78471,17:33:00,17:34:00,274,16,0,0
78471,17:36:00,17:37:00,421,17,0,0
78471,17:38:00,17:39:00,245,18,0,0
78471,17:40:00,17:41:00,331,19,0,0
78471,17:45:00,17:46:00,450,20,0,0
78471,17:50:00,17:51:00,1,21,0,0
78473,17:31:00,17:32:00,203,1,0,0
78473,17:35:00,17:36:00,330,2,0,0
78473,17:40:00,17:41:00,412,3,0,0
78473,17:46:00,17:47:00,364,4,0,0
78473,17:51:00,17:52:00,367,5,0,0
78473,17:56:00,17:57:00,298,6,0,0
78473,18:00:00,18:01:00,283,7,0,0
78473,18:05:00,18:06:00,235,8,0,0
78473,18:09:00,18:10:00,354,9,0,0
78473,18:11:00,18:12:00,339,10,0,0
78473,18:13:00,18:14:00,343,11,0,0
78473,18:18:00,18:19:00,299,12,0,0
78473,18:22:00,18:23:00,384,13,0,0
78473,18:27:00,18:28:00,380,14,0,0
78473,18:29:00,18:30:00,250,15,0,0
78473,18:33:00,18:34:00,274,16,0,0
78473,18:36:00,18:37:00,421,17,0,0
78473,18:38:00,18:39:00,245,18,0,0
78473,18:40:00,18:41:00,331,19,0,0
78473,18:45:00,18:46:00,450,20,0,0
78473,18:50:00,18:51:00,1,21,0,0
78476,18:32:00,18:33:00,203,1,0,0
78476,18:36:00,18:37:00,330,2,0,0
78476,18:41:00,18:42:00,412,3,0,0
78476,18:47:00,18:48:00,364,4,0,0
78476,18:52:00,18:53:00,367,5,0,0
78476,18:57:00,18:58:00,298,6,0,0
78476,19:01:00,19:02:00,283,7,0,0
78476,19:06:00,19:07:00,235,8,0,0
78476,19:10:00,19:11:00,354,9,0,0
78476,19:12:00,19:13:00,339,10,0,0
78476,19:14:00,19:15:00,343,11,0,0
78476,19:19:00,19:20:00,299,12,0,0
78476,19:23:00,19:24:00,384,13,0,0
78476,19:28:00,19:29:00,380,14,0,0
78476,19:30:00,19:31:00,250,15,0,0
78476,19:36:00,19:37:00,421,16,0,0
78476,19:38:00,19:39:00,245,17,0,0
78476,19:40:00,19:41:00,331,18,0,0
78476,19:45:00,19:46:00,450,19,0,0
78476,19:50:00,19:51:00,1,20,0,0
78478,19:32:00,19:33:00,203,1,0,0
78478,19:36:00,19:37:00,330,2,0,0
78478,19:41:00,19:42:00,412,3,0,0
78478,19:47:00,19:48:00,364,4,0,0
78478,19:52:00,19:53:00,367,5,0,0
78478,19:57:00,19:58:00,298,6,0,0
78478,20:01:00,20:02:00,283,7,0,0
78478,20:06:00,20:07:00,235,8,0,0
78478,20:10:00,20:11:00,354,9,0,0
78478,20:12:00,20:13:00,339,10,0,0
78478,20:14:00,20:15:00,343,11,0,0
78478,20:19:00,20:20:00,299,12,0,0
78478,20:23:00,20:24:00,384,13,0,0
78478,20:28:00,20:29:00,380,14,0,0
78478,20:30:00,20:31:00,250,15,0,0
78478,20:36:00,20:37:00,421,16,0,0
78478,20:38:00,20:39:00,245,17,0,0
78478,20:40:00,20:41:00,331,18,0,0
78478,20:45:00,20:46:00,450,19,0,0
78478,20:50:00,20:51:00,1,20,0,0
78480,20:32:00,20:33:00,203,1,0,0
78480,20:36:00,20:37:00,330,2,0,0
78480,20:41:00,20:42:00,412,3,0,0
78480,20:47:00,20:48:00,364,4,0,0
78480,20:52:00,20:53:00,367,5,0,0
78480,20:57:00,20:58:00,298,6,0,0
78480,21:01:00,21:02:00,283,7,0,0
78480,21:06:00,21:07:00,235,8,0,0
78480,21:10:00,21:11:00,354,9,0,0
78480,21:12:00,21:13:00,339,10,0,0
78480,21:14:00,21:15:00,343,11,0,0
78480,21:19:00,21:20:00,299,12,0,0
78480,21:23:00,21:24:00,384,13,0,0
78480,21:28:00,21:29:00,380,14,0,0
78480,21:30:00,21:31:00,250,15,0,0
78480,21:36:00,21:37:00,421,16,0,0
78480,21:38:00,21:39:00,245,17,0,0
78480,21:40:00,21:41:00,331,18,0,0
78480,21:45:00,21:46:00,450,19,0,0
78480,21:50:00,21:51:00,1,20,0,0
78482,22:04:00,22:05:00,203,1,0,0
78482,22:11:00,22:12:00,412,2,0,0
78482,22:18:00,22:19:00,364,3,0,0
78482,22:22:00,22:23:00,367,4,0,0
78482,22:27:00,22:28:00,298,5,0,0
78482,22:32:00,22:33:00,283,6,0,0
78482,22:36:00,22:37:00,235,7,0,0
78482,22:40:00,22:41:00,354,8,0,0
78482,22:43:00,22:44:00,339,9,0,0
78482,22:45:00,22:46:00,343,10,0,0
78482,22:49:00,22:50:00,299,11,0,0
78482,22:53:00,22:54:00,384,12,0,0
78482,22:58:00,22:59:00,380,13,0,0
78482,23:00:00,23:01:00,250,14,0,0
78482,23:06:00,23:07:00,421,15,0,0
78482,23:08:00,23:09:00,245,16,0,0
78482,23:10:00,23:11:00,331,17,0,0
78482,23:15:00,23:16:00,450,18,0,0
78482,23:20:00,23:21:00,1,19,0,0
78621,10:14:00,10:15:00,230,1,0,0
78621,10:17:00,10:18:00,281,2,0,0
78621,10:20:00,10:21:00,276,3,0,0
78621,10:23:00,10:24:00,258,4,0,0
78621,10:26:00,10:27:00,451,5,0,0
78621,10:29:00,10:30:00,449,6,0,0
78621,10:32:00,10:33:00,452,7,0,0
78621,10:36:00,10:37:00,385,8,0,0
78621,10:38:00,10:39:00,501,9,0,0
78621,10:40:00,10:41:00,382,10,0,0
78621,10:43:00,10:44:00,225,11,0,0
78621,10:46:00,10:47:00,400,12,0,0
78621,10:52:00,10:53:00,1,13,0,0
78631,16:14:00,16:15:00,230,1,0,0
78631,16:17:00,16:18:00,281,2,0,0
78631,16:20:00,16:21:00,276,3,0,0
78631,16:23:00,16:24:00,258,4,0,0
78631,16:26:00,16:27:00,451,5,0,0
78631,16:29:00,16:30:00,449,6,0,0
78631,16:32:00,16:33:00,452,7,0,0
78631,16:36:00,16:37:00,385,8,0,0
78631,16:38:00,16:39:00,501,9,0,0
78631,16:40:00,16:41:00,382,10,0,0
78631,16:43:00,16:44:00,225,11,0,0
78631,16:46:00,16:47:00,400,12,0,0
78631,16:52:00,16:53:00,1,13,0,0
78633,17:14:00,17:15:00,230,1,0,0
78633,17:17:00,17:18:00,281,2,0,0
78633,17:20:00,17:21:00,276,3,0,0
78633,17:23:00,17:24:00,258,4,0,0
78633,17:26:00,17:27:00,451,5,0,0
78633,17:29:00,17:30:00,449,6,0,0
78633,17:32:00,17:33:00,452,7,0,0
78633,17:36:00,17:37:00,385,8,0,0
78633,17:38:00,17:39:00,501,9,0,0
78633,17:40:00,17:41:00,382,10,0,0
78633,17:43:00,17:44:00,225,11,0,0
78633,17:46:00,17:47:00,400,12,0,0
78633,17:52:00,17:53:00,1,13,0,0
78669,07:26:00,07:27:00,233,1,0,0
78669,07:50:00,07:51:00,301,2,0,0
78669,07:59:00,08:00:00,408,3,0,0
78669,08:07:00,08:08:00,256,4,0,0
78669,08:12:00,08:13:00,307,5,0,0
78669,08:18:00,08:19:00,433,6,0,0
78669,08:24:00,08:25:00,271,7,0,0
78669,08:31:00,08:32:00,374,8,0,0
78669,08:41:00,08:42:00,362,9,0,0
78669,08:44:00,08:45:00,540,10,0,0
78669,08:48:00,08:49:00,238,11,0,0
78669,08:55:00,08:56:00,400,12,0,0
78669,09:05:00,09:06:00,1,13,0,0
78678,17:33:00,17:34:00,233,1,0,0
78678,17:43:00,17:44:00,206,2,0,0
78678,17:53:00,17:54:00,297,3,0,0
78678,18:03:00,18:04:00,301,4,0,0
78678,18:12:00,18:13:00,408,5,0,0
78678,18:20:00,18:21:00,256,6,0,0
78678,18:25:00,18:26:00,307,7,0,0
78678,18:31:00,18:32:00,433,8,0,0
78678,18:41:00,18:42:00,374,9,0,0
78678,18:51:00,18:52:00,362,10,0,0
78678,18:55:00,18:56:00,540,11,0,0
78678,18:58:00,18:59:00,238,12,0,0
78678,19:05:00,19:06:00,400,13,0,0
78678,19:15:00,19:16:00,1,14,0,0
78281,03:47:00,03:48:00,243,1,0,0
78281,04:01:00,04:02:00,304,2,0,0
78281,04:06:00,04:07:00,430,3,0,0
78281,04:17:00,04:18:00,335,4,0,0
78281,04:29:00,04:30:00,360,5,0,0
78281,04:41:00,04:42:00,308,6,0,0
78281,05:03:00,05:04:00,273,7,0,0
78281,05:18:00,05:19:00,357,8,0,0
78281,05:28:00,05:29:00,204,9,0,0
78281,05:37:00,05:38:00,267,10,0,0
78281,05:48:00,05:49:00,203,11,0,0
78281,05:58:00,05:59:00,412,12,0,0
78281,06:14:00,06:15:00,298,13,0,0
78281,06:27:00,06:28:00,339,14,0,0
78281,06:49:00,06:50:00,331,15,0,0
78281,06:58:00,06:59:00,1,16,0,0
78279,07:41:00,07:42:00,243,1,0,0
78279,07:55:00,07:56:00,304,2,0,0
78279,08:00:00,08:01:00,430,3,0,0
78279,08:11:00,08:12:00,335,4,0,0
78279,08:24:00,08:25:00,360,5,0,0
78279,08:35:00,08:36:00,308,6,0,0
78279,08:46:00,08:47:00,427,7,0,0
78279,09:01:00,09:02:00,273,8,0,0
78279,09:16:00,09:17:00,357,9,0,0
78279,09:26:00,09:27:00,204,10,0,0
78279,09:35:00,09:36:00,267,11,0,0
78279,09:46:00,09:47:00,203,12,0,0
78279,10:10:00,10:11:00,298,13,0,0
78279,10:23:00,10:24:00,339,14,0,0
78279,10:37:00,10:38:00,380,15,0,0
78279,10:49:00,10:50:00,331,16,0,0
78279,10:58:00,10:59:00,1,17,0,0
78275,10:51:00,10:52:00,243,1,0,0
78275,11:14:00,11:15:00,335,2,0,0
78275,11:35:00,11:36:00,308,3,0,0
78275,12:05:00,12:06:00,273,4,0,0
78275,12:20:00,12:21:00,357,5,0,0
78275,12:36:00,12:37:00,267,6,0,0
78275,12:47:00,12:48:00,203,7,0,0
78275,12:57:00,12:58:00,412,8,0,0
78275,13:13:00,13:14:00,298,9,0,0
78275,13:26:00,13:27:00,339,10,0,0
78275,13:49:00,13:50:00,331,11,0,0
78275,13:58:00,13:59:00,1,12,0,0
78283,13:18:00,13:19:00,243,1,0,0
78283,13:32:00,13:33:00,304,2,0,0
78283,13:37:00,13:38:00,430,3,0,0
78283,13:48:00,13:49:00,335,4,0,0
78283,14:01:00,14:02:00,360,5,0,0
78283,14:12:00,14:13:00,308,6,0,0
78283,14:23:00,14:24:00,427,7,0,0
78283,14:45:00,14:46:00,273,8,0,0
78283,15:00:00,15:01:00,357,9,0,0
78283,15:10:00,15:11:00,204,10,0,0
78283,15:19:00,15:20:00,267,11,0,0
78283,15:35:00,15:36:00,203,12,0,0
78283,15:42:00,15:43:00,412,13,0,0
78283,15:49:00,15:50:00,364,14,0,0
78283,15:57:00,15:58:00,298,15,0,0
78283,16:01:00,16:02:00,283,16,0,0
78283,16:06:00,16:07:00,235,17,0,0
78283,16:10:00,16:11:00,354,18,0,0
78283,16:12:00,16:13:00,339,19,0,0
78283,16:14:00,16:15:00,343,20,0,0
78283,16:19:00,16:20:00,299,21,0,0
78283,16:23:00,16:24:00,384,22,0,0
78283,16:28:00,16:29:00,380,23,0,0
78283,16:30:00,16:31:00,250,24,0,0
78283,16:36:00,16:37:00,421,25,0,0
78283,16:38:00,16:39:00,245,26,0,0
78283,16:40:00,16:41:00,331,27,0,0
78283,16:45:00,16:46:00,450,28,0,0
78283,16:50:00,16:51:00,1,29,0,0
78277,16:28:00,16:29:00,243,1,0,0
78277,16:51:00,16:52:00,335,2,0,0
78277,17:08:00,17:09:00,360,3,0,0
78277,17:19:00,17:20:00,308,4,0,0
78277,17:41:00,17:42:00,273,5,0,0
78277,17:55:00,17:56:00,357,6,0,0
78277,18:11:00,18:12:00,267,7,0,0
78277,18:21:00,18:22:00,203,8,0,0
78277,18:45:00,18:46:00,298,9,0,0
78277,18:58:00,18:59:00,339,10,0,0
78277,19:20:00,19:21:00,331,11,0,0
78277,19:29:00,19:30:00,1,12,0,0
78284,18:09:00,18:10:00,243,1,0,0
78284,18:23:00,18:24:00,304,2,0,0
78284,18:28:00,18:29:00,430,3,0,0
78284,18:39:00,18:40:00,335,4,0,0
78284,18:59:00,19:00:00,360,5,0,0
78284,19:10:00,19:11:00,308,6,0,0
78284,19:21:00,19:22:00,427,7,0,0
78284,19:36:00,19:37:00,273,8,0,0
78284,19:51:00,19:52:00,357,9,0,0
78284,20:01:00,20:02:00,204,10,0,0
78284,20:09:00,20:10:00,267,11,0,0
78284,20:20:00,20:21:00,203,12,0,0
78284,20:44:00,20:45:00,298,13,0,0
78284,20:57:00,20:58:00,339,14,0,0
78284,21:19:00,21:20:00,331,15,0,0
78284,21:28:00,21:29:00,1,16,0,0
78044,06:07:00,06:08:00,252,1,0,0
78044,06:10:00,06:11:00,316,2,0,0
78044,06:13:00,06:14:00,255,3,0,0
78044,06:16:00,06:17:00,229,4,0,0
78044,06:18:00,06:19:00,296,5,0,0
78044,06:34:00,06:35:00,358,6,0,0
78044,06:38:00,06:39:00,213,7,0,0
78044,06:42:00,06:43:00,305,8,0,0
78044,06:44:00,06:45:00,392,9,0,0
78044,06:47:00,06:48:00,248,10,0,0
78044,06:49:00,06:50:00,391,11,0,0
78044,06:54:00,06:55:00,386,12,0,0
78044,06:58:00,06:59:00,1,13,0,0
78045,06:22:00,06:23:00,252,1,0,0
78045,06:25:00,06:26:00,316,2,0,0
78045,06:28:00,06:29:00,255,3,0,0
78045,06:31:00,06:32:00,229,4,0,0
78045,06:33:00,06:34:00,296,5,0,0
78045,06:49:00,06:50:00,358,6,0,0
78045,06:53:00,06:54:00,213,7,0,0
78045,06:57:00,06:58:00,305,8,0,0
78045,06:59:00,07:00:00,392,9,0,0
78045,07:02:00,07:03:00,248,10,0,0
78045,07:04:00,07:05:00,391,11,0,0
78045,07:09:00,07:10:00,386,12,0,0
78045,07:13:00,07:14:00,1,13,0,0
78047,07:07:00,07:08:00,252,1,0,0
78047,07:10:00,07:11:00,316,2,0,0
78047,07:13:00,07:14:00,255,3,0,0
78047,07:16:00,07:17:00,229,4,0,0
78047,07:18:00,07:19:00,296,5,0,0
78047,07:34:00,07:35:00,358,6,0,0
78047,07:38:00,07:39:00,213,7,0,0
78047,07:42:00,07:43:00,305,8,0,0
78047,07:44:00,07:45:00,392,9,0,0
78047,07:47:00,07:48:00,248,10,0,0
78047,07:49:00,07:50:00,391,11,0,0
78047,07:54:00,07:55:00,386,12,0,0
78047,07:58:00,07:59:00,1,13,0,0
78048,07:22:00,07:23:00,252,1,0,0
78048,07:25:00,07:26:00,316,2,0,0
78048,07:28:00,07:29:00,255,3,0,0
78048,07:31:00,07:32:00,229,4,0,0
78048,07:33:00,07:34:00,296,5,0,0
78048,07:49:00,07:50:00,358,6,0,0
78048,07:53:00,07:54:00,213,7,0,0
78048,07:57:00,07:58:00,305,8,0,0
78048,07:59:00,08:00:00,392,9,0,0
78048,08:02:00,08:03:00,248,10,0,0
78048,08:04:00,08:05:00,391,11,0,0
78048,08:09:00,08:10:00,386,12,0,0
78048,08:13:00,08:14:00,1,13,0,0
78050,08:07:00,08:08:00,252,1,0,0
78050,08:10:00,08:11:00,316,2,0,0
78050,08:13:00,08:14:00,255,3,0,0
78050,08:16:00,08:17:00,229,4,0,0
78050,08:18:00,08:19:00,296,5,0,0
78050,08:34:00,08:35:00,358,6,0,0
78050,08:38:00,08:39:00,213,7,0,0
78050,08:42:00,08:43:00,305,8,0,0
78050,08:44:00,08:45:00,392,9,0,0
78050,08:47:00,08:48:00,248,10,0,0
78050,08:49:00,08:50:00,391,11,0,0
78050,08:54:00,08:55:00,386,12,0,0
78050,08:58:00,08:59:00,1,13,0,0
78051,08:22:00,08:23:00,252,1,0,0
78051,08:25:00,08:26:00,316,2,0,0
78051,08:28:00,08:29:00,255,3,0,0
78051,08:31:00,08:32:00,229,4,0,0
78051,08:33:00,08:34:00,296,5,0,0
78051,08:49:00,08:50:00,358,6,0,0
78051,08:53:00,08:54:00,213,7,0,0
78051,08:57:00,08:58:00,305,8,0,0
78051,08:59:00,09:00:00,392,9,0,0
78051,09:02:00,09:03:00,248,10,0,0
78051,09:04:00,09:05:00,391,11,0,0
78051,09:09:00,09:10:00,386,12,0,0
78051,09:13:00,09:14:00,1,13,0,0
78053,09:07:00,09:08:00,252,1,0,0
78053,09:10:00,09:11:00,316,2,0,0
78053,09:13:00,09:14:00,255,3,0,0
78053,09:16:00,09:17:00,229,4,0,0
78053,09:18:00,09:19:00,296,5,0,0
78053,09:34:00,09:35:00,358,6,0,0
78053,09:38:00,09:39:00,213,7,0,0
78053,09:42:00,09:43:00,305,8,0,0
78053,09:44:00,09:45:00,392,9,0,0
78053,09:47:00,09:48:00,248,10,0,0
78053,09:49:00,09:50:00,391,11,0,0
78053,09:54:00,09:55:00,386,12,0,0
78053,09:58:00,09:59:00,1,13,0,0
78054,09:22:00,09:23:00,252,1,0,0
78054,09:25:00,09:26:00,316,2,0,0
78054,09:28:00,09:29:00,255,3,0,0
78054,09:31:00,09:32:00,229,4,0,0
78054,09:33:00,09:34:00,296,5,0,0
78054,09:49:00,09:50:00,358,6,0,0
78054,09:53:00,09:54:00,213,7,0,0
78054,09:57:00,09:58:00,305,8,0,0
78054,09:59:00,10:00:00,392,9,0,0
78054,10:02:00,10:03:00,248,10,0,0
78054,10:04:00,10:05:00,391,11,0,0
78054,10:09:00,10:10:00,386,12,0,0
78054,10:13:00,10:14:00,1,13,0,0
78056,10:07:00,10:08:00,252,1,0,0
78056,10:10:00,10:11:00,316,2,0,0
78056,10:13:00,10:14:00,255,3,0,0
78056,10:16:00,10:17:00,229,4,0,0
78056,10:18:00,10:19:00,296,5,0,0
78056,10:34:00,10:35:00,358,6,0,0
78056,10:38:00,10:39:00,213,7,0,0
78056,10:42:00,10:43:00,305,8,0,0
78056,10:44:00,10:45:00,392,9,0,0
78056,10:47:00,10:48:00,248,10,0,0
78056,10:49:00,10:50:00,391,11,0,0
78056,10:54:00,10:55:00,386,12,0,0
78056,10:58:00,10:59:00,1,13,0,0
78057,10:22:00,10:23:00,252,1,0,0
78057,10:25:00,10:26:00,316,2,0,0
78057,10:28:00,10:29:00,255,3,0,0
78057,10:31:00,10:32:00,229,4,0,0
78057,10:33:00,10:34:00,296,5,0,0
78057,10:49:00,10:50:00,358,6,0,0
78057,10:53:00,10:54:00,213,7,0,0
78057,10:57:00,10:58:00,305,8,0,0
78057,10:59:00,11:00:00,392,9,0,0
78057,11:02:00,11:03:00,248,10,0,0
78057,11:04:00,11:05:00,391,11,0,0
78057,11:09:00,11:10:00,386,12,0,0
78057,11:13:00,11:14:00,1,13,0,0
78059,11:07:00,11:08:00,252,1,0,0
78059,11:10:00,11:11:00,316,2,0,0
78059,11:13:00,11:14:00,255,3,0,0
78059,11:16:00,11:17:00,229,4,0,0
78059,11:18:00,11:19:00,296,5,0,0
78059,11:34:00,11:35:00,358,6,0,0
78059,11:38:00,11:39:00,213,7,0,0
78059,11:42:00,11:43:00,305,8,0,0
78059,11:44:00,11:45:00,392,9,0,0
78059,11:47:00,11:48:00,248,10,0,0
78059,11:49:00,11:50:00,391,11,0,0
78059,11:54:00,11:55:00,386,12,0,0
78059,11:58:00,11:59:00,1,13,0,0
78060,11:22:00,11:23:00,252,1,0,0
78060,11:25:00,11:26:00,316,2,0,0
78060,11:28:00,11:29:00,255,3,0,0
78060,11:31:00,11:32:00,229,4,0,0
78060,11:33:00,11:34:00,296,5,0,0
78060,11:49:00,11:50:00,358,6,0,0
78060,11:53:00,11:54:00,213,7,0,0
78060,11:57:00,11:58:00,305,8,0,0
78060,11:59:00,12:00:00,392,9,0,0
78060,12:02:00,12:03:00,248,10,0,0
78060,12:04:00,12:05:00,391,11,0,0
78060,12:09:00,12:10:00,386,12,0,0
78060,12:13:00,12:14:00,1,13,0,0
78062,12:07:00,12:08:00,252,1,0,0
78062,12:10:00,12:11:00,316,2,0,0
78062,12:13:00,12:14:00,255,3,0,0
78062,12:16:00,12:17:00,229,4,0,0
78062,12:18:00,12:19:00,296,5,0,0
78062,12:34:00,12:35:00,358,6,0,0
78062,12:38:00,12:39:00,213,7,0,0
78062,12:42:00,12:43:00,305,8,0,0
78062,12:44:00,12:45:00,392,9,0,0
78062,12:47:00,12:48:00,248,10,0,0
78062,12:49:00,12:50:00,391,11,0,0
78062,12:54:00,12:55:00,386,12,0,0
78062,12:58:00,12:59:00,1,13,0,0
78064,12:52:00,12:53:00,252,1,0,0
78064,12:55:00,12:56:00,316,2,0,0
78064,12:58:00,12:59:00,255,3,0,0
78064,13:01:00,13:02:00,229,4,0,0
78064,13:03:00,13:04:00,296,5,0,0
78064,13:18:00,13:19:00,358,6,0,0
78064,13:22:00,13:23:00,213,7,0,0
78064,13:25:00,13:26:00,305,8,0,0
78064,13:28:00,13:29:00,392,9,0,0
78064,13:30:00,13:31:00,248,10,0,0
78064,13:33:00,13:34:00,391,11,0,0
78064,13:39:00,13:40:00,386,12,0,0
78064,13:43:00,13:44:00,1,13,0,0
78066,13:52:00,13:53:00,252,1,0,0
78066,13:55:00,13:56:00,316,2,0,0
78066,13:58:00,13:59:00,255,3,0,0
78066,14:01:00,14:02:00,229,4,0,0
78066,14:03:00,14:04:00,296,5,0,0
78066,14:18:00,14:19:00,358,6,0,0
78066,14:22:00,14:23:00,213,7,0,0
78066,14:25:00,14:26:00,305,8,0,0
78066,14:28:00,14:29:00,392,9,0,0
78066,14:30:00,14:31:00,248,10,0,0
78066,14:33:00,14:34:00,391,11,0,0
78066,14:39:00,14:40:00,386,12,0,0
78066,14:43:00,14:44:00,1,13,0,0
78067,14:07:00,14:08:00,252,1,0,0
78067,14:10:00,14:11:00,316,2,0,0
78067,14:13:00,14:14:00,255,3,0,0
78067,14:16:00,14:17:00,229,4,0,0
78067,14:18:00,14:19:00,296,5,0,0
78067,14:34:00,14:35:00,358,6,0,0
78067,14:38:00,14:39:00,213,7,0,0
78067,14:42:00,14:43:00,305,8,0,0
78067,14:44:00,14:45:00,392,9,0,0
78067,14:47:00,14:48:00,248,10,0,0
78067,14:49:00,14:50:00,391,11,0,0
78067,14:54:00,14:55:00,386,12,0,0
78067,14:58:00,14:59:00,1,13,0,0
78069,14:52:00,14:53:00,252,1,0,0
78069,14:55:00,14:56:00,316,2,0,0
78069,14:58:00,14:59:00,255,3,0,0
78069,15:01:00,15:02:00,229,4,0,0
78069,15:03:00,15:04:00,296,5,0,0
78069,15:18:00,15:19:00,358,6,0,0
78069,15:22:00,15:23:00,213,7,0,0
78069,15:25:00,15:26:00,305,8,0,0
78069,15:28:00,15:29:00,392,9,0,0
78069,15:30:00,15:31:00,248,10,0,0
78069,15:33:00,15:34:00,391,11,0,0
78069,15:39:00,15:40:00,386,12,0,0
78069,15:43:00,15:44:00,1,13,0,0
78070,15:07:00,15:08:00,252,1,0,0
78070,15:10:00,15:11:00,316,2,0,0
78070,15:13:00,15:14:00,255,3,0,0
78070,15:16:00,15:17:00,229,4,0,0
78070,15:18:00,15:19:00,296,5,0,0
78070,15:34:00,15:35:00,358,6,0,0
78070,15:38:00,15:39:00,213,7,0,0
78070,15:42:00,15:43:00,305,8,0,0
78070,15:44:00,15:45:00,392,9,0,0
78070,15:47:00,15:48:00,248,10,0,0
78070,15:49:00,15:50:00,391,11,0,0
78070,15:54:00,15:55:00,386,12,0,0
78070,15:58:00,15:59:00,1,13,0,0
78072,15:52:00,15:53:00,252,1,0,0
78072,15:55:00,15:56:00,316,2,0,0
78072,15:58:00,15:59:00,255,3,0,0
78072,16:01:00,16:02:00,229,4,0,0
78072,16:03:00,16:04:00,296,5,0,0
78072,16:18:00,16:19:00,358,6,0,0
78072,16:22:00,16:23:00,213,7,0,0
78072,16:25:00,16:26:00,305,8,0,0
78072,16:28:00,16:29:00,392,9,0,0
78072,16:30:00,16:31:00,248,10,0,0
78072,16:33:00,16:34:00,391,11,0,0
78072,16:39:00,16:40:00,386,12,0,0
78072,16:43:00,16:44:00,1,13,0,0
78074,16:07:00,16:08:00,252,1,0,0
78074,16:10:00,16:11:00,316,2,0,0
78074,16:13:00,16:14:00,255,3,0,0
78074,16:16:00,16:17:00,229,4,0,0
78074,16:18:00,16:19:00,296,5,0,0
78074,16:34:00,16:35:00,358,6,0,0
78074,16:38:00,16:39:00,213,7,0,0
78074,16:42:00,16:43:00,305,8,0,0
78074,16:44:00,16:45:00,392,9,0,0
78074,16:47:00,16:48:00,248,10,0,0
78074,16:49:00,16:50:00,391,11,0,0
78074,16:54:00,16:55:00,386,12,0,0
78074,16:58:00,16:59:00,1,13,0,0
78076,16:52:00,16:53:00,252,1,0,0
78076,16:55:00,16:56:00,316,2,0,0
78076,16:58:00,16:59:00,255,3,0,0
78076,17:01:00,17:02:00,229,4,0,0
78076,17:03:00,17:04:00,296,5,0,0
78076,17:18:00,17:19:00,358,6,0,0
78076,17:22:00,17:23:00,213,7,0,0
78076,17:25:00,17:26:00,305,8,0,0
78076,17:28:00,17:29:00,392,9,0,0
78076,17:30:00,17:31:00,248,10,0,0
78076,17:33:00,17:34:00,391,11,0,0
78076,17:39:00,17:40:00,386,12,0,0
78076,17:43:00,17:44:00,1,13,0,0
78077,17:07:00,17:08:00,252,1,0,0
78077,17:10:00,17:11:00,316,2,0,0
78077,17:13:00,17:14:00,255,3,0,0
78077,17:16:00,17:17:00,229,4,0,0
78077,17:18:00,17:19:00,296,5,0,0
78077,17:34:00,17:35:00,358,6,0,0
78077,17:38:00,17:39:00,213,7,0,0
78077,17:42:00,17:43:00,305,8,0,0
78077,17:44:00,17:45:00,392,9,0,0
78077,17:47:00,17:48:00,248,10,0,0
78077,17:49:00,17:50:00,391,11,0,0
78077,17:54:00,17:55:00,386,12,0,0
78077,17:58:00,17:59:00,1,13,0,0
78079,17:52:00,17:53:00,252,1,0,0
78079,17:55:00,17:56:00,316,2,0,0
78079,17:58:00,17:59:00,255,3,0,0
78079,18:01:00,18:02:00,229,4,0,0
78079,18:03:00,18:04:00,296,5,0,0
78079,18:18:00,18:19:00,358,6,0,0
78079,18:22:00,18:23:00,213,7,0,0
78079,18:25:00,18:26:00,305,8,0,0
78079,18:28:00,18:29:00,392,9,0,0
78079,18:30:00,18:31:00,248,10,0,0
78079,18:33:00,18:34:00,391,11,0,0
78079,18:39:00,18:40:00,386,12,0,0
78079,18:43:00,18:44:00,1,13,0,0
78080,18:07:00,18:08:00,252,1,0,0
78080,18:10:00,18:11:00,316,2,0,0
78080,18:13:00,18:14:00,255,3,0,0
78080,18:16:00,18:17:00,229,4,0,0
78080,18:18:00,18:19:00,296,5,0,0
78080,18:34:00,18:35:00,358,6,0,0
78080,18:38:00,18:39:00,213,7,0,0
78080,18:42:00,18:43:00,305,8,0,0
78080,18:44:00,18:45:00,392,9,0,0
78080,18:47:00,18:48:00,248,10,0,0
78080,18:49:00,18:50:00,391,11,0,0
78080,18:54:00,18:55:00,386,12,0,0
78080,18:58:00,18:59:00,1,13,0,0
78082,18:52:00,18:53:00,252,1,0,0
78082,18:55:00,18:56:00,316,2,0,0
78082,18:58:00,18:59:00,255,3,0,0
78082,19:01:00,19:02:00,229,4,0,0
78082,19:03:00,19:04:00,296,5,0,0
78082,19:18:00,19:19:00,358,6,0,0
78082,19:22:00,19:23:00,213,7,0,0
78082,19:25:00,19:26:00,305,8,0,0
78082,19:28:00,19:29:00,392,9,0,0
78082,19:30:00,19:31:00,248,10,0,0
78082,19:33:00,19:34:00,391,11,0,0
78082,19:39:00,19:40:00,386,12,0,0
78082,19:43:00,19:44:00,1,13,0,0
78083,19:07:00,19:08:00,252,1,0,0
78083,19:10:00,19:11:00,316,2,0,0
78083,19:13:00,19:14:00,255,3,0,0
78083,19:16:00,19:17:00,229,4,0,0
78083,19:18:00,19:19:00,296,5,0,0
78083,19:34:00,19:35:00,358,6,0,0
78083,19:38:00,19:39:00,213,7,0,0
78083,19:42:00,19:43:00,305,8,0,0
78083,19:44:00,19:45:00,392,9,0,0
78083,19:47:00,19:48:00,248,10,0,0
78083,19:49:00,19:50:00,391,11,0,0
78083,19:54:00,19:55:00,386,12,0,0
78083,19:58:00,19:59:00,1,13,0,0
78085,19:52:00,19:53:00,252,1,0,0
78085,19:55:00,19:56:00,316,2,0,0
78085,19:58:00,19:59:00,255,3,0,0
78085,20:01:00,20:02:00,229,4,0,0
78085,20:03:00,20:04:00,296,5,0,0
78085,20:18:00,20:19:00,358,6,0,0
78085,20:22:00,20:23:00,213,7,0,0
78085,20:25:00,20:26:00,305,8,0,0
78085,20:28:00,20:29:00,392,9,0,0
78085,20:30:00,20:31:00,248,10,0,0
78085,20:33:00,20:34:00,391,11,0,0
78085,20:39:00,20:40:00,386,12,0,0
78085,20:43:00,20:44:00,1,13,0,0
78086,20:07:00,20:08:00,252,1,0,0
78086,20:10:00,20:11:00,316,2,0,0
78086,20:13:00,20:14:00,255,3,0,0
78086,20:16:00,20:17:00,229,4,0,0
78086,20:18:00,20:19:00,296,5,0,0
78086,20:34:00,20:35:00,358,6,0,0
78086,20:38:00,20:39:00,213,7,0,0
78086,20:42:00,20:43:00,305,8,0,0
78086,20:44:00,20:45:00,392,9,0,0
78086,20:47:00,20:48:00,248,10,0,0
78086,20:49:00,20:50:00,391,11,0,0
78086,20:54:00,20:55:00,386,12,0,0
78086,20:58:00,20:59:00,1,13,0,0
78088,20:52:00,20:53:00,252,1,0,0
78088,20:55:00,20:56:00,316,2,0,0
78088,20:58:00,20:59:00,255,3,0,0
78088,21:01:00,21:02:00,229,4,0,0
78088,21:03:00,21:04:00,296,5,0,0
78088,21:18:00,21:19:00,358,6,0,0
78088,21:22:00,21:23:00,213,7,0,0
78088,21:25:00,21:26:00,305,8,0,0
78088,21:28:00,21:29:00,392,9,0,0
78088,21:30:00,21:31:00,248,10,0,0
78088,21:33:00,21:34:00,391,11,0,0
78088,21:39:00,21:40:00,386,12,0,0
78088,21:43:00,21:44:00,1,13,0,0
78089,21:07:00,21:08:00,252,1,0,0
78089,21:10:00,21:11:00,316,2,0,0
78089,21:13:00,21:14:00,255,3,0,0
78089,21:16:00,21:17:00,229,4,0,0
78089,21:18:00,21:19:00,296,5,0,0
78089,21:34:00,21:35:00,358,6,0,0
78089,21:38:00,21:39:00,213,7,0,0
78089,21:42:00,21:43:00,305,8,0,0
78089,21:44:00,21:45:00,392,9,0,0
78089,21:47:00,21:48:00,248,10,0,0
78089,21:49:00,21:50:00,391,11,0,0
78089,21:54:00,21:55:00,386,12,0,0
78089,21:58:00,21:59:00,1,13,0,0
78093,21:52:00,21:53:00,252,1,0,0
78093,21:55:00,21:56:00,316,2,0,0
78093,21:58:00,21:59:00,255,3,0,0
78093,22:01:00,22:02:00,229,4,0,0
78093,22:03:00,22:04:00,296,5,0,0
78093,22:18:00,22:19:00,358,6,0,0
78093,22:22:00,22:23:00,213,7,0,0
78093,22:25:00,22:26:00,305,8,0,0
78093,22:28:00,22:29:00,392,9,0,0
78093,22:30:00,22:31:00,248,10,0,0
78093,22:33:00,22:34:00,391,11,0,0
78093,22:39:00,22:40:00,386,12,0,0
78093,22:43:00,22:44:00,1,13,0,0
78327,05:44:00,05:45:00,269,1,0,0
78327,06:18:00,06:19:00,243,2,0,0
78327,06:59:00,07:00:00,308,3,0,0
78327,07:21:00,07:22:00,273,4,0,0
78327,07:36:00,07:37:00,357,5,0,0
78327,07:59:00,08:00:00,203,6,0,0
78327,08:31:00,08:32:00,339,7,0,0
78327,08:58:00,08:59:00,1,8,0,0
78065,13:08:00,13:09:00,286,1,0,0
78065,13:11:00,13:12:00,275,2,0,0
78065,13:17:00,13:18:00,394,3,0,0
78065,13:23:00,13:24:00,393,4,0,0
78065,13:25:00,13:26:00,207,5,0,0
78065,13:27:00,13:28:00,322,6,0,0
78065,13:29:00,13:30:00,359,7,0,0
78065,13:31:00,13:32:00,336,8,0,0
78065,13:35:00,13:36:00,252,9,0,0
78065,13:41:00,13:42:00,316,10,0,0
78065,13:43:00,13:44:00,255,11,0,0
78065,13:46:00,13:47:00,229,12,0,0
78065,13:49:00,13:50:00,296,13,0,0
78065,13:51:00,13:52:00,358,14,0,0
78065,13:55:00,13:56:00,213,15,0,0
78065,13:59:00,14:00:00,305,16,0,0
78065,14:01:00,14:02:00,392,17,0,0
78065,14:03:00,14:04:00,248,18,0,0
78065,14:06:00,14:07:00,391,19,0,0
78065,14:10:00,14:11:00,386,20,0,0
78065,14:14:00,14:15:00,1,21,0,0
78256,06:46:00,06:47:00,291,1,0,0
78256,07:04:00,07:05:00,338,2,0,0
78256,07:23:00,07:24:00,234,3,0,0
78256,07:37:00,07:38:00,315,4,0,0
78256,07:50:00,07:51:00,319,5,0,0
78256,07:58:00,07:59:00,260,6,0,0
78256,08:05:00,08:06:00,341,7,0,0
78256,08:23:00,08:24:00,357,8,0,0
78256,08:39:00,08:40:00,267,9,0,0
78256,08:50:00,08:51:00,203,10,0,0
78256,09:14:00,09:15:00,298,11,0,0
78256,09:27:00,09:28:00,339,12,0,0
78256,09:49:00,09:50:00,331,13,0,0
78256,09:58:00,09:59:00,1,14,0,0
78234,18:46:00,18:47:00,291,1,0,0
78234,19:04:00,19:05:00,338,2,0,0
78234,19:23:00,19:24:00,234,3,0,0
78234,19:37:00,19:38:00,315,4,0,0
78234,19:50:00,19:51:00,319,5,0,0
78234,19:58:00,19:59:00,260,6,0,0
78234,20:05:00,20:06:00,341,7,0,0
78234,20:23:00,20:24:00,357,8,0,0
78234,20:39:00,20:40:00,267,9,0,0
78234,20:50:00,20:51:00,203,10,0,0
78234,21:14:00,21:15:00,298,11,0,0
78234,21:27:00,21:28:00,339,12,0,0
78234,21:49:00,21:50:00,331,13,0,0
78234,21:58:00,21:59:00,1,14,0,0
78224,17:16:00,17:17:00,291,1,0,0
78224,17:34:00,17:35:00,338,2,0,0
78224,17:53:00,17:54:00,234,3,0,0
78224,18:07:00,18:08:00,315,4,0,0
78224,18:20:00,18:21:00,319,5,0,0
78224,18:28:00,18:29:00,260,6,0,0
78224,18:35:00,18:36:00,341,7,0,0
78224,18:53:00,18:54:00,357,8,0,0
78224,19:09:00,19:10:00,267,9,0,0
78224,19:20:00,19:21:00,203,10,0,0
78224,19:44:00,19:45:00,298,11,0,0
78224,19:57:00,19:58:00,339,12,0,0
78224,20:19:00,20:20:00,331,13,0,0
78224,20:28:00,20:29:00,1,14,0,0
78446,04:54:00,04:55:00,298,1,0,0
78446,04:58:00,04:59:00,283,2,0,0
78446,05:03:00,05:04:00,235,3,0,0
78446,05:07:00,05:08:00,354,4,0,0
78446,05:09:00,05:10:00,339,5,0,0
78446,05:11:00,05:12:00,343,6,0,0
78446,05:16:00,05:17:00,299,7,0,0
78446,05:20:00,05:21:00,384,8,0,0
78446,05:25:00,05:26:00,380,9,0,0
78446,05:27:00,05:28:00,250,10,0,0
78446,05:30:00,05:31:00,241,11,0,0
78446,05:32:00,05:33:00,377,12,0,0
78446,05:34:00,05:35:00,274,13,0,0
78446,05:36:00,05:37:00,421,14,0,0
78446,05:38:00,05:39:00,245,15,0,0
78446,05:40:00,05:41:00,331,16,0,0
78446,05:45:00,05:46:00,450,17,0,0
78446,05:50:00,05:51:00,1,18,0,0
78448,05:54:00,05:55:00,298,1,0,0
78448,05:58:00,05:59:00,283,2,0,0
78448,06:03:00,06:04:00,235,3,0,0
78448,06:07:00,06:08:00,354,4,0,0
78448,06:09:00,06:10:00,339,5,0,0
78448,06:11:00,06:12:00,343,6,0,0
78448,06:16:00,06:17:00,299,7,0,0
78448,06:20:00,06:21:00,384,8,0,0
78448,06:25:00,06:26:00,380,9,0,0
78448,06:27:00,06:28:00,250,10,0,0
78448,06:30:00,06:31:00,241,11,0,0
78448,06:32:00,06:33:00,377,12,0,0
78448,06:34:00,06:35:00,274,13,0,0
78448,06:36:00,06:37:00,421,14,0,0
78448,06:38:00,06:39:00,245,15,0,0
78448,06:40:00,06:41:00,331,16,0,0
78448,06:45:00,06:46:00,450,17,0,0
78448,06:50:00,06:51:00,1,18,0,0
78451,06:54:00,06:55:00,298,1,0,0
78451,06:58:00,06:59:00,283,2,0,0
78451,07:03:00,07:04:00,235,3,0,0
78451,07:07:00,07:08:00,354,4,0,0
78451,07:09:00,07:10:00,339,5,0,0
78451,07:11:00,07:12:00,343,6,0,0
78451,07:16:00,07:17:00,299,7,0,0
78451,07:20:00,07:21:00,384,8,0,0
78451,07:25:00,07:26:00,380,9,0,0
78451,07:27:00,07:28:00,250,10,0,0
78451,07:30:00,07:31:00,241,11,0,0
78451,07:32:00,07:33:00,377,12,0,0
78451,07:34:00,07:35:00,274,13,0,0
78451,07:36:00,07:37:00,421,14,0,0
78451,07:38:00,07:39:00,245,15,0,0
78451,07:40:00,07:41:00,331,16,0,0
78451,07:45:00,07:46:00,450,17,0,0
78451,07:50:00,07:51:00,1,18,0,0
78455,07:54:00,07:55:00,298,1,0,0
78455,07:58:00,07:59:00,283,2,0,0
78455,08:03:00,08:04:00,235,3,0,0
78455,08:07:00,08:08:00,354,4,0,0
78455,08:09:00,08:10:00,339,5,0,0
78455,08:11:00,08:12:00,343,6,0,0
78455,08:16:00,08:17:00,299,7,0,0
78455,08:20:00,08:21:00,384,8,0,0
78455,08:25:00,08:26:00,380,9,0,0
78455,08:27:00,08:28:00,250,10,0,0
78455,08:30:00,08:31:00,241,11,0,0
78455,08:32:00,08:33:00,377,12,0,0
78455,08:34:00,08:35:00,274,13,0,0
78455,08:36:00,08:37:00,421,14,0,0
78455,08:38:00,08:39:00,245,15,0,0
78455,08:40:00,08:41:00,331,16,0,0
78455,08:45:00,08:46:00,450,17,0,0
78455,08:50:00,08:51:00,1,18,0,0
78457,08:54:00,08:55:00,298,1,0,0
78457,08:58:00,08:59:00,283,2,0,0
78457,09:03:00,09:04:00,235,3,0,0
78457,09:07:00,09:08:00,354,4,0,0
78457,09:09:00,09:10:00,339,5,0,0
78457,09:11:00,09:12:00,343,6,0,0
78457,09:16:00,09:17:00,299,7,0,0
78457,09:20:00,09:21:00,384,8,0,0
78457,09:25:00,09:26:00,380,9,0,0
78457,09:27:00,09:28:00,250,10,0,0
78457,09:30:00,09:31:00,241,11,0,0
78457,09:32:00,09:33:00,377,12,0,0
78457,09:34:00,09:35:00,274,13,0,0
78457,09:36:00,09:37:00,421,14,0,0
78457,09:38:00,09:39:00,245,15,0,0
78457,09:40:00,09:41:00,331,16,0,0
78457,09:45:00,09:46:00,450,17,0,0
78457,09:50:00,09:51:00,1,18,0,0
78460,10:27:00,10:28:00,298,1,0,0
78460,10:31:00,10:32:00,283,2,0,0
78460,10:36:00,10:37:00,235,3,0,0
78460,10:40:00,10:41:00,354,4,0,0
78460,10:42:00,10:43:00,339,5,0,0
78460,10:44:00,10:45:00,343,6,0,0
78460,10:49:00,10:50:00,299,7,0,0
78460,10:53:00,10:54:00,384,8,0,0
78460,10:58:00,10:59:00,380,9,0,0
78460,11:00:00,11:01:00,250,10,0,0
78460,11:06:00,11:07:00,421,11,0,0
78460,11:08:00,11:09:00,245,12,0,0
78460,11:10:00,11:11:00,331,13,0,0
78460,11:15:00,11:16:00,450,14,0,0
78460,11:20:00,11:21:00,1,15,0,0
78463,12:54:00,12:55:00,298,1,0,0
78463,12:58:00,12:59:00,283,2,0,0
78463,13:03:00,13:04:00,235,3,0,0
78463,13:07:00,13:08:00,354,4,0,0
78463,13:09:00,13:10:00,339,5,0,0
78463,13:11:00,13:12:00,343,6,0,0
78463,13:16:00,13:17:00,299,7,0,0
78463,13:20:00,13:21:00,384,8,0,0
78463,13:25:00,13:26:00,380,9,0,0
78463,13:27:00,13:28:00,250,10,0,0
78463,13:30:00,13:31:00,241,11,0,0
78463,13:32:00,13:33:00,377,12,0,0
78463,13:34:00,13:35:00,274,13,0,0
78463,13:36:00,13:37:00,421,14,0,0
78463,13:38:00,13:39:00,245,15,0,0
78463,13:40:00,13:41:00,331,16,0,0
78463,13:45:00,13:46:00,450,17,0,0
78463,13:50:00,13:51:00,1,18,0,0
78469,15:24:00,15:25:00,298,1,0,0
78469,15:28:00,15:29:00,283,2,0,0
78469,15:33:00,15:34:00,235,3,0,0
78469,15:37:00,15:38:00,354,4,0,0
78469,15:39:00,15:40:00,339,5,0,0
78469,15:41:00,15:42:00,343,6,0,0
78469,15:46:00,15:47:00,299,7,0,0
78469,15:50:00,15:51:00,384,8,0,0
78469,15:55:00,15:56:00,380,9,0,0
78469,15:57:00,15:58:00,250,10,0,0
78469,16:00:00,16:01:00,241,11,0,0
78469,16:02:00,16:03:00,377,12,0,0
78469,16:04:00,16:05:00,274,13,0,0
78469,16:06:00,16:07:00,421,14,0,0
78469,16:08:00,16:09:00,245,15,0,0
78469,16:10:00,16:11:00,331,16,0,0
78469,16:15:00,16:16:00,450,17,0,0
78469,16:20:00,16:21:00,1,18,0,0
78470,16:24:00,16:25:00,298,1,0,0
78470,16:28:00,16:29:00,283,2,0,0
78470,16:33:00,16:34:00,235,3,0,0
78470,16:37:00,16:38:00,354,4,0,0
78470,16:39:00,16:40:00,339,5,0,0
78470,16:41:00,16:42:00,343,6,0,0
78470,16:46:00,16:47:00,299,7,0,0
78470,16:50:00,16:51:00,384,8,0,0
78470,16:55:00,16:56:00,380,9,0,0
78470,16:57:00,16:58:00,250,10,0,0
78470,17:00:00,17:01:00,241,11,0,0
78470,17:02:00,17:03:00,377,12,0,0
78470,17:04:00,17:05:00,274,13,0,0
78470,17:06:00,17:07:00,421,14,0,0
78470,17:08:00,17:09:00,245,15,0,0
78470,17:10:00,17:11:00,331,16,0,0
78470,17:15:00,17:16:00,450,17,0,0
78470,17:20:00,17:21:00,1,18,0,0
78472,17:24:00,17:25:00,298,1,0,0
78472,17:28:00,17:29:00,283,2,0,0
78472,17:33:00,17:34:00,235,3,0,0
78472,17:37:00,17:38:00,354,4,0,0
78472,17:39:00,17:40:00,339,5,0,0
78472,17:41:00,17:42:00,343,6,0,0
78472,17:46:00,17:47:00,299,7,0,0
78472,17:50:00,17:51:00,384,8,0,0
78472,17:55:00,17:56:00,380,9,0,0
78472,17:57:00,17:58:00,250,10,0,0
78472,18:00:00,18:01:00,241,11,0,0
78472,18:02:00,18:03:00,377,12,0,0
78472,18:04:00,18:05:00,274,13,0,0
78472,18:06:00,18:07:00,421,14,0,0
78472,18:08:00,18:09:00,245,15,0,0
78472,18:10:00,18:11:00,331,16,0,0
78472,18:15:00,18:16:00,450,17,0,0
78472,18:20:00,18:21:00,1,18,0,0
78475,18:24:00,18:25:00,298,1,0,0
78475,18:28:00,18:29:00,283,2,0,0
78475,18:33:00,18:34:00,235,3,0,0
78475,18:37:00,18:38:00,354,4,0,0
78475,18:39:00,18:40:00,339,5,0,0
78475,18:41:00,18:42:00,343,6,0,0
78475,18:46:00,18:47:00,299,7,0,0
78475,18:50:00,18:51:00,384,8,0,0
78475,18:55:00,18:56:00,380,9,0,0
78475,18:57:00,18:58:00,250,10,0,0
78475,19:00:00,19:01:00,241,11,0,0
78475,19:02:00,19:03:00,377,12,0,0
78475,19:04:00,19:05:00,274,13,0,0
78475,19:06:00,19:07:00,421,14,0,0
78475,19:08:00,19:09:00,245,15,0,0
78475,19:10:00,19:11:00,331,16,0,0
78475,19:15:00,19:16:00,450,17,0,0
78475,19:20:00,19:21:00,1,18,0,0
78477,19:27:00,19:28:00,298,1,0,0
78477,19:31:00,19:32:00,283,2,0,0
78477,19:36:00,19:37:00,235,3,0,0
78477,19:40:00,19:41:00,354,4,0,0
78477,19:42:00,19:43:00,339,5,0,0
78477,19:44:00,19:45:00,343,6,0,0
78477,19:49:00,19:50:00,299,7,0,0
78477,19:53:00,19:54:00,384,8,0,0
78477,19:58:00,19:59:00,380,9,0,0
78477,20:00:00,20:01:00,250,10,0,0
78477,20:06:00,20:07:00,421,11,0,0
78477,20:08:00,20:09:00,245,12,0,0
78477,20:10:00,20:11:00,331,13,0,0
78477,20:15:00,20:16:00,450,14,0,0
78477,20:20:00,20:21:00,1,15,0,0
78479,20:24:00,20:25:00,298,1,0,0
78479,20:28:00,20:29:00,283,2,0,0
78479,20:33:00,20:34:00,235,3,0,0
78479,20:37:00,20:38:00,354,4,0,0
78479,20:39:00,20:40:00,339,5,0,0
78479,20:41:00,20:42:00,343,6,0,0
78479,20:46:00,20:47:00,299,7,0,0
78479,20:50:00,20:51:00,384,8,0,0
78479,20:55:00,20:56:00,380,9,0,0
78479,20:57:00,20:58:00,250,10,0,0
78479,21:00:00,21:01:00,241,11,0,0
78479,21:02:00,21:03:00,377,12,0,0
78479,21:04:00,21:05:00,274,13,0,0
78479,21:06:00,21:07:00,421,14,0,0
78479,21:08:00,21:09:00,245,15,0,0
78479,21:10:00,21:11:00,331,16,0,0
78479,21:15:00,21:16:00,450,17,0,0
78479,21:20:00,21:21:00,1,18,0,0
78481,21:27:00,21:28:00,298,1,0,0
78481,21:31:00,21:32:00,283,2,0,0
78481,21:36:00,21:37:00,235,3,0,0
78481,21:40:00,21:41:00,354,4,0,0
78481,21:42:00,21:43:00,339,5,0,0
78481,21:44:00,21:45:00,343,6,0,0
78481,21:49:00,21:50:00,299,7,0,0
78481,21:53:00,21:54:00,384,8,0,0
78481,21:58:00,21:59:00,380,9,0,0
78481,22:00:00,22:01:00,250,10,0,0
78481,22:06:00,22:07:00,421,11,0,0
78481,22:08:00,22:09:00,245,12,0,0
78481,22:10:00,22:11:00,331,13,0,0
78481,22:15:00,22:16:00,450,14,0,0
78481,22:20:00,22:21:00,1,15,0,0
78157,04:59:00,05:00:00,300,1,0,0
78157,05:56:00,05:57:00,413,2,0,0
78157,06:19:00,06:20:00,381,3,0,0
78157,06:45:00,06:46:00,222,4,0,0
78157,07:05:00,07:06:00,249,5,0,0
78157,07:30:00,07:31:00,349,6,0,0
78157,07:49:00,07:50:00,340,7,0,0
78157,08:04:00,08:05:00,386,8,0,0
78157,08:09:00,08:10:00,1,9,0,0
78165,17:58:00,17:59:00,300,1,0,0
78165,18:55:00,18:56:00,413,2,0,0
78165,19:19:00,19:20:00,381,3,0,0
78165,20:06:00,20:07:00,249,4,0,0
78165,20:31:00,20:32:00,349,5,0,0
78165,20:48:00,20:49:00,340,6,0,0
78165,21:03:00,21:04:00,386,7,0,0
78165,21:08:00,21:09:00,1,8,0,0
78365,16:54:00,16:55:00,311,1,0,0
78365,17:17:00,17:18:00,372,2,0,0
78365,17:35:00,17:36:00,441,3,0,0
78365,18:21:00,18:22:00,273,4,0,0
78365,18:36:00,18:37:00,357,5,0,0
78365,18:59:00,19:00:00,203,6,0,0
78365,19:31:00,19:32:00,339,7,0,0
78365,19:58:00,19:59:00,1,8,0,0
78885,05:24:00,05:25:00,313,1,0,0
78885,05:44:00,05:45:00,269,2,0,0
78885,06:18:00,06:19:00,243,3,0,0
78885,06:59:00,07:00:00,308,4,0,0
78885,07:21:00,07:22:00,273,5,0,0
78885,07:36:00,07:37:00,357,6,0,0
78885,07:59:00,08:00:00,203,7,0,0
78885,08:31:00,08:32:00,339,8,0,0
78885,08:58:00,08:59:00,1,9,0,0
78238,05:02:00,05:03:00,315,1,0,0
78238,05:15:00,05:16:00,319,2,0,0
78238,05:23:00,05:24:00,260,3,0,0
78238,05:30:00,05:31:00,341,4,0,0
78238,05:48:00,05:49:00,357,5,0,0
78238,06:04:00,06:05:00,267,6,0,0
78238,06:15:00,06:16:00,203,7,0,0
78238,06:39:00,06:40:00,298,8,0,0
78238,06:52:00,06:53:00,339,9,0,0
78238,07:05:00,07:06:00,380,10,0,0
78238,07:14:00,07:15:00,421,11,0,0
78238,07:19:00,07:20:00,331,12,0,0
78238,07:28:00,07:29:00,1,13,0,0
78244,07:37:00,07:38:00,315,1,0,0
78244,07:50:00,07:51:00,319,2,0,0
78244,07:58:00,07:59:00,260,3,0,0
78244,08:05:00,08:06:00,341,4,0,0
78244,08:23:00,08:24:00,357,5,0,0
78244,08:39:00,08:40:00,267,6,0,0
78244,08:50:00,08:51:00,203,7,0,0
78244,09:14:00,09:15:00,298,8,0,0
78244,09:27:00,09:28:00,339,9,0,0
78244,09:49:00,09:50:00,331,10,0,0
78244,09:58:00,09:59:00,1,11,0,0
78450,06:59:00,07:00:00,339,1,0,0
78450,07:01:00,07:02:00,343,2,0,0
78450,07:06:00,07:07:00,299,3,0,0
78450,07:10:00,07:11:00,384,4,0,0
78450,07:15:00,07:16:00,380,5,0,0
78450,07:17:00,07:18:00,250,6,0,0
78450,07:24:00,07:25:00,421,7,0,0
78450,07:26:00,07:27:00,245,8,0,0
78450,07:28:00,07:29:00,331,9,0,0
78450,07:33:00,07:34:00,450,10,0,0
78450,07:38:00,07:39:00,1,11,0,0
78452,07:30:00,07:31:00,339,1,0,0
78452,07:32:00,07:33:00,343,2,0,0
78452,07:37:00,07:38:00,299,3,0,0
78452,07:41:00,07:42:00,384,4,0,0
78452,07:46:00,07:47:00,380,5,0,0
78452,07:48:00,07:49:00,250,6,0,0
78452,07:54:00,07:55:00,421,7,0,0
78452,07:56:00,07:57:00,245,8,0,0
78452,07:58:00,07:59:00,331,9,0,0
78452,08:03:00,08:04:00,450,10,0,0
78452,08:08:00,08:09:00,1,11,0,0
78459,10:09:00,10:10:00,339,1,0,0
78459,10:11:00,10:12:00,343,2,0,0
78459,10:16:00,10:17:00,299,3,0,0
78459,10:20:00,10:21:00,384,4,0,0
78459,10:25:00,10:26:00,380,5,0,0
78459,10:27:00,10:28:00,250,6,0,0
78459,10:30:00,10:31:00,241,7,0,0
78459,10:32:00,10:33:00,377,8,0,0
78459,10:34:00,10:35:00,274,9,0,0
78459,10:36:00,10:37:00,421,10,0,0
78459,10:38:00,10:39:00,245,11,0,0
78459,10:40:00,10:41:00,331,12,0,0
78459,10:45:00,10:46:00,450,13,0,0
78459,10:50:00,10:51:00,1,14,0,0
78467,14:39:00,14:40:00,339,1,0,0
78467,14:41:00,14:42:00,343,2,0,0
78467,14:46:00,14:47:00,299,3,0,0
78467,14:50:00,14:51:00,384,4,0,0
78467,14:55:00,14:56:00,380,5,0,0
78467,14:57:00,14:58:00,250,6,0,0
78467,15:00:00,15:01:00,241,7,0,0
78467,15:02:00,15:03:00,377,8,0,0
78467,15:04:00,15:05:00,274,9,0,0
78467,15:06:00,15:07:00,421,10,0,0
78467,15:08:00,15:09:00,245,11,0,0
78467,15:10:00,15:11:00,331,12,0,0
78467,15:15:00,15:16:00,450,13,0,0
78467,15:20:00,15:21:00,1,14,0,0
78474,18:30:00,18:31:00,339,1,0,0
78474,18:32:00,18:33:00,343,2,0,0
78474,18:37:00,18:38:00,299,3,0,0
78474,18:41:00,18:42:00,384,4,0,0
78474,18:46:00,18:47:00,380,5,0,0
78474,18:48:00,18:49:00,250,6,0,0
78474,18:54:00,18:55:00,421,7,0,0
78474,18:56:00,18:57:00,245,8,0,0
78474,18:58:00,18:59:00,331,9,0,0
78474,19:03:00,19:04:00,450,10,0,0
78474,19:08:00,19:09:00,1,11,0,0
78139,04:38:00,04:39:00,349,1,0,0
78139,04:42:00,04:43:00,237,2,0,0
78139,04:46:00,04:47:00,342,3,0,0
78139,04:49:00,04:50:00,232,4,0,0
78139,04:53:00,04:54:00,239,5,0,0
78139,04:59:00,05:00:00,340,6,0,0
78139,05:03:00,05:04:00,346,7,0,0
78139,05:08:00,05:09:00,520,8,0,0
78139,05:11:00,05:12:00,388,9,0,0
78139,05:15:00,05:16:00,387,10,0,0
78139,05:17:00,05:18:00,500,11,0,0
78139,05:20:00,05:21:00,386,12,0,0
78139,05:24:00,05:25:00,1,13,0,0
78140,05:38:00,05:39:00,349,1,0,0
78140,05:42:00,05:43:00,237,2,0,0
78140,05:46:00,05:47:00,342,3,0,0
78140,05:49:00,05:50:00,232,4,0,0
78140,05:53:00,05:54:00,239,5,0,0
78140,05:59:00,06:00:00,340,6,0,0
78140,06:03:00,06:04:00,346,7,0,0
78140,06:08:00,06:09:00,520,8,0,0
78140,06:12:00,06:13:00,388,9,0,0
78140,06:15:00,06:16:00,387,10,0,0
78140,06:17:00,06:18:00,500,11,0,0
78140,06:20:00,06:21:00,386,12,0,0
78140,06:24:00,06:25:00,1,13,0,0
78142,06:05:00,06:06:00,349,1,0,0
78142,06:10:00,06:11:00,237,2,0,0
78142,06:16:00,06:17:00,342,3,0,0
78142,06:30:00,06:31:00,340,4,0,0
78142,06:43:00,06:44:00,387,5,0,0
78142,06:48:00,06:49:00,386,6,0,0
78142,06:53:00,06:54:00,1,7,0,0
78143,06:38:00,06:39:00,349,1,0,0
78143,06:42:00,06:43:00,237,2,0,0
78143,06:46:00,06:47:00,342,3,0,0
78143,06:49:00,06:50:00,232,4,0,0
78143,06:53:00,06:54:00,239,5,0,0
78143,06:59:00,07:00:00,340,6,0,0
78143,07:03:00,07:04:00,346,7,0,0
78143,07:08:00,07:09:00,520,8,0,0
78143,07:12:00,07:13:00,388,9,0,0
78143,07:15:00,07:16:00,387,10,0,0
78143,07:17:00,07:18:00,500,11,0,0
78143,07:20:00,07:21:00,386,12,0,0
78143,07:24:00,07:25:00,1,13,0,0
78150,07:04:00,07:05:00,349,1,0,0
78150,07:09:00,07:10:00,237,2,0,0
78150,07:15:00,07:16:00,342,3,0,0
78150,07:29:00,07:30:00,340,4,0,0
78150,07:42:00,07:43:00,387,5,0,0
78150,07:47:00,07:48:00,386,6,0,0
78150,07:52:00,07:53:00,1,7,0,0
78152,07:38:00,07:39:00,349,1,0,0
78152,07:42:00,07:43:00,237,2,0,0
78152,07:46:00,07:47:00,342,3,0,0
78152,07:49:00,07:50:00,232,4,0,0
78152,07:53:00,07:54:00,239,5,0,0
78152,07:59:00,08:00:00,340,6,0,0
78152,08:03:00,08:04:00,346,7,0,0
78152,08:08:00,08:09:00,520,8,0,0
78152,08:12:00,08:13:00,388,9,0,0
78152,08:15:00,08:16:00,387,10,0,0
78152,08:17:00,08:18:00,500,11,0,0
78152,08:20:00,08:21:00,386,12,0,0
78152,08:24:00,08:25:00,1,13,0,0
78154,08:03:00,08:04:00,349,1,0,0
78154,08:08:00,08:09:00,237,2,0,0
78154,08:14:00,08:15:00,342,3,0,0
78154,08:29:00,08:30:00,340,4,0,0
78154,08:42:00,08:43:00,387,5,0,0
78154,08:47:00,08:48:00,386,6,0,0
78154,08:52:00,08:53:00,1,7,0,0
78156,08:38:00,08:39:00,349,1,0,0
78156,08:42:00,08:43:00,237,2,0,0
78156,08:46:00,08:47:00,342,3,0,0
78156,08:49:00,08:50:00,232,4,0,0
78156,08:53:00,08:54:00,239,5,0,0
78156,08:59:00,09:00:00,340,6,0,0
78156,09:03:00,09:04:00,346,7,0,0
78156,09:08:00,09:09:00,520,8,0,0
78156,09:12:00,09:13:00,388,9,0,0
78156,09:15:00,09:16:00,387,10,0,0
78156,09:17:00,09:18:00,500,11,0,0
78156,09:20:00,09:21:00,386,12,0,0
78156,09:24:00,09:25:00,1,13,0,0
78158,09:05:00,09:06:00,349,1,0,0
78158,09:10:00,09:11:00,237,2,0,0
78158,09:16:00,09:17:00,342,3,0,0
78158,09:29:00,09:30:00,340,4,0,0
78158,09:42:00,09:43:00,387,5,0,0
78158,09:47:00,09:48:00,386,6,0,0
78158,09:52:00,09:53:00,1,7,0,0
78163,09:38:00,09:39:00,349,1,0,0
78163,09:42:00,09:43:00,237,2,0,0
78163,09:46:00,09:47:00,342,3,0,0
78163,09:49:00,09:50:00,232,4,0,0
78163,09:53:00,09:54:00,239,5,0,0
78163,09:59:00,10:00:00,340,6,0,0
78163,10:03:00,10:04:00,346,7,0,0
78163,10:08:00,10:09:00,520,8,0,0
78163,10:12:00,10:13:00,388,9,0,0
78163,10:15:00,10:16:00,387,10,0,0
78163,10:17:00,10:18:00,500,11,0,0
78163,10:20:00,10:21:00,386,12,0,0
78163,10:24:00,10:25:00,1,13,0,0
78164,10:38:00,10:39:00,349,1,0,0
78164,10:42:00,10:43:00,237,2,0,0
78164,10:46:00,10:47:00,342,3,0,0
78164,10:49:00,10:50:00,232,4,0,0
78164,10:53:00,10:54:00,239,5,0,0
78164,10:59:00,11:00:00,340,6,0,0
78164,11:03:00,11:04:00,346,7,0,0
78164,11:08:00,11:09:00,520,8,0,0
78164,11:12:00,11:13:00,388,9,0,0
78164,11:15:00,11:16:00,387,10,0,0
78164,11:17:00,11:18:00,500,11,0,0
78164,11:20:00,11:21:00,386,12,0,0
78164,11:24:00,11:25:00,1,13,0,0
78166,11:38:00,11:39:00,349,1,0,0
78166,11:42:00,11:43:00,237,2,0,0
78166,11:46:00,11:47:00,342,3,0,0
78166,11:49:00,11:50:00,232,4,0,0
78166,11:53:00,11:54:00,239,5,0,0
78166,11:59:00,12:00:00,340,6,0,0
78166,12:03:00,12:04:00,346,7,0,0
78166,12:08:00,12:09:00,520,8,0,0
78166,12:12:00,12:13:00,388,9,0,0
78166,12:15:00,12:16:00,387,10,0,0
78166,12:17:00,12:18:00,500,11,0,0
78166,12:20:00,12:21:00,386,12,0,0
78166,12:24:00,12:25:00,1,13,0,0
78167,12:38:00,12:39:00,349,1,0,0
78167,12:42:00,12:43:00,237,2,0,0
78167,12:46:00,12:47:00,342,3,0,0
78167,12:49:00,12:50:00,232,4,0,0
78167,12:53:00,12:54:00,239,5,0,0
78167,12:59:00,13:00:00,340,6,0,0
78167,13:03:00,13:04:00,346,7,0,0
78167,13:08:00,13:09:00,520,8,0,0
78167,13:12:00,13:13:00,388,9,0,0
78167,13:15:00,13:16:00,387,10,0,0
78167,13:17:00,13:18:00,500,11,0,0
78167,13:20:00,13:21:00,386,12,0,0
78167,13:24:00,13:25:00,1,13,0,0
78169,13:38:00,13:39:00,349,1,0,0
78169,13:42:00,13:43:00,237,2,0,0
78169,13:46:00,13:47:00,342,3,0,0
78169,13:49:00,13:50:00,232,4,0,0
78169,13:53:00,13:54:00,239,5,0,0
78169,13:59:00,14:00:00,340,6,0,0
78169,14:03:00,14:04:00,346,7,0,0
78169,14:08:00,14:09:00,520,8,0,0
78169,14:12:00,14:13:00,388,9,0,0
78169,14:15:00,14:16:00,387,10,0,0
78169,14:17:00,14:18:00,500,11,0,0
78169,14:20:00,14:21:00,386,12,0,0
78169,14:24:00,14:25:00,1,13,0,0
78171,14:38:00,14:39:00,349,1,0,0
78171,14:42:00,14:43:00,237,2,0,0
78171,14:46:00,14:47:00,342,3,0,0
78171,14:49:00,14:50:00,232,4,0,0
78171,14:53:00,14:54:00,239,5,0,0
78171,14:59:00,15:00:00,340,6,0,0
78171,15:03:00,15:04:00,346,7,0,0
78171,15:08:00,15:09:00,520,8,0,0
78171,15:12:00,15:13:00,388,9,0,0
78171,15:15:00,15:16:00,387,10,0,0
78171,15:17:00,15:18:00,500,11,0,0
78171,15:20:00,15:21:00,386,12,0,0
78171,15:24:00,15:25:00,1,13,0,0
78173,15:38:00,15:39:00,349,1,0,0
78173,15:42:00,15:43:00,237,2,0,0
78173,15:46:00,15:47:00,342,3,0,0
78173,15:49:00,15:50:00,232,4,0,0
78173,15:53:00,15:54:00,239,5,0,0
78173,15:59:00,16:00:00,340,6,0,0
78173,16:03:00,16:04:00,346,7,0,0
78173,16:08:00,16:09:00,520,8,0,0
78173,16:12:00,16:13:00,388,9,0,0
78173,16:15:00,16:16:00,387,10,0,0
78173,16:17:00,16:18:00,500,11,0,0
78173,16:20:00,16:21:00,386,12,0,0
78173,16:24:00,16:25:00,1,13,0,0
78174,16:38:00,16:39:00,349,1,0,0
78174,16:42:00,16:43:00,237,2,0,0
78174,16:46:00,16:47:00,342,3,0,0
78174,16:49:00,16:50:00,232,4,0,0
78174,16:53:00,16:54:00,239,5,0,0
78174,16:59:00,17:00:00,340,6,0,0
78174,17:03:00,17:04:00,346,7,0,0
78174,17:08:00,17:09:00,520,8,0,0
78174,17:12:00,17:13:00,388,9,0,0
78174,17:15:00,17:16:00,387,10,0,0
78174,17:17:00,17:18:00,500,11,0,0
78174,17:20:00,17:21:00,386,12,0,0
78174,17:24:00,17:25:00,1,13,0,0
78175,17:06:00,17:07:00,349,1,0,0
78175,17:11:00,17:12:00,237,2,0,0
78175,17:17:00,17:18:00,342,3,0,0
78175,17:31:00,17:32:00,340,4,0,0
78175,17:44:00,17:45:00,387,5,0,0
78175,17:49:00,17:50:00,386,6,0,0
78175,17:54:00,17:55:00,1,7,0,0
78176,17:38:00,17:39:00,349,1,0,0
78176,17:42:00,17:43:00,237,2,0,0
78176,17:46:00,17:47:00,342,3,0,0
78176,17:49:00,17:50:00,232,4,0,0
78176,17:53:00,17:54:00,239,5,0,0
78176,17:59:00,18:00:00,340,6,0,0
78176,18:03:00,18:04:00,346,7,0,0
78176,18:08:00,18:09:00,520,8,0,0
78176,18:12:00,18:13:00,388,9,0,0
78176,18:15:00,18:16:00,387,10,0,0
78176,18:17:00,18:18:00,500,11,0,0
78176,18:20:00,18:21:00,386,12,0,0
78176,18:24:00,18:25:00,1,13,0,0
78177,18:03:00,18:04:00,349,1,0,0
78177,18:08:00,18:09:00,237,2,0,0
78177,18:14:00,18:15:00,342,3,0,0
78177,18:29:00,18:30:00,340,4,0,0
78177,18:42:00,18:43:00,387,5,0,0
78177,18:47:00,18:48:00,386,6,0,0
78177,18:52:00,18:53:00,1,7,0,0
78181,18:35:00,18:36:00,349,1,0,0
78181,18:39:00,18:40:00,237,2,0,0
78181,18:43:00,18:44:00,342,3,0,0
78181,18:50:00,18:51:00,232,4,0,0
78181,18:54:00,18:55:00,239,5,0,0
78181,18:59:00,19:00:00,340,6,0,0
78181,19:03:00,19:04:00,346,7,0,0
78181,19:08:00,19:09:00,520,8,0,0
78181,19:12:00,19:13:00,388,9,0,0
78181,19:15:00,19:16:00,387,10,0,0
78181,19:17:00,19:18:00,500,11,0,0
78181,19:20:00,19:21:00,386,12,0,0
78181,19:24:00,19:25:00,1,13,0,0
78184,19:06:00,19:07:00,349,1,0,0
78184,19:11:00,19:12:00,237,2,0,0
78184,19:17:00,19:18:00,342,3,0,0
78184,19:30:00,19:31:00,340,4,0,0
78184,19:43:00,19:44:00,387,5,0,0
78184,19:48:00,19:49:00,386,6,0,0
78184,19:53:00,19:54:00,1,7,0,0
78188,19:38:00,19:39:00,349,1,0,0
78188,19:42:00,19:43:00,237,2,0,0
78188,19:46:00,19:47:00,342,3,0,0
78188,19:49:00,19:50:00,232,4,0,0
78188,19:53:00,19:54:00,239,5,0,0
78188,19:59:00,20:00:00,340,6,0,0
78188,20:03:00,20:04:00,346,7,0,0
78188,20:08:00,20:09:00,520,8,0,0
78188,20:12:00,20:13:00,388,9,0,0
78188,20:15:00,20:16:00,387,10,0,0
78188,20:17:00,20:18:00,500,11,0,0
78188,20:20:00,20:21:00,386,12,0,0
78188,20:24:00,20:25:00,1,13,0,0
78190,20:38:00,20:39:00,349,1,0,0
78190,20:42:00,20:43:00,237,2,0,0
78190,20:46:00,20:47:00,342,3,0,0
78190,20:49:00,20:50:00,232,4,0,0
78190,20:53:00,20:54:00,239,5,0,0
78190,20:59:00,21:00:00,340,6,0,0
78190,21:03:00,21:04:00,346,7,0,0
78190,21:08:00,21:09:00,520,8,0,0
78190,21:12:00,21:13:00,388,9,0,0
78190,21:15:00,21:16:00,387,10,0,0
78190,21:17:00,21:18:00,500,11,0,0
78190,21:20:00,21:21:00,386,12,0,0
78190,21:24:00,21:25:00,1,13,0,0
78194,21:38:00,21:39:00,349,1,0,0
78194,21:42:00,21:43:00,237,2,0,0
78194,21:46:00,21:47:00,342,3,0,0
78194,21:49:00,21:50:00,232,4,0,0
78194,21:53:00,21:54:00,239,5,0,0
78194,21:59:00,22:00:00,340,6,0,0
78194,22:03:00,22:04:00,346,7,0,0
78194,22:08:00,22:09:00,520,8,0,0
78194,22:12:00,22:13:00,388,9,0,0
78194,22:15:00,22:16:00,387,10,0,0
78194,22:17:00,22:18:00,500,11,0,0
78194,22:20:00,22:21:00,386,12,0,0
78194,22:24:00,22:25:00,1,13,0,0
78195,22:38:00,22:39:00,349,1,0,0
78195,22:42:00,22:43:00,237,2,0,0
78195,22:46:00,22:47:00,342,3,0,0
78195,22:49:00,22:50:00,232,4,0,0
78195,22:53:00,22:54:00,239,5,0,0
78195,22:59:00,23:00:00,340,6,0,0
78195,23:03:00,23:04:00,346,7,0,0
78195,23:08:00,23:09:00,520,8,0,0
78195,23:12:00,23:13:00,388,9,0,0
78195,23:15:00,23:16:00,387,10,0,0
78195,23:17:00,23:18:00,500,11,0,0
78195,23:20:00,23:21:00,386,12,0,0
78195,23:24:00,23:25:00,1,13,0,0
78095,23:04:00,23:05:00,358,1,0,0
78095,23:08:00,23:09:00,213,2,0,0
78095,23:12:00,23:13:00,305,3,0,0
78095,23:14:00,23:15:00,392,4,0,0
78095,23:17:00,23:18:00,248,5,0,0
78095,23:19:00,23:20:00,391,6,0,0
78095,23:24:00,23:25:00,386,7,0,0
78095,23:28:00,23:29:00,1,8,0,0
78063,11:51:00,11:52:00,396,1,0,0
78063,11:55:00,11:56:00,328,2,0,0
78063,12:00:00,12:01:00,395,3,0,0
78063,12:08:00,12:09:00,286,4,0,0
78063,12:11:00,12:12:00,275,5,0,0
78063,12:17:00,12:18:00,394,6,0,0
78063,12:23:00,12:24:00,393,7,0,0
78063,12:25:00,12:26:00,207,8,0,0
78063,12:27:00,12:28:00,322,9,0,0
78063,12:29:00,12:30:00,359,10,0,0
78063,12:31:00,12:32:00,336,11,0,0
78063,12:35:00,12:36:00,252,12,0,0
78063,12:41:00,12:42:00,316,13,0,0
78063,12:43:00,12:44:00,255,14,0,0
78063,12:46:00,12:47:00,229,15,0,0
78063,12:49:00,12:50:00,296,16,0,0
78063,12:51:00,12:52:00,358,17,0,0
78063,12:55:00,12:56:00,213,18,0,0
78063,12:59:00,13:00:00,305,19,0,0
78063,13:01:00,13:02:00,392,20,0,0
78063,13:03:00,13:04:00,248,21,0,0
78063,13:06:00,13:07:00,391,22,0,0
78063,13:10:00,13:11:00,386,23,0,0
78063,13:14:00,13:15:00,1,24,0,0
78042,04:13:00,04:14:00,397,1,0,0
78042,04:18:00,04:19:00,396,2,0,0
78042,04:22:00,04:23:00,328,3,0,0
78042,04:27:00,04:28:00,395,4,0,0
78042,04:35:00,04:36:00,286,5,0,0
78042,04:38:00,04:39:00,275,6,0,0
78042,04:44:00,04:45:00,394,7,0,0
78042,04:50:00,04:51:00,393,8,0,0
78042,04:52:00,04:53:00,207,9,0,0
78042,04:54:00,04:55:00,322,10,0,0
78042,04:56:00,04:57:00,359,11,0,0
78042,04:58:00,04:59:00,336,12,0,0
78042,05:02:00,05:03:00,252,13,0,0
78042,05:08:00,05:09:00,316,14,0,0
78042,05:10:00,05:11:00,255,15,0,0
78042,05:13:00,05:14:00,229,16,0,0
78042,05:16:00,05:17:00,296,17,0,0
78042,05:18:00,05:19:00,358,18,0,0
78042,05:22:00,05:23:00,213,19,0,0
78042,05:26:00,05:27:00,305,20,0,0
78042,05:28:00,05:29:00,392,21,0,0
78042,05:30:00,05:31:00,248,22,0,0
78042,05:33:00,05:34:00,391,23,0,0
78042,05:39:00,05:40:00,386,24,0,0
78042,05:43:00,05:44:00,1,25,0,0
78043,05:00:00,05:01:00,397,1,0,0
78043,05:05:00,05:06:00,396,2,0,0
78043,05:09:00,05:10:00,328,3,0,0
78043,05:14:00,05:15:00,395,4,0,0
78043,05:22:00,05:23:00,286,5,0,0
78043,05:25:00,05:26:00,275,6,0,0
78043,05:31:00,05:32:00,394,7,0,0
78043,05:37:00,05:38:00,393,8,0,0
78043,05:39:00,05:40:00,207,9,0,0
78043,05:41:00,05:42:00,322,10,0,0
78043,05:43:00,05:44:00,359,11,0,0
78043,05:45:00,05:46:00,336,12,0,0
78043,05:49:00,05:50:00,252,13,0,0
78043,05:55:00,05:56:00,316,14,0,0
78043,05:57:00,05:58:00,255,15,0,0
78043,06:00:00,06:01:00,229,16,0,0
78043,06:03:00,06:04:00,296,17,0,0
78043,06:05:00,06:06:00,358,18,0,0
78043,06:09:00,06:10:00,213,19,0,0
78043,06:13:00,06:14:00,305,20,0,0
78043,06:15:00,06:16:00,392,21,0,0
78043,06:17:00,06:18:00,248,22,0,0
78043,06:20:00,06:21:00,391,23,0,0
78043,06:24:00,06:25:00,386,24,0,0
78043,06:28:00,06:29:00,1,25,0,0
78046,05:58:00,05:59:00,397,1,0,0
78046,06:03:00,06:04:00,396,2,0,0
78046,06:07:00,06:08:00,328,3,0,0
78046,06:12:00,06:13:00,395,4,0,0
78046,06:22:00,06:23:00,286,5,0,0
78046,06:25:00,06:26:00,275,6,0,0
78046,06:31:00,06:32:00,394,7,0,0
78046,06:37:00,06:38:00,393,8,0,0
78046,06:39:00,06:40:00,207,9,0,0
78046,06:41:00,06:42:00,322,10,0,0
78046,06:43:00,06:44:00,359,11,0,0
78046,06:45:00,06:46:00,336,12,0,0
78046,06:49:00,06:50:00,252,13,0,0
78046,06:55:00,06:56:00,316,14,0,0
78046,06:57:00,06:58:00,255,15,0,0
78046,07:00:00,07:01:00,229,16,0,0
78046,07:03:00,07:04:00,296,17,0,0
78046,07:05:00,07:06:00,358,18,0,0
78046,07:09:00,07:10:00,213,19,0,0
78046,07:13:00,07:14:00,305,20,0,0
78046,07:15:00,07:16:00,392,21,0,0
78046,07:17:00,07:18:00,248,22,0,0
78046,07:20:00,07:21:00,391,23,0,0
78046,07:24:00,07:25:00,386,24,0,0
78046,07:28:00,07:29:00,1,25,0,0
78049,06:58:00,06:59:00,397,1,0,0
78049,07:03:00,07:04:00,396,2,0,0
78049,07:07:00,07:08:00,328,3,0,0
78049,07:12:00,07:13:00,395,4,0,0
78049,07:22:00,07:23:00,286,5,0,0
78049,07:25:00,07:26:00,275,6,0,0
78049,07:31:00,07:32:00,394,7,0,0
78049,07:37:00,07:38:00,393,8,0,0
78049,07:39:00,07:40:00,207,9,0,0
78049,07:41:00,07:42:00,322,10,0,0
78049,07:43:00,07:44:00,359,11,0,0
78049,07:45:00,07:46:00,336,12,0,0
78049,07:49:00,07:50:00,252,13,0,0
78049,07:55:00,07:56:00,316,14,0,0
78049,07:57:00,07:58:00,255,15,0,0
78049,08:00:00,08:01:00,229,16,0,0
78049,08:03:00,08:04:00,296,17,0,0
78049,08:05:00,08:06:00,358,18,0,0
78049,08:09:00,08:10:00,213,19,0,0
78049,08:13:00,08:14:00,305,20,0,0
78049,08:15:00,08:16:00,392,21,0,0
78049,08:17:00,08:18:00,248,22,0,0
78049,08:20:00,08:21:00,391,23,0,0
78049,08:24:00,08:25:00,386,24,0,0
78049,08:28:00,08:29:00,1,25,0,0
78052,07:58:00,07:59:00,397,1,0,0
78052,08:03:00,08:04:00,396,2,0,0
78052,08:07:00,08:08:00,328,3,0,0
78052,08:12:00,08:13:00,395,4,0,0
78052,08:22:00,08:23:00,286,5,0,0
78052,08:25:00,08:26:00,275,6,0,0
78052,08:31:00,08:32:00,394,7,0,0
78052,08:37:00,08:38:00,393,8,0,0
78052,08:39:00,08:40:00,207,9,0,0
78052,08:41:00,08:42:00,322,10,0,0
78052,08:43:00,08:44:00,359,11,0,0
78052,08:45:00,08:46:00,336,12,0,0
78052,08:49:00,08:50:00,252,13,0,0
78052,08:55:00,08:56:00,316,14,0,0
78052,08:57:00,08:58:00,255,15,0,0
78052,09:00:00,09:01:00,229,16,0,0
78052,09:03:00,09:04:00,296,17,0,0
78052,09:05:00,09:06:00,358,18,0,0
78052,09:09:00,09:10:00,213,19,0,0
78052,09:13:00,09:14:00,305,20,0,0
78052,09:15:00,09:16:00,392,21,0,0
78052,09:17:00,09:18:00,248,22,0,0
78052,09:20:00,09:21:00,391,23,0,0
78052,09:24:00,09:25:00,386,24,0,0
78052,09:28:00,09:29:00,1,25,0,0
78055,08:58:00,08:59:00,397,1,0,0
78055,09:03:00,09:04:00,396,2,0,0
78055,09:07:00,09:08:00,328,3,0,0
78055,09:12:00,09:13:00,395,4,0,0
78055,09:22:00,09:23:00,286,5,0,0
78055,09:25:00,09:26:00,275,6,0,0
78055,09:31:00,09:32:00,394,7,0,0
78055,09:37:00,09:38:00,393,8,0,0
78055,09:39:00,09:40:00,207,9,0,0
78055,09:41:00,09:42:00,322,10,0,0
78055,09:43:00,09:44:00,359,11,0,0
78055,09:45:00,09:46:00,336,12,0,0
78055,09:49:00,09:50:00,252,13,0,0
78055,09:55:00,09:56:00,316,14,0,0
78055,09:57:00,09:58:00,255,15,0,0
78055,10:00:00,10:01:00,229,16,0,0
78055,10:03:00,10:04:00,296,17,0,0
78055,10:05:00,10:06:00,358,18,0,0
78055,10:09:00,10:10:00,213,19,0,0
78055,10:13:00,10:14:00,305,20,0,0
78055,10:15:00,10:16:00,392,21,0,0
78055,10:17:00,10:18:00,248,22,0,0
78055,10:20:00,10:21:00,391,23,0,0
78055,10:24:00,10:25:00,386,24,0,0
78055,10:28:00,10:29:00,1,25,0,0
78058,09:58:00,09:59:00,397,1,0,0
78058,10:03:00,10:04:00,396,2,0,0
78058,10:07:00,10:08:00,328,3,0,0
78058,10:12:00,10:13:00,395,4,0,0
78058,10:22:00,10:23:00,286,5,0,0
78058,10:25:00,10:26:00,275,6,0,0
78058,10:31:00,10:32:00,394,7,0,0
78058,10:37:00,10:38:00,393,8,0,0
78058,10:39:00,10:40:00,207,9,0,0
78058,10:41:00,10:42:00,322,10,0,0
78058,10:43:00,10:44:00,359,11,0,0
78058,10:45:00,10:46:00,336,12,0,0
78058,10:49:00,10:50:00,252,13,0,0
78058,10:55:00,10:56:00,316,14,0,0
78058,10:57:00,10:58:00,255,15,0,0
78058,11:00:00,11:01:00,229,16,0,0
78058,11:03:00,11:04:00,296,17,0,0
78058,11:05:00,11:06:00,358,18,0,0
78058,11:09:00,11:10:00,213,19,0,0
78058,11:13:00,11:14:00,305,20,0,0
78058,11:15:00,11:16:00,392,21,0,0
78058,11:17:00,11:18:00,248,22,0,0
78058,11:20:00,11:21:00,391,23,0,0
78058,11:24:00,11:25:00,386,24,0,0
78058,11:28:00,11:29:00,1,25,0,0
78061,10:58:00,10:59:00,397,1,0,0
78061,11:03:00,11:04:00,396,2,0,0
78061,11:07:00,11:08:00,328,3,0,0
78061,11:12:00,11:13:00,395,4,0,0
78061,11:22:00,11:23:00,286,5,0,0
78061,11:25:00,11:26:00,275,6,0,0
78061,11:31:00,11:32:00,394,7,0,0
78061,11:37:00,11:38:00,393,8,0,0
78061,11:39:00,11:40:00,207,9,0,0
78061,11:41:00,11:42:00,322,10,0,0
78061,11:43:00,11:44:00,359,11,0,0
78061,11:45:00,11:46:00,336,12,0,0
78061,11:49:00,11:50:00,252,13,0,0
78061,11:55:00,11:56:00,316,14,0,0
78061,11:57:00,11:58:00,255,15,0,0
78061,12:00:00,12:01:00,229,16,0,0
78061,12:03:00,12:04:00,296,17,0,0
78061,12:05:00,12:06:00,358,18,0,0
78061,12:09:00,12:10:00,213,19,0,0
78061,12:13:00,12:14:00,305,20,0,0
78061,12:15:00,12:16:00,392,21,0,0
78061,12:17:00,12:18:00,248,22,0,0
78061,12:20:00,12:21:00,391,23,0,0
78061,12:24:00,12:25:00,386,24,0,0
78061,12:28:00,12:29:00,1,25,0,0
78068,13:44:00,13:45:00,397,1,0,0
78068,13:49:00,13:50:00,396,2,0,0
78068,13:53:00,13:54:00,328,3,0,0
78068,13:58:00,13:59:00,395,4,0,0
78068,14:08:00,14:09:00,286,5,0,0
78068,14:11:00,14:12:00,275,6,0,0
78068,14:17:00,14:18:00,394,7,0,0
78068,14:23:00,14:24:00,393,8,0,0
78068,14:25:00,14:26:00,207,9,0,0
78068,14:27:00,14:28:00,322,10,0,0
78068,14:29:00,14:30:00,359,11,0,0
78068,14:31:00,14:32:00,336,12,0,0
78068,14:35:00,14:36:00,252,13,0,0
78068,14:41:00,14:42:00,316,14,0,0
78068,14:43:00,14:44:00,255,15,0,0
78068,14:46:00,14:47:00,229,16,0,0
78068,14:49:00,14:50:00,296,17,0,0
78068,14:51:00,14:52:00,358,18,0,0
78068,14:55:00,14:56:00,213,19,0,0
78068,14:59:00,15:00:00,305,20,0,0
78068,15:01:00,15:02:00,392,21,0,0
78068,15:03:00,15:04:00,248,22,0,0
78068,15:06:00,15:07:00,391,23,0,0
78068,15:10:00,15:11:00,386,24,0,0
78068,15:14:00,15:15:00,1,25,0,0
78071,14:44:00,14:45:00,397,1,0,0
78071,14:49:00,14:50:00,396,2,0,0
78071,14:53:00,14:54:00,328,3,0,0
78071,14:58:00,14:59:00,395,4,0,0
78071,15:08:00,15:09:00,286,5,0,0
78071,15:11:00,15:12:00,275,6,0,0
78071,15:17:00,15:18:00,394,7,0,0
78071,15:23:00,15:24:00,393,8,0,0
78071,15:25:00,15:26:00,207,9,0,0
78071,15:27:00,15:28:00,322,10,0,0
78071,15:29:00,15:30:00,359,11,0,0
78071,15:31:00,15:32:00,336,12,0,0
78071,15:35:00,15:36:00,252,13,0,0
78071,15:41:00,15:42:00,316,14,0,0
78071,15:43:00,15:44:00,255,15,0,0
78071,15:46:00,15:47:00,229,16,0,0
78071,15:49:00,15:50:00,296,17,0,0
78071,15:51:00,15:52:00,358,18,0,0
78071,15:55:00,15:56:00,213,19,0,0
78071,15:59:00,16:00:00,305,20,0,0
78071,16:01:00,16:02:00,392,21,0,0
78071,16:03:00,16:04:00,248,22,0,0
78071,16:06:00,16:07:00,391,23,0,0
78071,16:10:00,16:11:00,386,24,0,0
78071,16:14:00,16:15:00,1,25,0,0
78075,15:44:00,15:45:00,397,1,0,0
78075,15:49:00,15:50:00,396,2,0,0
78075,15:53:00,15:54:00,328,3,0,0
78075,15:58:00,15:59:00,395,4,0,0
78075,16:08:00,16:09:00,286,5,0,0
78075,16:11:00,16:12:00,275,6,0,0
78075,16:17:00,16:18:00,394,7,0,0
78075,16:23:00,16:24:00,393,8,0,0
78075,16:25:00,16:26:00,207,9,0,0
78075,16:27:00,16:28:00,322,10,0,0
78075,16:29:00,16:30:00,359,11,0,0
78075,16:31:00,16:32:00,336,12,0,0
78075,16:35:00,16:36:00,252,13,0,0
78075,16:41:00,16:42:00,316,14,0,0
78075,16:43:00,16:44:00,255,15,0,0
78075,16:46:00,16:47:00,229,16,0,0
78075,16:49:00,16:50:00,296,17,0,0
78075,16:51:00,16:52:00,358,18,0,0
78075,16:55:00,16:56:00,213,19,0,0
78075,16:59:00,17:00:00,305,20,0,0
78075,17:01:00,17:02:00,392,21,0,0
78075,17:03:00,17:04:00,248,22,0,0
78075,17:06:00,17:07:00,391,23,0,0
78075,17:10:00,17:11:00,386,24,0,0
78075,17:14:00,17:15:00,1,25,0,0
78078,16:44:00,16:45:00,397,1,0,0
78078,16:49:00,16:50:00,396,2,0,0
78078,16:53:00,16:54:00,328,3,0,0
78078,16:58:00,16:59:00,395,4,0,0
78078,17:08:00,17:09:00,286,5,0,0
78078,17:11:00,17:12:00,275,6,0,0
78078,17:17:00,17:18:00,394,7,0,0
78078,17:23:00,17:24:00,393,8,0,0
78078,17:25:00,17:26:00,207,9,0,0
78078,17:27:00,17:28:00,322,10,0,0
78078,17:29:00,17:30:00,359,11,0,0
78078,17:31:00,17:32:00,336,12,0,0
78078,17:35:00,17:36:00,252,13,0,0
78078,17:41:00,17:42:00,316,14,0,0
78078,17:43:00,17:44:00,255,15,0,0
78078,17:46:00,17:47:00,229,16,0,0
78078,17:49:00,17:50:00,296,17,0,0
78078,17:51:00,17:52:00,358,18,0,0
78078,17:55:00,17:56:00,213,19,0,0
78078,17:59:00,18:00:00,305,20,0,0
78078,18:01:00,18:02:00,392,21,0,0
78078,18:03:00,18:04:00,248,22,0,0
78078,18:06:00,18:07:00,391,23,0,0
78078,18:10:00,18:11:00,386,24,0,0
78078,18:14:00,18:15:00,1,25,0,0
78081,17:44:00,17:45:00,397,1,0,0
78081,17:49:00,17:50:00,396,2,0,0
78081,17:53:00,17:54:00,328,3,0,0
78081,17:58:00,17:59:00,395,4,0,0
78081,18:08:00,18:09:00,286,5,0,0
78081,18:11:00,18:12:00,275,6,0,0
78081,18:17:00,18:18:00,394,7,0,0
78081,18:23:00,18:24:00,393,8,0,0
78081,18:25:00,18:26:00,207,9,0,0
78081,18:27:00,18:28:00,322,10,0,0
78081,18:29:00,18:30:00,359,11,0,0
78081,18:31:00,18:32:00,336,12,0,0
78081,18:35:00,18:36:00,252,13,0,0
78081,18:41:00,18:42:00,316,14,0,0
78081,18:43:00,18:44:00,255,15,0,0
78081,18:46:00,18:47:00,229,16,0,0
78081,18:49:00,18:50:00,296,17,0,0
78081,18:51:00,18:52:00,358,18,0,0
78081,18:55:00,18:56:00,213,19,0,0
78081,18:59:00,19:00:00,305,20,0,0
78081,19:01:00,19:02:00,392,21,0,0
78081,19:03:00,19:04:00,248,22,0,0
78081,19:06:00,19:07:00,391,23,0,0
78081,19:10:00,19:11:00,386,24,0,0
78081,19:14:00,19:15:00,1,25,0,0
78084,18:44:00,18:45:00,397,1,0,0
78084,18:49:00,18:50:00,396,2,0,0
78084,18:53:00,18:54:00,328,3,0,0
78084,18:58:00,18:59:00,395,4,0,0
78084,19:08:00,19:09:00,286,5,0,0
78084,19:11:00,19:12:00,275,6,0,0
78084,19:17:00,19:18:00,394,7,0,0
78084,19:23:00,19:24:00,393,8,0,0
78084,19:25:00,19:26:00,207,9,0,0
78084,19:27:00,19:28:00,322,10,0,0
78084,19:29:00,19:30:00,359,11,0,0
78084,19:31:00,19:32:00,336,12,0,0
78084,19:35:00,19:36:00,252,13,0,0
78084,19:41:00,19:42:00,316,14,0,0
78084,19:43:00,19:44:00,255,15,0,0
78084,19:46:00,19:47:00,229,16,0,0
78084,19:49:00,19:50:00,296,17,0,0
78084,19:51:00,19:52:00,358,18,0,0
78084,19:55:00,19:56:00,213,19,0,0
78084,19:59:00,20:00:00,305,20,0,0
78084,20:01:00,20:02:00,392,21,0,0
78084,20:03:00,20:04:00,248,22,0,0
78084,20:06:00,20:07:00,391,23,0,0
78084,20:10:00,20:11:00,386,24,0,0
78084,20:14:00,20:15:00,1,25,0,0
78087,19:44:00,19:45:00,397,1,0,0
78087,19:49:00,19:50:00,396,2,0,0
78087,19:53:00,19:54:00,328,3,0,0
78087,19:58:00,19:59:00,395,4,0,0
78087,20:08:00,20:09:00,286,5,0,0
78087,20:11:00,20:12:00,275,6,0,0
78087,20:17:00,20:18:00,394,7,0,0
78087,20:23:00,20:24:00,393,8,0,0
78087,20:25:00,20:26:00,207,9,0,0
78087,20:27:00,20:28:00,322,10,0,0
78087,20:29:00,20:30:00,359,11,0,0
78087,20:31:00,20:32:00,336,12,0,0
78087,20:35:00,20:36:00,252,13,0,0
78087,20:41:00,20:42:00,316,14,0,0
78087,20:43:00,20:44:00,255,15,0,0
78087,20:46:00,20:47:00,229,16,0,0
78087,20:49:00,20:50:00,296,17,0,0
78087,20:51:00,20:52:00,358,18,0,0
78087,20:55:00,20:56:00,213,19,0,0
78087,20:59:00,21:00:00,305,20,0,0
78087,21:01:00,21:02:00,392,21,0,0
78087,21:03:00,21:04:00,248,22,0,0
78087,21:06:00,21:07:00,391,23,0,0
78087,21:10:00,21:11:00,386,24,0,0
78087,21:14:00,21:15:00,1,25,0,0
78090,20:44:00,20:45:00,397,1,0,0
78090,20:49:00,20:50:00,396,2,0,0
78090,20:53:00,20:54:00,328,3,0,0
78090,20:58:00,20:59:00,395,4,0,0
78090,21:08:00,21:09:00,286,5,0,0
78090,21:11:00,21:12:00,275,6,0,0
78090,21:17:00,21:18:00,394,7,0,0
78090,21:23:00,21:24:00,393,8,0,0
78090,21:25:00,21:26:00,207,9,0,0
78090,21:27:00,21:28:00,322,10,0,0
78090,21:29:00,21:30:00,359,11,0,0
78090,21:31:00,21:32:00,336,12,0,0
78090,21:35:00,21:36:00,252,13,0,0
78090,21:41:00,21:42:00,316,14,0,0
78090,21:43:00,21:44:00,255,15,0,0
78090,21:46:00,21:47:00,229,16,0,0
78090,21:49:00,21:50:00,296,17,0,0
78090,21:51:00,21:52:00,358,18,0,0
78090,21:55:00,21:56:00,213,19,0,0
78090,21:59:00,22:00:00,305,20,0,0
78090,22:01:00,22:02:00,392,21,0,0
78090,22:03:00,22:04:00,248,22,0,0
78090,22:06:00,22:07:00,391,23,0,0
78090,22:10:00,22:11:00,386,24,0,0
78090,22:14:00,22:15:00,1,25,0,0
78094,21:44:00,21:45:00,397,1,0,0
78094,21:49:00,21:50:00,396,2,0,0
78094,21:53:00,21:54:00,328,3,0,0
78094,21:58:00,21:59:00,395,4,0,0
78094,22:08:00,22:09:00,286,5,0,0
78094,22:11:00,22:12:00,275,6,0,0
78094,22:17:00,22:18:00,394,7,0,0
78094,22:23:00,22:24:00,393,8,0,0
78094,22:25:00,22:26:00,207,9,0,0
78094,22:27:00,22:28:00,322,10,0,0
78094,22:29:00,22:30:00,359,11,0,0
78094,22:31:00,22:32:00,336,12,0,0
78094,22:35:00,22:36:00,252,13,0,0
78094,22:41:00,22:42:00,316,14,0,0
78094,22:43:00,22:44:00,255,15,0,0
78094,22:46:00,22:47:00,229,16,0,0
78094,22:49:00,22:50:00,296,17,0,0
78094,22:51:00,22:52:00,358,18,0,0
78094,22:55:00,22:56:00,213,19,0,0
78094,22:59:00,23:00:00,305,20,0,0
78094,23:01:00,23:02:00,392,21,0,0
78094,23:03:00,23:04:00,248,22,0,0
78094,23:06:00,23:07:00,391,23,0,0
78094,23:10:00,23:11:00,386,24,0,0
78094,23:14:00,23:15:00,1,25,0,0
78096,22:44:00,22:45:00,397,1,0,0
78096,22:49:00,22:50:00,396,2,0,0
78096,22:53:00,22:54:00,328,3,0,0
78096,22:58:00,22:59:00,395,4,0,0
78096,23:08:00,23:09:00,286,5,0,0
78096,23:11:00,23:12:00,275,6,0,0
78096,23:17:00,23:18:00,394,7,0,0
78096,23:23:00,23:24:00,393,8,0,0
78096,23:25:00,23:26:00,207,9,0,0
78096,23:27:00,23:28:00,322,10,0,0
78096,23:29:00,23:30:00,359,11,0,0
78096,23:31:00,23:32:00,336,12,0,0
78096,23:35:00,23:36:00,252,13,0,0
78096,23:41:00,23:42:00,316,14,0,0
78096,23:43:00,23:44:00,255,15,0,0
78096,23:46:00,23:47:00,229,16,0,0
78096,23:49:00,23:50:00,296,17,0,0
78096,23:51:00,23:52:00,358,18,0,0
78096,23:55:00,23:56:00,213,19,0,0
78096,23:59:00,24:00:00,305,20,0,0
78096,24:01:00,24:02:00,392,21,0,0
78096,24:03:00,24:04:00,248,22,0,0
78096,24:06:00,24:07:00,391,23,0,0
78096,24:10:00,24:11:00,386,24,0,0
78096,24:14:00,24:15:00,1,25,0,0
78610,05:56:00,05:57:00,398,1,0,0
78610,05:59:00,06:00:00,352,2,0,0
78610,06:06:00,06:07:00,306,3,0,0
78610,06:11:00,06:12:00,282,4,0,0
78610,06:14:00,06:15:00,230,5,0,0
78610,06:17:00,06:18:00,281,6,0,0
78610,06:20:00,06:21:00,276,7,0,0
78610,06:23:00,06:24:00,258,8,0,0
78610,06:26:00,06:27:00,451,9,0,0
78610,06:29:00,06:30:00,449,10,0,0
78610,06:32:00,06:33:00,452,11,0,0
78610,06:36:00,06:37:00,385,12,0,0
78610,06:38:00,06:39:00,501,13,0,0
78610,06:40:00,06:41:00,382,14,0,0
78610,06:43:00,06:44:00,225,15,0,0
78610,06:46:00,06:47:00,400,16,0,0
78610,06:52:00,06:53:00,1,17,0,0
78612,06:55:00,06:56:00,398,1,0,0
78612,06:58:00,06:59:00,352,2,0,0
78612,07:01:00,07:02:00,310,3,0,0
78612,07:06:00,07:07:00,306,4,0,0
78612,07:11:00,07:12:00,282,5,0,0
78612,07:14:00,07:15:00,230,6,0,0
78612,07:17:00,07:18:00,281,7,0,0
78612,07:20:00,07:21:00,276,8,0,0
78612,07:23:00,07:24:00,258,9,0,0
78612,07:26:00,07:27:00,451,10,0,0
78612,07:29:00,07:30:00,449,11,0,0
78612,07:32:00,07:33:00,452,12,0,0
78612,07:36:00,07:37:00,385,13,0,0
78612,07:38:00,07:39:00,501,14,0,0
78612,07:40:00,07:41:00,382,15,0,0
78612,07:43:00,07:44:00,225,16,0,0
78612,07:46:00,07:47:00,400,17,0,0
78612,07:52:00,07:53:00,1,18,0,0
78615,07:55:00,07:56:00,398,1,0,0
78615,07:58:00,07:59:00,352,2,0,0
78615,08:01:00,08:02:00,310,3,0,0
78615,08:06:00,08:07:00,306,4,0,0
78615,08:11:00,08:12:00,282,5,0,0
78615,08:14:00,08:15:00,230,6,0,0
78615,08:17:00,08:18:00,281,7,0,0
78615,08:20:00,08:21:00,276,8,0,0
78615,08:23:00,08:24:00,258,9,0,0
78615,08:26:00,08:27:00,451,10,0,0
78615,08:29:00,08:30:00,449,11,0,0
78615,08:32:00,08:33:00,452,12,0,0
78615,08:36:00,08:37:00,385,13,0,0
78615,08:38:00,08:39:00,501,14,0,0
78615,08:40:00,08:41:00,382,15,0,0
78615,08:43:00,08:44:00,225,16,0,0
78615,08:46:00,08:47:00,400,17,0,0
78615,08:52:00,08:53:00,1,18,0,0
78617,08:56:00,08:57:00,398,1,0,0
78617,08:59:00,09:00:00,352,2,0,0
78617,09:06:00,09:07:00,306,3,0,0
78617,09:11:00,09:12:00,282,4,0,0
78617,09:14:00,09:15:00,230,5,0,0
78617,09:17:00,09:18:00,281,6,0,0
78617,09:20:00,09:21:00,276,7,0,0
78617,09:23:00,09:24:00,258,8,0,0
78617,09:26:00,09:27:00,451,9,0,0
78617,09:29:00,09:30:00,449,10,0,0
78617,09:32:00,09:33:00,452,11,0,0
78617,09:36:00,09:37:00,385,12,0,0
78617,09:38:00,09:39:00,501,13,0,0
78617,09:40:00,09:41:00,382,14,0,0
78617,09:43:00,09:44:00,225,15,0,0
78617,09:46:00,09:47:00,400,16,0,0
78617,09:52:00,09:53:00,1,17,0,0
78623,11:25:00,11:26:00,398,1,0,0
78623,11:28:00,11:29:00,352,2,0,0
78623,11:31:00,11:32:00,310,3,0,0
78623,11:36:00,11:37:00,306,4,0,0
78623,11:41:00,11:42:00,282,5,0,0
78623,11:44:00,11:45:00,230,6,0,0
78623,11:47:00,11:48:00,281,7,0,0
78623,11:50:00,11:51:00,276,8,0,0
78623,11:53:00,11:54:00,258,9,0,0
78623,11:56:00,11:57:00,451,10,0,0
78623,11:59:00,12:00:00,449,11,0,0
78623,12:02:00,12:03:00,452,12,0,0
78623,12:06:00,12:07:00,385,13,0,0
78623,12:08:00,12:09:00,501,14,0,0
78623,12:10:00,12:11:00,382,15,0,0
78623,12:13:00,12:14:00,225,16,0,0
78623,12:16:00,12:17:00,400,17,0,0
78623,12:22:00,12:23:00,1,18,0,0
78626,13:25:00,13:26:00,398,1,0,0
78626,13:28:00,13:29:00,352,2,0,0
78626,13:31:00,13:32:00,310,3,0,0
78626,13:36:00,13:37:00,306,4,0,0
78626,13:41:00,13:42:00,282,5,0,0
78626,13:44:00,13:45:00,230,6,0,0
78626,13:47:00,13:48:00,281,7,0,0
78626,13:50:00,13:51:00,276,8,0,0
78626,13:53:00,13:54:00,258,9,0,0
78626,13:56:00,13:57:00,451,10,0,0
78626,13:59:00,14:00:00,449,11,0,0
78626,14:02:00,14:03:00,452,12,0,0
78626,14:06:00,14:07:00,385,13,0,0
78626,14:08:00,14:09:00,501,14,0,0
78626,14:10:00,14:11:00,382,15,0,0
78626,14:13:00,14:14:00,225,16,0,0
78626,14:16:00,14:17:00,400,17,0,0
78626,14:22:00,14:23:00,1,18,0,0
78630,15:25:00,15:26:00,398,1,0,0
78630,15:28:00,15:29:00,352,2,0,0
78630,15:31:00,15:32:00,310,3,0,0
78630,15:36:00,15:37:00,306,4,0,0
78630,15:41:00,15:42:00,282,5,0,0
78630,15:44:00,15:45:00,230,6,0,0
78630,15:47:00,15:48:00,281,7,0,0
78630,15:50:00,15:51:00,276,8,0,0
78630,15:53:00,15:54:00,258,9,0,0
78630,15:56:00,15:57:00,451,10,0,0
78630,15:59:00,16:00:00,449,11,0,0
78630,16:02:00,16:03:00,452,12,0,0
78630,16:06:00,16:07:00,385,13,0,0
78630,16:08:00,16:09:00,501,14,0,0
78630,16:10:00,16:11:00,382,15,0,0
78630,16:13:00,16:14:00,225,16,0,0
78630,16:16:00,16:17:00,400,17,0,0
78630,16:22:00,16:23:00,1,18,0,0
78637,18:56:00,18:57:00,398,1,0,0
78637,18:59:00,19:00:00,352,2,0,0
78637,19:06:00,19:07:00,306,3,0,0
78637,19:11:00,19:12:00,282,4,0,0
78637,19:14:00,19:15:00,230,5,0,0
78637,19:17:00,19:18:00,281,6,0,0
78637,19:20:00,19:21:00,276,7,0,0
78637,19:23:00,19:24:00,258,8,0,0
78637,19:26:00,19:27:00,451,9,0,0
78637,19:29:00,19:30:00,449,10,0,0
78637,19:32:00,19:33:00,452,11,0,0
78637,19:36:00,19:37:00,385,12,0,0
78637,19:38:00,19:39:00,501,13,0,0
78637,19:40:00,19:41:00,382,14,0,0
78637,19:43:00,19:44:00,225,15,0,0
78637,19:46:00,19:47:00,400,16,0,0
78637,19:52:00,19:53:00,1,17,0,0
78641,19:56:00,19:57:00,398,1,0,0
78641,19:59:00,20:00:00,352,2,0,0
78641,20:06:00,20:07:00,306,3,0,0
78641,20:11:00,20:12:00,282,4,0,0
78641,20:14:00,20:15:00,230,5,0,0
78641,20:17:00,20:18:00,281,6,0,0
78641,20:20:00,20:21:00,276,7,0,0
78641,20:23:00,20:24:00,258,8,0,0
78641,20:26:00,20:27:00,451,9,0,0
78641,20:29:00,20:30:00,449,10,0,0
78641,20:32:00,20:33:00,452,11,0,0
78641,20:36:00,20:37:00,385,12,0,0
78641,20:38:00,20:39:00,501,13,0,0
78641,20:40:00,20:41:00,382,14,0,0
78641,20:43:00,20:44:00,225,15,0,0
78641,20:46:00,20:47:00,400,16,0,0
78641,20:52:00,20:53:00,1,17,0,0
78643,20:56:00,20:57:00,398,1,0,0
78643,20:59:00,21:00:00,352,2,0,0
78643,21:06:00,21:07:00,306,3,0,0
78643,21:11:00,21:12:00,282,4,0,0
78643,21:14:00,21:15:00,230,5,0,0
78643,21:17:00,21:18:00,281,6,0,0
78643,21:20:00,21:21:00,276,7,0,0
78643,21:23:00,21:24:00,258,8,0,0
78643,21:26:00,21:27:00,451,9,0,0
78643,21:29:00,21:30:00,449,10,0,0
78643,21:32:00,21:33:00,452,11,0,0
78643,21:36:00,21:37:00,385,12,0,0
78643,21:38:00,21:39:00,501,13,0,0
78643,21:40:00,21:41:00,382,14,0,0
78643,21:43:00,21:44:00,225,15,0,0
78643,21:46:00,21:47:00,400,16,0,0
78643,21:52:00,21:53:00,1,17,0,0
78608,04:46:00,04:47:00,399,1,0,0
78608,04:49:00,04:50:00,453,2,0,0
78608,04:52:00,04:53:00,287,3,0,0
78608,04:55:00,04:56:00,398,4,0,0
78608,04:58:00,04:59:00,352,5,0,0
78608,05:01:00,05:02:00,310,6,0,0
78608,05:06:00,05:07:00,306,7,0,0
78608,05:11:00,05:12:00,282,8,0,0
78608,05:14:00,05:15:00,230,9,0,0
78608,05:17:00,05:18:00,281,10,0,0
78608,05:20:00,05:21:00,276,11,0,0
78608,05:23:00,05:24:00,258,12,0,0
78608,05:26:00,05:27:00,451,13,0,0
78608,05:29:00,05:30:00,449,14,0,0
78608,05:32:00,05:33:00,452,15,0,0
78608,05:36:00,05:37:00,385,16,0,0
78608,05:38:00,05:39:00,501,17,0,0
78608,05:40:00,05:41:00,382,18,0,0
78608,05:43:00,05:44:00,225,19,0,0
78608,05:46:00,05:47:00,400,20,0,0
78608,05:52:00,05:53:00,1,21,0,0
78611,06:16:00,06:17:00,399,1,0,0
78611,06:19:00,06:20:00,453,2,0,0
78611,06:22:00,06:23:00,287,3,0,0
78611,06:25:00,06:26:00,398,4,0,0
78611,06:28:00,06:29:00,352,5,0,0
78611,06:31:00,06:32:00,310,6,0,0
78611,06:36:00,06:37:00,306,7,0,0
78611,06:41:00,06:42:00,282,8,0,0
78611,06:44:00,06:45:00,230,9,0,0
78611,06:47:00,06:48:00,281,10,0,0
78611,06:50:00,06:51:00,276,11,0,0
78611,06:53:00,06:54:00,258,12,0,0
78611,06:56:00,06:57:00,451,13,0,0
78611,06:59:00,07:00:00,449,14,0,0
78611,07:02:00,07:03:00,452,15,0,0
78611,07:06:00,07:07:00,385,16,0,0
78611,07:08:00,07:09:00,501,17,0,0
78611,07:10:00,07:11:00,382,18,0,0
78611,07:13:00,07:14:00,225,19,0,0
78611,07:16:00,07:17:00,400,20,0,0
78611,07:22:00,07:23:00,1,21,0,0
78613,07:16:00,07:17:00,399,1,0,0
78613,07:19:00,07:20:00,453,2,0,0
78613,07:22:00,07:23:00,287,3,0,0
78613,07:25:00,07:26:00,398,4,0,0
78613,07:28:00,07:29:00,352,5,0,0
78613,07:31:00,07:32:00,310,6,0,0
78613,07:36:00,07:37:00,306,7,0,0
78613,07:41:00,07:42:00,282,8,0,0
78613,07:44:00,07:45:00,230,9,0,0
78613,07:47:00,07:48:00,281,10,0,0
78613,07:50:00,07:51:00,276,11,0,0
78613,07:53:00,07:54:00,258,12,0,0
78613,07:56:00,07:57:00,451,13,0,0
78613,07:59:00,08:00:00,449,14,0,0
78613,08:02:00,08:03:00,452,15,0,0
78613,08:06:00,08:07:00,385,16,0,0
78613,08:08:00,08:09:00,501,17,0,0
78613,08:10:00,08:11:00,382,18,0,0
78613,08:13:00,08:14:00,225,19,0,0
78613,08:16:00,08:17:00,400,20,0,0
78613,08:22:00,08:23:00,1,21,0,0
78614,08:16:00,08:17:00,399,1,0,0
78614,08:19:00,08:20:00,453,2,0,0
78614,08:22:00,08:23:00,287,3,0,0
78614,08:25:00,08:26:00,398,4,0,0
78614,08:28:00,08:29:00,352,5,0,0
78614,08:31:00,08:32:00,310,6,0,0
78614,08:36:00,08:37:00,306,7,0,0
78614,08:41:00,08:42:00,282,8,0,0
78614,08:44:00,08:45:00,230,9,0,0
78614,08:47:00,08:48:00,281,10,0,0
78614,08:50:00,08:51:00,276,11,0,0
78614,08:53:00,08:54:00,258,12,0,0
78614,08:56:00,08:57:00,451,13,0,0
78614,08:59:00,09:00:00,449,14,0,0
78614,09:02:00,09:03:00,452,15,0,0
78614,09:06:00,09:07:00,385,16,0,0
78614,09:08:00,09:09:00,501,17,0,0
78614,09:10:00,09:11:00,382,18,0,0
78614,09:13:00,09:14:00,225,19,0,0
78614,09:16:00,09:17:00,400,20,0,0
78614,09:22:00,09:23:00,1,21,0,0
78618,09:16:00,09:17:00,399,1,0,0
78618,09:19:00,09:20:00,453,2,0,0
78618,09:22:00,09:23:00,287,3,0,0
78618,09:25:00,09:26:00,398,4,0,0
78618,09:28:00,09:29:00,352,5,0,0
78618,09:31:00,09:32:00,310,6,0,0
78618,09:36:00,09:37:00,306,7,0,0
78618,09:41:00,09:42:00,282,8,0,0
78618,09:44:00,09:45:00,230,9,0,0
78618,09:47:00,09:48:00,281,10,0,0
78618,09:50:00,09:51:00,276,11,0,0
78618,09:53:00,09:54:00,258,12,0,0
78618,09:56:00,09:57:00,451,13,0,0
78618,09:59:00,10:00:00,449,14,0,0
78618,10:02:00,10:03:00,452,15,0,0
78618,10:06:00,10:07:00,385,16,0,0
78618,10:08:00,10:09:00,501,17,0,0
78618,10:10:00,10:11:00,382,18,0,0
78618,10:13:00,10:14:00,225,19,0,0
78618,10:16:00,10:17:00,400,20,0,0
78618,10:22:00,10:23:00,1,21,0,0
78619,10:16:00,10:17:00,399,1,0,0
78619,10:19:00,10:20:00,453,2,0,0
78619,10:22:00,10:23:00,287,3,0,0
78619,10:25:00,10:26:00,398,4,0,0
78619,10:28:00,10:29:00,352,5,0,0
78619,10:31:00,10:32:00,310,6,0,0
78619,10:36:00,10:37:00,306,7,0,0
78619,10:41:00,10:42:00,282,8,0,0
78619,10:44:00,10:45:00,230,9,0,0
78619,10:47:00,10:48:00,281,10,0,0
78619,10:50:00,10:51:00,276,11,0,0
78619,10:53:00,10:54:00,258,12,0,0
78619,10:56:00,10:57:00,451,13,0,0
78619,10:59:00,11:00:00,449,14,0,0
78619,11:02:00,11:03:00,452,15,0,0
78619,11:06:00,11:07:00,385,16,0,0
78619,11:08:00,11:09:00,501,17,0,0
78619,11:10:00,11:11:00,382,18,0,0
78619,11:13:00,11:14:00,225,19,0,0
78619,11:16:00,11:17:00,400,20,0,0
78619,11:22:00,11:23:00,1,21,0,0
78620,12:16:00,12:17:00,399,1,0,0
78620,12:19:00,12:20:00,453,2,0,0
78620,12:22:00,12:23:00,287,3,0,0
78620,12:25:00,12:26:00,398,4,0,0
78620,12:28:00,12:29:00,352,5,0,0
78620,12:31:00,12:32:00,310,6,0,0
78620,12:36:00,12:37:00,306,7,0,0
78620,12:41:00,12:42:00,282,8,0,0
78620,12:44:00,12:45:00,230,9,0,0
78620,12:47:00,12:48:00,281,10,0,0
78620,12:50:00,12:51:00,276,11,0,0
78620,12:53:00,12:54:00,258,12,0,0
78620,12:56:00,12:57:00,451,13,0,0
78620,12:59:00,13:00:00,449,14,0,0
78620,13:02:00,13:03:00,452,15,0,0
78620,13:06:00,13:07:00,385,16,0,0
78620,13:08:00,13:09:00,501,17,0,0
78620,13:10:00,13:11:00,382,18,0,0
78620,13:13:00,13:14:00,225,19,0,0
78620,13:16:00,13:17:00,400,20,0,0
78620,13:22:00,13:23:00,1,21,0,0
78628,14:16:00,14:17:00,399,1,0,0
78628,14:19:00,14:20:00,453,2,0,0
78628,14:22:00,14:23:00,287,3,0,0
78628,14:25:00,14:26:00,398,4,0,0
78628,14:28:00,14:29:00,352,5,0,0
78628,14:31:00,14:32:00,310,6,0,0
78628,14:36:00,14:37:00,306,7,0,0
78628,14:41:00,14:42:00,282,8,0,0
78628,14:44:00,14:45:00,230,9,0,0
78628,14:47:00,14:48:00,281,10,0,0
78628,14:50:00,14:51:00,276,11,0,0
78628,14:53:00,14:54:00,258,12,0,0
78628,14:56:00,14:57:00,451,13,0,0
78628,14:59:00,15:00:00,449,14,0,0
78628,15:02:00,15:03:00,452,15,0,0
78628,15:06:00,15:07:00,385,16,0,0
78628,15:08:00,15:09:00,501,17,0,0
78628,15:10:00,15:11:00,382,18,0,0
78628,15:13:00,15:14:00,225,19,0,0
78628,15:16:00,15:17:00,400,20,0,0
78628,15:22:00,15:23:00,1,21,0,0
78632,16:16:00,16:17:00,399,1,0,0
78632,16:19:00,16:20:00,453,2,0,0
78632,16:22:00,16:23:00,287,3,0,0
78632,16:25:00,16:26:00,398,4,0,0
78632,16:28:00,16:29:00,352,5,0,0
78632,16:31:00,16:32:00,310,6,0,0
78632,16:36:00,16:37:00,306,7,0,0
78632,16:41:00,16:42:00,282,8,0,0
78632,16:44:00,16:45:00,230,9,0,0
78632,16:47:00,16:48:00,281,10,0,0
78632,16:50:00,16:51:00,276,11,0,0
78632,16:53:00,16:54:00,258,12,0,0
78632,16:56:00,16:57:00,451,13,0,0
78632,16:59:00,17:00:00,449,14,0,0
78632,17:02:00,17:03:00,452,15,0,0
78632,17:06:00,17:07:00,385,16,0,0
78632,17:08:00,17:09:00,501,17,0,0
78632,17:10:00,17:11:00,382,18,0,0
78632,17:13:00,17:14:00,225,19,0,0
78632,17:16:00,17:17:00,400,20,0,0
78632,17:22:00,17:23:00,1,21,0,0
78634,17:16:00,17:17:00,399,1,0,0
78634,17:19:00,17:20:00,453,2,0,0
78634,17:22:00,17:23:00,287,3,0,0
78634,17:25:00,17:26:00,398,4,0,0
78634,17:28:00,17:29:00,352,5,0,0
78634,17:31:00,17:32:00,310,6,0,0
78634,17:36:00,17:37:00,306,7,0,0
78634,17:41:00,17:42:00,282,8,0,0
78634,17:44:00,17:45:00,230,9,0,0
78634,17:47:00,17:48:00,281,10,0,0
78634,17:50:00,17:51:00,276,11,0,0
78634,17:53:00,17:54:00,258,12,0,0
78634,17:56:00,17:57:00,451,13,0,0
78634,17:59:00,18:00:00,449,14,0,0
78634,18:02:00,18:03:00,452,15,0,0
78634,18:06:00,18:07:00,385,16,0,0
78634,18:08:00,18:09:00,501,17,0,0
78634,18:10:00,18:11:00,382,18,0,0
78634,18:13:00,18:14:00,225,19,0,0
78634,18:16:00,18:17:00,400,20,0,0
78634,18:22:00,18:23:00,1,21,0,0
78636,18:16:00,18:17:00,399,1,0,0
78636,18:19:00,18:20:00,453,2,0,0
78636,18:22:00,18:23:00,287,3,0,0
78636,18:25:00,18:26:00,398,4,0,0
78636,18:28:00,18:29:00,352,5,0,0
78636,18:31:00,18:32:00,310,6,0,0
78636,18:36:00,18:37:00,306,7,0,0
78636,18:41:00,18:42:00,282,8,0,0
78636,18:44:00,18:45:00,230,9,0,0
78636,18:47:00,18:48:00,281,10,0,0
78636,18:50:00,18:51:00,276,11,0,0
78636,18:53:00,18:54:00,258,12,0,0
78636,18:56:00,18:57:00,451,13,0,0
78636,18:59:00,19:00:00,449,14,0,0
78636,19:02:00,19:03:00,452,15,0,0
78636,19:06:00,19:07:00,385,16,0,0
78636,19:08:00,19:09:00,501,17,0,0
78636,19:10:00,19:11:00,382,18,0,0
78636,19:13:00,19:14:00,225,19,0,0
78636,19:16:00,19:17:00,400,20,0,0
78636,19:22:00,19:23:00,1,21,0,0
78640,19:16:00,19:17:00,399,1,0,0
78640,19:19:00,19:20:00,453,2,0,0
78640,19:22:00,19:23:00,287,3,0,0
78640,19:25:00,19:26:00,398,4,0,0
78640,19:28:00,19:29:00,352,5,0,0
78640,19:31:00,19:32:00,310,6,0,0
78640,19:36:00,19:37:00,306,7,0,0
78640,19:41:00,19:42:00,282,8,0,0
78640,19:44:00,19:45:00,230,9,0,0
78640,19:47:00,19:48:00,281,10,0,0
78640,19:50:00,19:51:00,276,11,0,0
78640,19:53:00,19:54:00,258,12,0,0
78640,19:56:00,19:57:00,451,13,0,0
78640,19:59:00,20:00:00,449,14,0,0
78640,20:02:00,20:03:00,452,15,0,0
78640,20:06:00,20:07:00,385,16,0,0
78640,20:08:00,20:09:00,501,17,0,0
78640,20:10:00,20:11:00,382,18,0,0
78640,20:13:00,20:14:00,225,19,0,0
78640,20:16:00,20:17:00,400,20,0,0
78640,20:22:00,20:23:00,1,21,0,0
78642,20:16:00,20:17:00,399,1,0,0
78642,20:19:00,20:20:00,453,2,0,0
78642,20:22:00,20:23:00,287,3,0,0
78642,20:25:00,20:26:00,398,4,0,0
78642,20:28:00,20:29:00,352,5,0,0
78642,20:31:00,20:32:00,310,6,0,0
78642,20:36:00,20:37:00,306,7,0,0
78642,20:41:00,20:42:00,282,8,0,0
78642,20:44:00,20:45:00,230,9,0,0
78642,20:47:00,20:48:00,281,10,0,0
78642,20:50:00,20:51:00,276,11,0,0
78642,20:53:00,20:54:00,258,12,0,0
78642,20:56:00,20:57:00,451,13,0,0
78642,20:59:00,21:00:00,449,14,0,0
78642,21:02:00,21:03:00,452,15,0,0
78642,21:06:00,21:07:00,385,16,0,0
78642,21:08:00,21:09:00,501,17,0,0
78642,21:10:00,21:11:00,382,18,0,0
78642,21:13:00,21:14:00,225,19,0,0
78642,21:16:00,21:17:00,400,20,0,0
78642,21:22:00,21:23:00,1,21,0,0
78644,21:16:00,21:17:00,399,1,0,0
78644,21:19:00,21:20:00,453,2,0,0
78644,21:22:00,21:23:00,287,3,0,0
78644,21:25:00,21:26:00,398,4,0,0
78644,21:28:00,21:29:00,352,5,0,0
78644,21:31:00,21:32:00,310,6,0,0
78644,21:36:00,21:37:00,306,7,0,0
78644,21:41:00,21:42:00,282,8,0,0
78644,21:44:00,21:45:00,230,9,0,0
78644,21:47:00,21:48:00,281,10,0,0
78644,21:50:00,21:51:00,276,11,0,0
78644,21:53:00,21:54:00,258,12,0,0
78644,21:56:00,21:57:00,451,13,0,0
78644,21:59:00,22:00:00,449,14,0,0
78644,22:02:00,22:03:00,452,15,0,0
78644,22:06:00,22:07:00,385,16,0,0
78644,22:08:00,22:09:00,501,17,0,0
78644,22:10:00,22:11:00,382,18,0,0
78644,22:13:00,22:14:00,225,19,0,0
78644,22:16:00,22:17:00,400,20,0,0
78644,22:22:00,22:23:00,1,21,0,0
78645,22:16:00,22:17:00,399,1,0,0
78645,22:19:00,22:20:00,453,2,0,0
78645,22:22:00,22:23:00,287,3,0,0
78645,22:25:00,22:26:00,398,4,0,0
78645,22:28:00,22:29:00,352,5,0,0
78645,22:31:00,22:32:00,310,6,0,0
78645,22:36:00,22:37:00,306,7,0,0
78645,22:41:00,22:42:00,282,8,0,0
78645,22:44:00,22:45:00,230,9,0,0
78645,22:47:00,22:48:00,281,10,0,0
78645,22:50:00,22:51:00,276,11,0,0
78645,22:53:00,22:54:00,258,12,0,0
78645,22:56:00,22:57:00,451,13,0,0
78645,22:59:00,23:00:00,449,14,0,0
78645,23:02:00,23:03:00,452,15,0,0
78645,23:06:00,23:07:00,385,16,0,0
78645,23:08:00,23:09:00,501,17,0,0
78645,23:10:00,23:11:00,382,18,0,0
78645,23:13:00,23:14:00,225,19,0,0
78645,23:16:00,23:17:00,400,20,0,0
78645,23:22:00,23:23:00,1,21,0,0
78668,07:26:00,07:27:00,408,1,0,0
78668,07:35:00,07:36:00,256,2,0,0
78668,07:40:00,07:41:00,307,3,0,0
78668,07:46:00,07:47:00,433,4,0,0
78668,07:52:00,07:53:00,271,5,0,0
78668,07:59:00,08:00:00,374,6,0,0
78668,08:09:00,08:10:00,362,7,0,0
78668,08:12:00,08:13:00,540,8,0,0
78668,08:16:00,08:17:00,238,9,0,0
78668,08:22:00,08:23:00,400,10,0,0
78668,08:32:00,08:33:00,1,11,0,0
78670,09:28:00,09:29:00,408,1,0,0
78670,09:37:00,09:38:00,256,2,0,0
78670,09:42:00,09:43:00,307,3,0,0
78670,09:48:00,09:49:00,433,4,0,0
78670,09:54:00,09:55:00,271,5,0,0
78670,10:01:00,10:02:00,374,6,0,0
78670,10:11:00,10:12:00,362,7,0,0
78670,10:15:00,10:16:00,540,8,0,0
78670,10:18:00,10:19:00,238,9,0,0
78670,10:25:00,10:26:00,400,10,0,0
78670,10:35:00,10:36:00,1,11,0,0
78672,12:28:00,12:29:00,408,1,0,0
78672,12:37:00,12:38:00,256,2,0,0
78672,12:42:00,12:43:00,307,3,0,0
78672,12:48:00,12:49:00,433,4,0,0
78672,12:54:00,12:55:00,271,5,0,0
78672,13:01:00,13:02:00,374,6,0,0
78672,13:11:00,13:12:00,362,7,0,0
78672,13:15:00,13:16:00,540,8,0,0
78672,13:18:00,13:19:00,238,9,0,0
78672,13:25:00,13:26:00,400,10,0,0
78672,13:35:00,13:36:00,1,11,0,0
78675,13:58:00,13:59:00,408,1,0,0
78675,14:07:00,14:08:00,256,2,0,0
78675,14:12:00,14:13:00,307,3,0,0
78675,14:18:00,14:19:00,433,4,0,0
78675,14:24:00,14:25:00,271,5,0,0
78675,14:31:00,14:32:00,374,6,0,0
78675,14:41:00,14:42:00,362,7,0,0
78675,14:45:00,14:46:00,540,8,0,0
78675,14:48:00,14:49:00,238,9,0,0
78675,14:55:00,14:56:00,400,10,0,0
78675,15:05:00,15:06:00,1,11,0,0
78676,16:08:00,16:09:00,408,1,0,0
78676,16:17:00,16:18:00,256,2,0,0
78676,16:22:00,16:23:00,307,3,0,0
78676,16:28:00,16:29:00,433,4,0,0
78676,16:34:00,16:35:00,271,5,0,0
78676,16:41:00,16:42:00,374,6,0,0
78676,16:51:00,16:52:00,362,7,0,0
78676,16:55:00,16:56:00,540,8,0,0
78676,16:58:00,16:59:00,238,9,0,0
78676,17:05:00,17:06:00,400,10,0,0
78676,17:15:00,17:16:00,1,11,0,0
78677,17:38:00,17:39:00,408,1,0,0
78677,17:47:00,17:48:00,256,2,0,0
78677,17:52:00,17:53:00,307,3,0,0
78677,17:58:00,17:59:00,433,4,0,0
78677,18:04:00,18:05:00,271,5,0,0
78677,18:11:00,18:12:00,374,6,0,0
78677,18:21:00,18:22:00,362,7,0,0
78677,18:25:00,18:26:00,540,8,0,0
78677,18:28:00,18:29:00,238,9,0,0
78677,18:35:00,18:36:00,400,10,0,0
78677,18:45:00,18:46:00,1,11,0,0
78679,20:07:00,20:08:00,408,1,0,0
78679,20:16:00,20:17:00,256,2,0,0
78679,20:21:00,20:22:00,307,3,0,0
78679,20:27:00,20:28:00,433,4,0,0
78679,20:33:00,20:34:00,271,5,0,0
78679,20:40:00,20:41:00,374,6,0,0
78679,20:50:00,20:51:00,362,7,0,0
78679,20:54:00,20:55:00,540,8,0,0
78679,20:57:00,20:58:00,238,9,0,0
78679,21:04:00,21:05:00,400,10,0,0
78679,21:14:00,21:15:00,1,11,0,0
78680,21:58:00,21:59:00,408,1,0,0
78680,22:07:00,22:08:00,256,2,0,0
78680,22:12:00,22:13:00,307,3,0,0
78680,22:18:00,22:19:00,433,4,0,0
78680,22:24:00,22:25:00,271,5,0,0
78680,22:31:00,22:32:00,374,6,0,0
78680,22:41:00,22:42:00,362,7,0,0
78680,22:45:00,22:46:00,540,8,0,0
78680,22:48:00,22:49:00,238,9,0,0
78680,22:55:00,22:56:00,400,10,0,0
78680,23:05:00,23:06:00,1,11,0,0
78662,05:00:00,05:01:00,432,1,0,0
78662,05:15:00,05:16:00,309,2,0,0
78662,05:22:00,05:23:00,323,3,0,0
78662,05:30:00,05:31:00,233,4,0,0
78662,05:39:00,05:40:00,206,5,0,0
78662,05:45:00,05:46:00,324,6,0,0
78662,05:51:00,05:52:00,297,7,0,0
78662,06:00:00,06:01:00,301,8,0,0
78662,06:10:00,06:11:00,408,9,0,0
78662,06:18:00,06:19:00,256,10,0,0
78662,06:22:00,06:23:00,307,11,0,0
78662,06:28:00,06:29:00,433,12,0,0
78662,06:34:00,06:35:00,271,13,0,0
78662,06:41:00,06:42:00,374,14,0,0
78662,06:51:00,06:52:00,362,15,0,0
78662,06:55:00,06:56:00,540,16,0,0
78662,06:58:00,06:59:00,238,17,0,0
78662,07:05:00,07:06:00,400,18,0,0
78662,07:15:00,07:16:00,1,19,0,0
78663,06:23:00,06:24:00,432,1,0,0
78663,06:38:00,06:39:00,309,2,0,0
78663,06:50:00,06:51:00,233,3,0,0
78663,07:18:00,07:19:00,408,4,0,0
78663,07:57:00,07:58:00,400,5,0,0
78663,08:07:00,08:08:00,1,6,0,0
78671,09:23:00,09:24:00,432,1,0,0
78671,09:38:00,09:39:00,309,2,0,0
78671,09:45:00,09:46:00,323,3,0,0
78671,09:53:00,09:54:00,233,4,0,0
78671,10:02:00,10:03:00,206,5,0,0
78671,10:08:00,10:09:00,324,6,0,0
78671,10:14:00,10:15:00,297,7,0,0
78671,10:23:00,10:24:00,301,8,0,0
78671,10:33:00,10:34:00,408,9,0,0
78671,10:41:00,10:42:00,256,10,0,0
78671,10:45:00,10:46:00,307,11,0,0
78671,10:51:00,10:52:00,433,12,0,0
78671,11:01:00,11:02:00,374,13,0,0
78671,11:11:00,11:12:00,362,14,0,0
78671,11:15:00,11:16:00,540,15,0,0
78671,11:18:00,11:19:00,238,16,0,0
78671,11:25:00,11:26:00,400,17,0,0
78671,11:35:00,11:36:00,1,18,0,0
78128,03:30:00,03:31:00,446,1,0,0
78128,03:37:00,03:38:00,227,2,0,0
78128,03:45:00,03:46:00,333,3,0,0
78128,03:55:00,03:56:00,317,4,0,0
78128,04:05:00,04:06:00,311,5,0,0
78128,04:16:00,04:17:00,236,6,0,0
78128,04:22:00,04:23:00,423,7,0,0
78128,04:35:00,04:36:00,372,8,0,0
78128,04:45:00,04:46:00,379,9,0,0
78128,04:56:00,04:57:00,441,10,0,0
78128,05:07:00,05:08:00,434,11,0,0
78128,05:16:00,05:17:00,418,12,0,0
78128,05:28:00,05:29:00,208,13,0,0
78128,05:37:00,05:38:00,326,14,0,0
78128,05:48:00,05:49:00,279,15,0,0
78128,06:01:00,06:02:00,273,16,0,0
78128,06:16:00,06:17:00,357,17,0,0
78128,06:32:00,06:33:00,267,18,0,0
78128,06:43:00,06:44:00,203,19,0,0
78128,06:53:00,06:54:00,412,20,0,0
78128,07:09:00,07:10:00,298,21,0,0
78128,07:22:00,07:23:00,339,22,0,0
78128,07:35:00,07:36:00,380,23,0,0
78128,07:44:00,07:45:00,421,24,0,0
78128,07:49:00,07:50:00,331,25,0,0
78128,07:58:00,07:59:00,1,26,0,0
78135,13:01:00,13:02:00,446,1,0,0
78135,13:08:00,13:09:00,227,2,0,0
78135,13:16:00,13:17:00,333,3,0,0
78135,13:26:00,13:27:00,317,4,0,0
78135,13:36:00,13:37:00,311,5,0,0
78135,13:47:00,13:48:00,236,6,0,0
78135,13:53:00,13:54:00,423,7,0,0
78135,14:06:00,14:07:00,372,8,0,0
78135,14:16:00,14:17:00,379,9,0,0
78135,14:29:00,14:30:00,441,10,0,0
78135,14:39:00,14:40:00,434,11,0,0
78135,14:49:00,14:50:00,418,12,0,0
78135,15:01:00,15:02:00,208,13,0,0
78135,15:10:00,15:11:00,326,14,0,0
78135,15:20:00,15:21:00,279,15,0,0
78135,15:35:00,15:36:00,273,16,0,0
78135,15:50:00,15:51:00,357,17,0,0
78135,16:06:00,16:07:00,267,18,0,0
78135,16:17:00,16:18:00,203,19,0,0
78135,16:41:00,16:42:00,298,20,0,0
78135,16:54:00,16:55:00,339,21,0,0
78135,17:07:00,17:08:00,380,22,0,0
78135,17:19:00,17:20:00,331,23,0,0
78135,17:28:00,17:29:00,1,24,0,0
78707,05:14:00,05:15:00,460,1,0,0
78707,05:21:00,05:22:00,312,2,0,0
78707,05:38:00,05:39:00,419,3,0,0
78707,05:54:00,05:55:00,432,4,0,0
78707,06:07:00,06:08:00,309,5,0,0
78707,06:19:00,06:20:00,233,6,0,0
78707,06:41:00,06:42:00,301,7,0,0
78707,06:51:00,06:52:00,408,8,0,0
78707,07:01:00,07:02:00,307,9,0,0
78707,07:14:00,07:15:00,374,10,0,0
78707,07:24:00,07:25:00,362,11,0,0
78707,07:35:00,07:36:00,400,12,0,0
78707,07:45:00,07:46:00,1,13,0,0
78708,14:27:00,14:28:00,460,1,0,0
78708,14:34:00,14:35:00,312,2,0,0
78708,14:50:00,14:51:00,419,3,0,0
78708,15:05:00,15:06:00,432,4,0,0
78708,15:17:00,15:18:00,309,5,0,0
78708,15:29:00,15:30:00,233,6,0,0
78708,15:49:00,15:50:00,301,7,0,0
78708,15:58:00,15:59:00,408,8,0,0
78708,16:08:00,16:09:00,307,9,0,0
78708,16:28:00,16:29:00,362,10,0,0
78708,16:37:00,16:38:00,400,11,0,0
78708,16:46:00,16:47:00,1,12,0,0
78712,17:36:00,17:37:00,460,1,0,0
78712,17:43:00,17:44:00,312,2,0,0
78712,18:00:00,18:01:00,419,3,0,0
78712,18:16:00,18:17:00,432,4,0,0
78712,18:29:00,18:30:00,309,5,0,0
78712,18:36:00,18:37:00,323,6,0,0
78712,18:44:00,18:45:00,233,7,0,0
78712,19:06:00,19:07:00,301,8,0,0
78712,19:15:00,19:16:00,408,9,0,0
78712,19:23:00,19:24:00,256,10,0,0
78712,19:28:00,19:29:00,307,11,0,0
78712,19:34:00,19:35:00,433,12,0,0
78712,19:44:00,19:45:00,374,13,0,0
78712,19:54:00,19:55:00,362,14,0,0
78712,19:57:00,19:58:00,540,15,0,0
78712,20:01:00,20:02:00,238,16,0,0
78712,20:07:00,20:08:00,400,17,0,0
78712,20:17:00,20:18:00,1,18,0,0
